-- phpMyAdmin SQL Dump
-- version 4.8.3
-- https://www.phpmyadmin.net/
--
-- Host: localhost:7888
-- Generation Time: Dec 13, 2019 at 10:51 AM
-- Server version: 5.7.24-log
-- PHP Version: 7.2.10

SET SQL_MODE = "NO_AUTO_VALUE_ON_ZERO";
SET AUTOCOMMIT = 0;
START TRANSACTION;
SET time_zone = "+00:00";


/*!40101 SET @OLD_CHARACTER_SET_CLIENT=@@CHARACTER_SET_CLIENT */;
/*!40101 SET @OLD_CHARACTER_SET_RESULTS=@@CHARACTER_SET_RESULTS */;
/*!40101 SET @OLD_COLLATION_CONNECTION=@@COLLATION_CONNECTION */;
/*!40101 SET NAMES utf8mb4 */;

--
-- Database: `vtcs_dev`
--

-- --------------------------------------------------------

--
-- Table structure for table `brands`
--

CREATE TABLE `brands` (
  `id` bigint(20) NOT NULL,
  `name` varchar(60) NOT NULL,
  `created_at` datetime NOT NULL,
  `updated_at` datetime NOT NULL
) ENGINE=InnoDB DEFAULT CHARSET=utf8;

--
-- Dumping data for table `brands`
--

INSERT INTO `brands` (`id`, `name`, `created_at`, `updated_at`) VALUES
(1, 'Adam', '2019-11-18 15:10:03', '2019-11-18 15:10:03');

-- --------------------------------------------------------

--
-- Table structure for table `carts`
--

CREATE TABLE `carts` (
  `id` bigint(20) NOT NULL,
  `user_id` bigint(20) NOT NULL,
  `product_id` bigint(20) NOT NULL,
  `size_id` varchar(10) NOT NULL,
  `quantity` bigint(11) NOT NULL,
  `created_at` datetime NOT NULL,
  `updated_at` datetime NOT NULL
) ENGINE=InnoDB DEFAULT CHARSET=utf8;

-- --------------------------------------------------------

--
-- Table structure for table `categories`
--

CREATE TABLE `categories` (
  `id` bigint(20) NOT NULL,
  `name` varchar(60) NOT NULL,
  `created_at` datetime NOT NULL,
  `updated_at` datetime NOT NULL
) ENGINE=InnoDB DEFAULT CHARSET=utf8;

--
-- Dumping data for table `categories`
--

INSERT INTO `categories` (`id`, `name`, `created_at`, `updated_at`) VALUES
(1, 'VEST', '2019-11-18 15:20:21', '2019-11-18 15:20:21'),
(2, 'SƠ MI', '2019-11-18 15:20:21', '2019-11-18 15:20:21'),
(3, 'CARAVAT', '2019-11-18 15:20:21', '2019-11-18 15:20:21'),
(4, 'NƠ', '2019-11-18 15:20:21', '2019-11-18 15:20:21'),
(5, 'KHĂN CÀI VEST', '2019-11-18 15:20:21', '2019-11-18 15:20:21'),
(6, 'GIÀY DA', '2019-11-18 15:20:21', '2019-11-18 15:20:21'),
(7, 'ÁO DA', '2019-11-18 15:20:21', '2019-11-18 15:20:21'),
(8, 'QUẦN ÂU', '2019-11-18 15:20:21', '2019-11-18 15:20:21');

-- --------------------------------------------------------

--
-- Table structure for table `comments`
--

CREATE TABLE `comments` (
  `id` bigint(20) NOT NULL,
  `user_id` bigint(20) NOT NULL,
  `product_id` bigint(20) NOT NULL,
  `content` varchar(255) NOT NULL,
  `active` varchar(255) NOT NULL,
  `created_at` datetime NOT NULL,
  `updated_at` datetime NOT NULL
) ENGINE=InnoDB DEFAULT CHARSET=utf8;

--
-- Dumping data for table `comments`
--

INSERT INTO `comments` (`id`, `user_id`, `product_id`, `content`, `active`, `created_at`, `updated_at`) VALUES
(1, 17, 4, 'kjshdfkjdfshkjsd', 'Bật', '2019-11-22 16:56:37', '2019-11-22 16:56:37'),
(2, 17, 93, 'ok', 'Bật', '2019-11-22 17:10:38', '2019-12-03 22:45:59'),
(3, 17, 9, 'ok', 'Bật', '2019-11-22 17:10:46', '2019-11-22 17:10:46'),
(4, 17, 1, 'asdasd', 'Bật', '2019-11-22 18:08:58', '2019-11-22 18:08:58'),
(5, 17, 1, 'asljdalksdj', 'Bật', '2019-11-22 18:09:04', '2019-11-22 18:09:04'),
(6, 17, 16, 'sdflksjfklsjf', 'Bật', '2019-11-24 18:27:44', '2019-11-24 18:27:44'),
(7, 17, 16, 'lsdjflsdf', 'Bật', '2019-11-24 18:29:07', '2019-11-24 18:29:07'),
(8, 17, 16, 'aaaaaa', 'Bật', '2019-11-24 19:54:33', '2019-11-24 19:54:33'),
(9, 17, 16, 'sdfsdfsdf', 'Bật', '2019-11-24 20:06:31', '2019-11-24 20:06:31'),
(10, 17, 1, 'ádasdasd', 'Bật', '2019-11-24 20:07:09', '2019-11-24 20:07:09'),
(11, 17, 16, 'sdfsdf', 'Bật', '2019-11-24 20:07:32', '2019-11-24 20:07:32'),
(12, 17, 16, 'sdfsdf', 'Bật', '2019-11-24 20:07:59', '2019-11-24 20:07:59'),
(13, 17, 16, 'lfkjdslkfjslkdf', 'Bật', '2019-11-24 20:08:07', '2019-11-24 20:08:07'),
(14, 17, 16, 'asdasd', 'Bật', '2019-11-24 23:58:44', '2019-11-24 23:58:44'),
(15, 17, 16, 'aaaaaaaaaaaaaaa', 'Bật', '2019-11-24 23:58:53', '2019-11-24 23:58:53'),
(16, 17, 2, 'aaaa', 'Bật', '2019-11-25 02:20:18', '2019-11-25 02:20:18'),
(17, 17, 5, 'ahihi', 'Bật', '2019-11-25 14:15:31', '2019-11-25 14:15:31'),
(18, 17, 31, 'đẹp đấy', 'Bật', '2019-11-27 03:27:53', '2019-11-27 03:27:53'),
(19, 17, 2, 'uuuuuuuuuuuuu', 'Bật', '2019-11-27 03:35:18', '2019-11-27 03:35:18'),
(20, 17, 92, 'kjasdkljaf', 'Bật', '2019-11-27 14:17:16', '2019-12-04 15:36:24'),
(21, 17, 93, 'skdlfjdsklfjlksdjflsdjflksdjlkfjsdfjdslkfjksdjfklsdjfklsfd', 'Bật', '2019-11-27 14:25:01', '2019-12-04 15:27:06'),
(22, 17, 93, 'ksdjfskldjfklsd', 'Bật', '2019-11-27 14:27:54', '2019-12-04 15:27:14');

-- --------------------------------------------------------

--
-- Table structure for table `orders`
--

CREATE TABLE `orders` (
  `id` bigint(20) NOT NULL,
  `user_id` bigint(20) NOT NULL,
  `partner_id` bigint(20) NOT NULL,
  `status` varchar(50) NOT NULL,
  `created_at` datetime NOT NULL,
  `updated_at` datetime NOT NULL
) ENGINE=InnoDB DEFAULT CHARSET=utf8;

--
-- Dumping data for table `orders`
--

INSERT INTO `orders` (`id`, `user_id`, `partner_id`, `status`, `created_at`, `updated_at`) VALUES
(1, 17, 1, 'đã xử lý', '2019-11-22 14:32:03', '2019-11-22 16:20:04'),
(2, 17, 2, 'đã xử lí', '2019-11-22 14:32:03', '2019-11-22 16:20:04'),
(3, 17, 3, 'đang giao', '2019-11-22 14:32:03', '2019-11-22 16:20:04'),
(4, 17, 4, 'đã giao', '2019-11-22 14:32:03', '2019-11-22 16:20:04'),
(5, 17, 1, 'đã hủy', '2019-11-22 14:32:03', '2019-11-22 16:20:04'),
(6, 17, 2, 'Đang xử lý', '2019-12-13 16:39:08', '2019-12-13 16:39:08'),
(7, 17, 3, 'Đang xử lý', '2019-12-13 16:41:04', '2019-12-13 16:41:04'),
(8, 17, 3, 'Đang xử lý', '2019-12-13 16:42:30', '2019-12-13 16:42:30'),
(9, 17, 3, 'Đang xử lý', '2019-12-13 16:51:41', '2019-12-13 16:51:41'),
(10, 17, 3, 'Đang xử lý', '2019-12-13 16:51:41', '2019-12-13 16:51:41'),
(11, 17, 2, 'Đang xử lý', '2019-12-13 16:59:44', '2019-12-13 16:59:44'),
(12, 17, 3, 'Đang xử lý', '2019-12-13 17:01:05', '2019-12-13 17:01:05'),
(13, 17, 2, 'Đang xử lý', '2019-12-13 17:44:53', '2019-12-13 17:44:53');

-- --------------------------------------------------------

--
-- Table structure for table `order_details`
--

CREATE TABLE `order_details` (
  `id` bigint(20) NOT NULL,
  `order_id` bigint(20) NOT NULL,
  `product_id` bigint(20) NOT NULL,
  `price` double NOT NULL,
  `quantity` bigint(20) NOT NULL,
  `created_at` datetime NOT NULL,
  `updated_at` datetime NOT NULL,
  `size_name` varchar(20) NOT NULL
) ENGINE=InnoDB DEFAULT CHARSET=utf8;

--
-- Dumping data for table `order_details`
--

INSERT INTO `order_details` (`id`, `order_id`, `product_id`, `price`, `quantity`, `created_at`, `updated_at`, `size_name`) VALUES
(1, 7, 18, 650000, 1, '2019-12-13 16:41:49', '2019-12-13 16:41:49', 'L'),
(2, 7, 18, 650000, 1, '2019-12-13 16:41:49', '2019-12-13 16:41:49', 'L'),
(3, 7, 18, 650000, 1, '2019-12-13 16:41:49', '2019-12-13 16:41:49', 'L'),
(4, 7, 18, 650000, 1, '2019-12-13 16:41:50', '2019-12-13 16:41:50', 'L'),
(5, 7, 18, 650000, 1, '2019-12-13 16:41:50', '2019-12-13 16:41:50', 'L'),
(6, 7, 18, 650000, 1, '2019-12-13 16:41:50', '2019-12-13 16:41:50', 'L'),
(7, 7, 18, 650000, 1, '2019-12-13 16:41:50', '2019-12-13 16:41:50', 'L'),
(8, 7, 18, 650000, 1, '2019-12-13 16:41:50', '2019-12-13 16:41:50', 'L'),
(9, 7, 18, 650000, 1, '2019-12-13 16:41:50', '2019-12-13 16:41:50', 'L'),
(10, 7, 18, 650000, 1, '2019-12-13 16:41:50', '2019-12-13 16:41:50', 'L'),
(11, 7, 18, 650000, 1, '2019-12-13 16:41:50', '2019-12-13 16:41:50', 'L'),
(12, 7, 18, 650000, 1, '2019-12-13 16:41:50', '2019-12-13 16:41:50', 'L'),
(13, 7, 18, 650000, 1, '2019-12-13 16:41:50', '2019-12-13 16:41:50', 'L'),
(14, 7, 18, 650000, 1, '2019-12-13 16:41:50', '2019-12-13 16:41:50', 'L'),
(15, 7, 18, 650000, 1, '2019-12-13 16:41:50', '2019-12-13 16:41:50', 'L'),
(16, 7, 18, 650000, 1, '2019-12-13 16:41:50', '2019-12-13 16:41:50', 'L'),
(17, 7, 18, 650000, 1, '2019-12-13 16:41:50', '2019-12-13 16:41:50', 'L'),
(18, 7, 18, 650000, 1, '2019-12-13 16:41:50', '2019-12-13 16:41:50', 'L'),
(19, 7, 18, 650000, 1, '2019-12-13 16:41:50', '2019-12-13 16:41:50', 'L'),
(20, 7, 18, 650000, 1, '2019-12-13 16:41:50', '2019-12-13 16:41:50', 'L'),
(21, 7, 18, 650000, 1, '2019-12-13 16:41:50', '2019-12-13 16:41:50', 'L'),
(22, 7, 18, 650000, 1, '2019-12-13 16:41:50', '2019-12-13 16:41:50', 'L'),
(23, 7, 18, 650000, 1, '2019-12-13 16:41:50', '2019-12-13 16:41:50', 'L'),
(24, 7, 18, 650000, 1, '2019-12-13 16:41:50', '2019-12-13 16:41:50', 'L'),
(25, 7, 18, 650000, 1, '2019-12-13 16:41:51', '2019-12-13 16:41:51', 'L'),
(26, 7, 18, 650000, 1, '2019-12-13 16:41:51', '2019-12-13 16:41:51', 'L'),
(27, 7, 18, 650000, 1, '2019-12-13 16:41:51', '2019-12-13 16:41:51', 'L'),
(28, 7, 18, 650000, 1, '2019-12-13 16:41:51', '2019-12-13 16:41:51', 'L'),
(29, 7, 18, 650000, 1, '2019-12-13 16:41:51', '2019-12-13 16:41:51', 'L'),
(30, 7, 18, 650000, 1, '2019-12-13 16:41:51', '2019-12-13 16:41:51', 'L'),
(31, 7, 18, 650000, 1, '2019-12-13 16:41:51', '2019-12-13 16:41:51', 'L'),
(32, 7, 18, 650000, 1, '2019-12-13 16:41:51', '2019-12-13 16:41:51', 'L'),
(33, 7, 18, 650000, 1, '2019-12-13 16:41:51', '2019-12-13 16:41:51', 'L'),
(34, 7, 18, 650000, 1, '2019-12-13 16:41:51', '2019-12-13 16:41:51', 'L'),
(35, 7, 18, 650000, 1, '2019-12-13 16:41:51', '2019-12-13 16:41:51', 'L'),
(36, 7, 18, 650000, 1, '2019-12-13 16:41:51', '2019-12-13 16:41:51', 'L'),
(37, 7, 18, 650000, 1, '2019-12-13 16:41:51', '2019-12-13 16:41:51', 'L'),
(38, 7, 18, 650000, 1, '2019-12-13 16:41:51', '2019-12-13 16:41:51', 'L'),
(39, 7, 18, 650000, 1, '2019-12-13 16:41:51', '2019-12-13 16:41:51', 'L'),
(40, 7, 18, 650000, 1, '2019-12-13 16:41:51', '2019-12-13 16:41:51', 'L'),
(41, 7, 18, 650000, 1, '2019-12-13 16:41:51', '2019-12-13 16:41:51', 'L'),
(42, 7, 18, 650000, 1, '2019-12-13 16:41:51', '2019-12-13 16:41:51', 'L'),
(43, 7, 18, 650000, 1, '2019-12-13 16:41:51', '2019-12-13 16:41:51', 'L'),
(44, 7, 18, 650000, 1, '2019-12-13 16:41:51', '2019-12-13 16:41:51', 'L'),
(45, 7, 18, 650000, 1, '2019-12-13 16:41:51', '2019-12-13 16:41:51', 'L'),
(46, 7, 18, 650000, 1, '2019-12-13 16:41:51', '2019-12-13 16:41:51', 'L'),
(47, 7, 18, 650000, 1, '2019-12-13 16:41:51', '2019-12-13 16:41:51', 'L'),
(48, 7, 18, 650000, 1, '2019-12-13 16:41:52', '2019-12-13 16:41:52', 'L'),
(49, 7, 18, 650000, 1, '2019-12-13 16:41:52', '2019-12-13 16:41:52', 'L'),
(50, 7, 18, 650000, 1, '2019-12-13 16:41:52', '2019-12-13 16:41:52', 'L'),
(51, 7, 18, 650000, 1, '2019-12-13 16:41:52', '2019-12-13 16:41:52', 'L'),
(52, 7, 18, 650000, 1, '2019-12-13 16:41:52', '2019-12-13 16:41:52', 'L'),
(53, 7, 18, 650000, 1, '2019-12-13 16:41:52', '2019-12-13 16:41:52', 'L'),
(54, 7, 18, 650000, 1, '2019-12-13 16:41:52', '2019-12-13 16:41:52', 'L'),
(55, 7, 18, 650000, 1, '2019-12-13 16:41:52', '2019-12-13 16:41:52', 'L'),
(56, 7, 18, 650000, 1, '2019-12-13 16:41:52', '2019-12-13 16:41:52', 'L'),
(57, 7, 18, 650000, 1, '2019-12-13 16:41:52', '2019-12-13 16:41:52', 'L'),
(58, 7, 18, 650000, 1, '2019-12-13 16:41:52', '2019-12-13 16:41:52', 'L'),
(59, 7, 18, 650000, 1, '2019-12-13 16:41:52', '2019-12-13 16:41:52', 'L'),
(60, 7, 18, 650000, 1, '2019-12-13 16:41:52', '2019-12-13 16:41:52', 'L'),
(61, 7, 18, 650000, 1, '2019-12-13 16:41:52', '2019-12-13 16:41:52', 'L'),
(62, 7, 18, 650000, 1, '2019-12-13 16:41:52', '2019-12-13 16:41:52', 'L'),
(63, 7, 18, 650000, 1, '2019-12-13 16:41:52', '2019-12-13 16:41:52', 'L'),
(64, 7, 18, 650000, 1, '2019-12-13 16:41:52', '2019-12-13 16:41:52', 'L'),
(65, 7, 18, 650000, 1, '2019-12-13 16:41:52', '2019-12-13 16:41:52', 'L'),
(66, 7, 18, 650000, 1, '2019-12-13 16:41:52', '2019-12-13 16:41:52', 'L'),
(67, 7, 18, 650000, 1, '2019-12-13 16:41:53', '2019-12-13 16:41:53', 'L'),
(68, 7, 18, 650000, 1, '2019-12-13 16:41:53', '2019-12-13 16:41:53', 'L'),
(69, 7, 18, 650000, 1, '2019-12-13 16:41:53', '2019-12-13 16:41:53', 'L'),
(70, 7, 18, 650000, 1, '2019-12-13 16:41:53', '2019-12-13 16:41:53', 'L'),
(71, 7, 18, 650000, 1, '2019-12-13 16:41:53', '2019-12-13 16:41:53', 'L'),
(72, 7, 18, 650000, 1, '2019-12-13 16:41:53', '2019-12-13 16:41:53', 'L'),
(73, 7, 18, 650000, 1, '2019-12-13 16:41:53', '2019-12-13 16:41:53', 'L'),
(74, 7, 18, 650000, 1, '2019-12-13 16:41:53', '2019-12-13 16:41:53', 'L'),
(75, 7, 18, 650000, 1, '2019-12-13 16:41:53', '2019-12-13 16:41:53', 'L'),
(76, 7, 18, 650000, 1, '2019-12-13 16:41:53', '2019-12-13 16:41:53', 'L'),
(77, 7, 18, 650000, 1, '2019-12-13 16:41:53', '2019-12-13 16:41:53', 'L'),
(78, 7, 18, 650000, 1, '2019-12-13 16:41:53', '2019-12-13 16:41:53', 'L'),
(79, 7, 18, 650000, 1, '2019-12-13 16:41:53', '2019-12-13 16:41:53', 'L'),
(80, 7, 18, 650000, 1, '2019-12-13 16:41:53', '2019-12-13 16:41:53', 'L'),
(81, 7, 18, 650000, 1, '2019-12-13 16:41:53', '2019-12-13 16:41:53', 'L'),
(82, 7, 18, 650000, 1, '2019-12-13 16:41:53', '2019-12-13 16:41:53', 'L'),
(83, 7, 18, 650000, 1, '2019-12-13 16:41:53', '2019-12-13 16:41:53', 'L'),
(84, 7, 18, 650000, 1, '2019-12-13 16:41:53', '2019-12-13 16:41:53', 'L'),
(85, 7, 18, 650000, 1, '2019-12-13 16:41:53', '2019-12-13 16:41:53', 'L'),
(86, 7, 18, 650000, 1, '2019-12-13 16:41:53', '2019-12-13 16:41:53', 'L'),
(87, 7, 18, 650000, 1, '2019-12-13 16:41:53', '2019-12-13 16:41:53', 'L'),
(88, 7, 18, 650000, 1, '2019-12-13 16:41:54', '2019-12-13 16:41:54', 'L'),
(89, 7, 18, 650000, 1, '2019-12-13 16:41:54', '2019-12-13 16:41:54', 'L'),
(90, 7, 18, 650000, 1, '2019-12-13 16:41:54', '2019-12-13 16:41:54', 'L'),
(91, 7, 18, 650000, 1, '2019-12-13 16:41:54', '2019-12-13 16:41:54', 'L'),
(92, 7, 18, 650000, 1, '2019-12-13 16:41:54', '2019-12-13 16:41:54', 'L'),
(93, 7, 18, 650000, 1, '2019-12-13 16:41:54', '2019-12-13 16:41:54', 'L'),
(94, 7, 18, 650000, 1, '2019-12-13 16:41:54', '2019-12-13 16:41:54', 'L'),
(95, 7, 18, 650000, 1, '2019-12-13 16:41:54', '2019-12-13 16:41:54', 'L'),
(96, 7, 18, 650000, 1, '2019-12-13 16:41:54', '2019-12-13 16:41:54', 'L'),
(97, 7, 18, 650000, 1, '2019-12-13 16:41:54', '2019-12-13 16:41:54', 'L'),
(98, 7, 18, 650000, 1, '2019-12-13 16:41:54', '2019-12-13 16:41:54', 'L'),
(99, 7, 18, 650000, 1, '2019-12-13 16:41:54', '2019-12-13 16:41:54', 'L'),
(100, 7, 18, 650000, 1, '2019-12-13 16:41:54', '2019-12-13 16:41:54', 'L'),
(101, 7, 18, 650000, 1, '2019-12-13 16:41:54', '2019-12-13 16:41:54', 'L'),
(102, 7, 18, 650000, 1, '2019-12-13 16:41:54', '2019-12-13 16:41:54', 'L'),
(103, 7, 18, 650000, 1, '2019-12-13 16:41:54', '2019-12-13 16:41:54', 'L'),
(104, 7, 18, 650000, 1, '2019-12-13 16:41:54', '2019-12-13 16:41:54', 'L'),
(105, 7, 18, 650000, 1, '2019-12-13 16:41:54', '2019-12-13 16:41:54', 'L'),
(106, 7, 18, 650000, 1, '2019-12-13 16:41:54', '2019-12-13 16:41:54', 'L'),
(107, 7, 18, 650000, 1, '2019-12-13 16:41:54', '2019-12-13 16:41:54', 'L'),
(108, 7, 18, 650000, 1, '2019-12-13 16:41:55', '2019-12-13 16:41:55', 'L'),
(109, 7, 18, 650000, 1, '2019-12-13 16:41:55', '2019-12-13 16:41:55', 'L'),
(110, 7, 18, 650000, 1, '2019-12-13 16:41:55', '2019-12-13 16:41:55', 'L'),
(111, 7, 18, 650000, 1, '2019-12-13 16:41:55', '2019-12-13 16:41:55', 'L'),
(112, 7, 18, 650000, 1, '2019-12-13 16:41:55', '2019-12-13 16:41:55', 'L'),
(113, 7, 18, 650000, 1, '2019-12-13 16:41:55', '2019-12-13 16:41:55', 'L'),
(114, 7, 18, 650000, 1, '2019-12-13 16:41:55', '2019-12-13 16:41:55', 'L'),
(115, 7, 18, 650000, 1, '2019-12-13 16:41:55', '2019-12-13 16:41:55', 'L'),
(116, 7, 18, 650000, 1, '2019-12-13 16:41:55', '2019-12-13 16:41:55', 'L'),
(117, 7, 18, 650000, 1, '2019-12-13 16:41:55', '2019-12-13 16:41:55', 'L'),
(118, 7, 18, 650000, 1, '2019-12-13 16:41:55', '2019-12-13 16:41:55', 'L'),
(119, 7, 18, 650000, 1, '2019-12-13 16:41:55', '2019-12-13 16:41:55', 'L'),
(120, 7, 18, 650000, 1, '2019-12-13 16:41:55', '2019-12-13 16:41:55', 'L'),
(121, 7, 18, 650000, 1, '2019-12-13 16:41:55', '2019-12-13 16:41:55', 'L'),
(122, 7, 18, 650000, 1, '2019-12-13 16:41:55', '2019-12-13 16:41:55', 'L'),
(123, 7, 18, 650000, 1, '2019-12-13 16:41:55', '2019-12-13 16:41:55', 'L'),
(124, 7, 18, 650000, 1, '2019-12-13 16:41:55', '2019-12-13 16:41:55', 'L'),
(125, 7, 18, 650000, 1, '2019-12-13 16:41:55', '2019-12-13 16:41:55', 'L'),
(126, 7, 18, 650000, 1, '2019-12-13 16:41:55', '2019-12-13 16:41:55', 'L'),
(127, 7, 18, 650000, 1, '2019-12-13 16:41:55', '2019-12-13 16:41:55', 'L'),
(128, 7, 18, 650000, 1, '2019-12-13 16:41:56', '2019-12-13 16:41:56', 'L'),
(129, 7, 18, 650000, 1, '2019-12-13 16:41:56', '2019-12-13 16:41:56', 'L'),
(130, 7, 18, 650000, 1, '2019-12-13 16:41:56', '2019-12-13 16:41:56', 'L'),
(131, 7, 18, 650000, 1, '2019-12-13 16:41:56', '2019-12-13 16:41:56', 'L'),
(132, 7, 18, 650000, 1, '2019-12-13 16:41:56', '2019-12-13 16:41:56', 'L'),
(133, 7, 18, 650000, 1, '2019-12-13 16:41:56', '2019-12-13 16:41:56', 'L'),
(134, 7, 18, 650000, 1, '2019-12-13 16:41:56', '2019-12-13 16:41:56', 'L'),
(135, 7, 18, 650000, 1, '2019-12-13 16:41:56', '2019-12-13 16:41:56', 'L'),
(136, 7, 18, 650000, 1, '2019-12-13 16:41:56', '2019-12-13 16:41:56', 'L'),
(137, 7, 18, 650000, 1, '2019-12-13 16:41:56', '2019-12-13 16:41:56', 'L'),
(138, 7, 18, 650000, 1, '2019-12-13 16:41:56', '2019-12-13 16:41:56', 'L'),
(139, 7, 18, 650000, 1, '2019-12-13 16:41:56', '2019-12-13 16:41:56', 'L'),
(140, 7, 18, 650000, 1, '2019-12-13 16:41:56', '2019-12-13 16:41:56', 'L'),
(141, 7, 18, 650000, 1, '2019-12-13 16:41:56', '2019-12-13 16:41:56', 'L'),
(142, 7, 18, 650000, 1, '2019-12-13 16:41:56', '2019-12-13 16:41:56', 'L'),
(143, 7, 18, 650000, 1, '2019-12-13 16:41:56', '2019-12-13 16:41:56', 'L'),
(144, 7, 18, 650000, 1, '2019-12-13 16:41:56', '2019-12-13 16:41:56', 'L'),
(145, 7, 18, 650000, 1, '2019-12-13 16:41:56', '2019-12-13 16:41:56', 'L'),
(146, 7, 18, 650000, 1, '2019-12-13 16:41:56', '2019-12-13 16:41:56', 'L'),
(147, 7, 18, 650000, 1, '2019-12-13 16:41:56', '2019-12-13 16:41:56', 'L'),
(148, 7, 18, 650000, 1, '2019-12-13 16:41:57', '2019-12-13 16:41:57', 'L'),
(149, 7, 18, 650000, 1, '2019-12-13 16:41:57', '2019-12-13 16:41:57', 'L'),
(150, 7, 18, 650000, 1, '2019-12-13 16:41:57', '2019-12-13 16:41:57', 'L'),
(151, 7, 18, 650000, 1, '2019-12-13 16:41:57', '2019-12-13 16:41:57', 'L'),
(152, 7, 18, 650000, 1, '2019-12-13 16:41:57', '2019-12-13 16:41:57', 'L'),
(153, 7, 18, 650000, 1, '2019-12-13 16:41:57', '2019-12-13 16:41:57', 'L'),
(154, 7, 18, 650000, 1, '2019-12-13 16:41:57', '2019-12-13 16:41:57', 'L'),
(155, 7, 18, 650000, 1, '2019-12-13 16:41:57', '2019-12-13 16:41:57', 'L'),
(156, 7, 18, 650000, 1, '2019-12-13 16:41:57', '2019-12-13 16:41:57', 'L'),
(157, 7, 18, 650000, 1, '2019-12-13 16:41:57', '2019-12-13 16:41:57', 'L'),
(158, 7, 18, 650000, 1, '2019-12-13 16:41:57', '2019-12-13 16:41:57', 'L'),
(159, 7, 18, 650000, 1, '2019-12-13 16:41:57', '2019-12-13 16:41:57', 'L'),
(160, 7, 18, 650000, 1, '2019-12-13 16:41:57', '2019-12-13 16:41:57', 'L'),
(161, 7, 18, 650000, 1, '2019-12-13 16:41:57', '2019-12-13 16:41:57', 'L'),
(162, 7, 18, 650000, 1, '2019-12-13 16:41:57', '2019-12-13 16:41:57', 'L'),
(163, 7, 18, 650000, 1, '2019-12-13 16:41:57', '2019-12-13 16:41:57', 'L'),
(164, 7, 18, 650000, 1, '2019-12-13 16:41:57', '2019-12-13 16:41:57', 'L'),
(165, 7, 18, 650000, 1, '2019-12-13 16:41:57', '2019-12-13 16:41:57', 'L'),
(166, 7, 18, 650000, 1, '2019-12-13 16:41:57', '2019-12-13 16:41:57', 'L'),
(167, 7, 18, 650000, 1, '2019-12-13 16:41:58', '2019-12-13 16:41:58', 'L'),
(168, 7, 18, 650000, 1, '2019-12-13 16:41:58', '2019-12-13 16:41:58', 'L'),
(169, 7, 18, 650000, 1, '2019-12-13 16:41:58', '2019-12-13 16:41:58', 'L'),
(170, 7, 18, 650000, 1, '2019-12-13 16:41:58', '2019-12-13 16:41:58', 'L'),
(171, 7, 18, 650000, 1, '2019-12-13 16:41:58', '2019-12-13 16:41:58', 'L'),
(172, 7, 18, 650000, 1, '2019-12-13 16:41:58', '2019-12-13 16:41:58', 'L'),
(173, 7, 18, 650000, 1, '2019-12-13 16:41:58', '2019-12-13 16:41:58', 'L'),
(174, 7, 18, 650000, 1, '2019-12-13 16:41:58', '2019-12-13 16:41:58', 'L'),
(175, 7, 18, 650000, 1, '2019-12-13 16:41:58', '2019-12-13 16:41:58', 'L'),
(176, 7, 18, 650000, 1, '2019-12-13 16:41:58', '2019-12-13 16:41:58', 'L'),
(177, 7, 18, 650000, 1, '2019-12-13 16:41:58', '2019-12-13 16:41:58', 'L'),
(178, 7, 18, 650000, 1, '2019-12-13 16:41:58', '2019-12-13 16:41:58', 'L'),
(179, 7, 18, 650000, 1, '2019-12-13 16:41:58', '2019-12-13 16:41:58', 'L'),
(180, 7, 18, 650000, 1, '2019-12-13 16:41:58', '2019-12-13 16:41:58', 'L'),
(181, 7, 18, 650000, 1, '2019-12-13 16:41:58', '2019-12-13 16:41:58', 'L'),
(182, 7, 18, 650000, 1, '2019-12-13 16:41:58', '2019-12-13 16:41:58', 'L'),
(183, 7, 18, 650000, 1, '2019-12-13 16:41:58', '2019-12-13 16:41:58', 'L'),
(184, 7, 18, 650000, 1, '2019-12-13 16:41:58', '2019-12-13 16:41:58', 'L'),
(185, 7, 18, 650000, 1, '2019-12-13 16:41:58', '2019-12-13 16:41:58', 'L'),
(186, 7, 18, 650000, 1, '2019-12-13 16:41:58', '2019-12-13 16:41:58', 'L'),
(187, 7, 18, 650000, 1, '2019-12-13 16:41:59', '2019-12-13 16:41:59', 'L'),
(188, 7, 18, 650000, 1, '2019-12-13 16:41:59', '2019-12-13 16:41:59', 'L'),
(189, 7, 18, 650000, 1, '2019-12-13 16:41:59', '2019-12-13 16:41:59', 'L'),
(190, 7, 18, 650000, 1, '2019-12-13 16:41:59', '2019-12-13 16:41:59', 'L'),
(191, 7, 18, 650000, 1, '2019-12-13 16:41:59', '2019-12-13 16:41:59', 'L'),
(192, 7, 18, 650000, 1, '2019-12-13 16:41:59', '2019-12-13 16:41:59', 'L'),
(193, 7, 18, 650000, 1, '2019-12-13 16:41:59', '2019-12-13 16:41:59', 'L'),
(194, 7, 18, 650000, 1, '2019-12-13 16:41:59', '2019-12-13 16:41:59', 'L'),
(195, 7, 18, 650000, 1, '2019-12-13 16:41:59', '2019-12-13 16:41:59', 'L'),
(196, 7, 18, 650000, 1, '2019-12-13 16:41:59', '2019-12-13 16:41:59', 'L'),
(197, 7, 18, 650000, 1, '2019-12-13 16:41:59', '2019-12-13 16:41:59', 'L'),
(198, 7, 18, 650000, 1, '2019-12-13 16:41:59', '2019-12-13 16:41:59', 'L'),
(199, 7, 18, 650000, 1, '2019-12-13 16:41:59', '2019-12-13 16:41:59', 'L'),
(200, 7, 18, 650000, 1, '2019-12-13 16:41:59', '2019-12-13 16:41:59', 'L'),
(201, 7, 18, 650000, 1, '2019-12-13 16:41:59', '2019-12-13 16:41:59', 'L'),
(202, 7, 18, 650000, 1, '2019-12-13 16:41:59', '2019-12-13 16:41:59', 'L'),
(203, 7, 18, 650000, 1, '2019-12-13 16:41:59', '2019-12-13 16:41:59', 'L'),
(204, 7, 18, 650000, 1, '2019-12-13 16:41:59', '2019-12-13 16:41:59', 'L'),
(205, 7, 18, 650000, 1, '2019-12-13 16:41:59', '2019-12-13 16:41:59', 'L'),
(206, 7, 18, 650000, 1, '2019-12-13 16:41:59', '2019-12-13 16:41:59', 'L'),
(207, 7, 18, 650000, 1, '2019-12-13 16:41:59', '2019-12-13 16:41:59', 'L'),
(208, 7, 18, 650000, 1, '2019-12-13 16:42:00', '2019-12-13 16:42:00', 'L'),
(209, 7, 18, 650000, 1, '2019-12-13 16:42:00', '2019-12-13 16:42:00', 'L'),
(210, 7, 18, 650000, 1, '2019-12-13 16:42:00', '2019-12-13 16:42:00', 'L'),
(211, 7, 18, 650000, 1, '2019-12-13 16:42:00', '2019-12-13 16:42:00', 'L'),
(212, 7, 18, 650000, 1, '2019-12-13 16:42:00', '2019-12-13 16:42:00', 'L'),
(213, 7, 18, 650000, 1, '2019-12-13 16:42:00', '2019-12-13 16:42:00', 'L'),
(214, 7, 18, 650000, 1, '2019-12-13 16:42:00', '2019-12-13 16:42:00', 'L'),
(215, 7, 18, 650000, 1, '2019-12-13 16:42:00', '2019-12-13 16:42:00', 'L'),
(216, 7, 18, 650000, 1, '2019-12-13 16:42:00', '2019-12-13 16:42:00', 'L'),
(217, 7, 18, 650000, 1, '2019-12-13 16:42:00', '2019-12-13 16:42:00', 'L'),
(218, 7, 18, 650000, 1, '2019-12-13 16:42:00', '2019-12-13 16:42:00', 'L'),
(219, 7, 18, 650000, 1, '2019-12-13 16:42:00', '2019-12-13 16:42:00', 'L'),
(220, 7, 18, 650000, 1, '2019-12-13 16:42:00', '2019-12-13 16:42:00', 'L'),
(221, 7, 18, 650000, 1, '2019-12-13 16:42:00', '2019-12-13 16:42:00', 'L'),
(222, 7, 18, 650000, 1, '2019-12-13 16:42:00', '2019-12-13 16:42:00', 'L'),
(223, 7, 18, 650000, 1, '2019-12-13 16:42:00', '2019-12-13 16:42:00', 'L'),
(224, 7, 18, 650000, 1, '2019-12-13 16:42:00', '2019-12-13 16:42:00', 'L'),
(225, 7, 18, 650000, 1, '2019-12-13 16:42:01', '2019-12-13 16:42:01', 'L'),
(226, 7, 18, 650000, 1, '2019-12-13 16:42:01', '2019-12-13 16:42:01', 'L'),
(227, 7, 18, 650000, 1, '2019-12-13 16:42:01', '2019-12-13 16:42:01', 'L'),
(228, 7, 18, 650000, 1, '2019-12-13 16:42:01', '2019-12-13 16:42:01', 'L'),
(229, 7, 18, 650000, 1, '2019-12-13 16:42:01', '2019-12-13 16:42:01', 'L'),
(230, 7, 18, 650000, 1, '2019-12-13 16:42:01', '2019-12-13 16:42:01', 'L'),
(231, 7, 18, 650000, 1, '2019-12-13 16:42:01', '2019-12-13 16:42:01', 'L'),
(232, 7, 18, 650000, 1, '2019-12-13 16:42:01', '2019-12-13 16:42:01', 'L'),
(233, 7, 18, 650000, 1, '2019-12-13 16:42:01', '2019-12-13 16:42:01', 'L'),
(234, 7, 18, 650000, 1, '2019-12-13 16:42:01', '2019-12-13 16:42:01', 'L'),
(235, 7, 18, 650000, 1, '2019-12-13 16:42:01', '2019-12-13 16:42:01', 'L'),
(236, 7, 18, 650000, 1, '2019-12-13 16:42:01', '2019-12-13 16:42:01', 'L'),
(237, 7, 18, 650000, 1, '2019-12-13 16:42:01', '2019-12-13 16:42:01', 'L'),
(238, 7, 18, 650000, 1, '2019-12-13 16:42:01', '2019-12-13 16:42:01', 'L'),
(239, 7, 18, 650000, 1, '2019-12-13 16:42:01', '2019-12-13 16:42:01', 'L'),
(240, 7, 18, 650000, 1, '2019-12-13 16:42:01', '2019-12-13 16:42:01', 'L'),
(241, 7, 18, 650000, 1, '2019-12-13 16:42:01', '2019-12-13 16:42:01', 'L'),
(242, 7, 18, 650000, 1, '2019-12-13 16:42:01', '2019-12-13 16:42:01', 'L'),
(243, 7, 18, 650000, 1, '2019-12-13 16:42:01', '2019-12-13 16:42:01', 'L'),
(244, 7, 18, 650000, 1, '2019-12-13 16:42:01', '2019-12-13 16:42:01', 'L'),
(245, 7, 18, 650000, 1, '2019-12-13 16:42:01', '2019-12-13 16:42:01', 'L'),
(246, 7, 18, 650000, 1, '2019-12-13 16:42:01', '2019-12-13 16:42:01', 'L'),
(247, 7, 18, 650000, 1, '2019-12-13 16:42:01', '2019-12-13 16:42:01', 'L'),
(248, 7, 18, 650000, 1, '2019-12-13 16:42:02', '2019-12-13 16:42:02', 'L'),
(249, 7, 18, 650000, 1, '2019-12-13 16:42:02', '2019-12-13 16:42:02', 'L'),
(250, 7, 18, 650000, 1, '2019-12-13 16:42:02', '2019-12-13 16:42:02', 'L'),
(251, 7, 18, 650000, 1, '2019-12-13 16:42:02', '2019-12-13 16:42:02', 'L'),
(252, 7, 18, 650000, 1, '2019-12-13 16:42:02', '2019-12-13 16:42:02', 'L'),
(253, 7, 18, 650000, 1, '2019-12-13 16:42:02', '2019-12-13 16:42:02', 'L'),
(254, 7, 18, 650000, 1, '2019-12-13 16:42:02', '2019-12-13 16:42:02', 'L'),
(255, 7, 18, 650000, 1, '2019-12-13 16:42:02', '2019-12-13 16:42:02', 'L'),
(256, 7, 18, 650000, 1, '2019-12-13 16:42:02', '2019-12-13 16:42:02', 'L'),
(257, 7, 18, 650000, 1, '2019-12-13 16:42:02', '2019-12-13 16:42:02', 'L'),
(258, 7, 18, 650000, 1, '2019-12-13 16:42:02', '2019-12-13 16:42:02', 'L'),
(259, 7, 18, 650000, 1, '2019-12-13 16:42:02', '2019-12-13 16:42:02', 'L'),
(260, 7, 18, 650000, 1, '2019-12-13 16:42:02', '2019-12-13 16:42:02', 'L'),
(261, 7, 18, 650000, 1, '2019-12-13 16:42:02', '2019-12-13 16:42:02', 'L'),
(262, 7, 18, 650000, 1, '2019-12-13 16:42:02', '2019-12-13 16:42:02', 'L'),
(263, 7, 18, 650000, 1, '2019-12-13 16:42:02', '2019-12-13 16:42:02', 'L'),
(264, 7, 18, 650000, 1, '2019-12-13 16:42:02', '2019-12-13 16:42:02', 'L'),
(265, 7, 18, 650000, 1, '2019-12-13 16:42:02', '2019-12-13 16:42:02', 'L'),
(266, 7, 18, 650000, 1, '2019-12-13 16:42:02', '2019-12-13 16:42:02', 'L'),
(267, 7, 18, 650000, 1, '2019-12-13 16:42:02', '2019-12-13 16:42:02', 'L'),
(268, 7, 18, 650000, 1, '2019-12-13 16:42:02', '2019-12-13 16:42:02', 'L'),
(269, 7, 18, 650000, 1, '2019-12-13 16:42:02', '2019-12-13 16:42:02', 'L'),
(270, 7, 18, 650000, 1, '2019-12-13 16:42:02', '2019-12-13 16:42:02', 'L'),
(271, 7, 18, 650000, 1, '2019-12-13 16:42:03', '2019-12-13 16:42:03', 'L'),
(272, 7, 18, 650000, 1, '2019-12-13 16:42:03', '2019-12-13 16:42:03', 'L'),
(273, 7, 18, 650000, 1, '2019-12-13 16:42:03', '2019-12-13 16:42:03', 'L'),
(274, 7, 18, 650000, 1, '2019-12-13 16:42:03', '2019-12-13 16:42:03', 'L'),
(275, 7, 18, 650000, 1, '2019-12-13 16:42:03', '2019-12-13 16:42:03', 'L'),
(276, 7, 18, 650000, 1, '2019-12-13 16:42:03', '2019-12-13 16:42:03', 'L'),
(277, 7, 18, 650000, 1, '2019-12-13 16:42:03', '2019-12-13 16:42:03', 'L'),
(278, 7, 18, 650000, 1, '2019-12-13 16:42:03', '2019-12-13 16:42:03', 'L'),
(279, 7, 18, 650000, 1, '2019-12-13 16:42:03', '2019-12-13 16:42:03', 'L'),
(280, 7, 18, 650000, 1, '2019-12-13 16:42:03', '2019-12-13 16:42:03', 'L'),
(281, 7, 18, 650000, 1, '2019-12-13 16:42:03', '2019-12-13 16:42:03', 'L'),
(282, 7, 18, 650000, 1, '2019-12-13 16:42:03', '2019-12-13 16:42:03', 'L'),
(283, 7, 18, 650000, 1, '2019-12-13 16:42:03', '2019-12-13 16:42:03', 'L'),
(284, 7, 18, 650000, 1, '2019-12-13 16:42:03', '2019-12-13 16:42:03', 'L'),
(285, 7, 18, 650000, 1, '2019-12-13 16:42:03', '2019-12-13 16:42:03', 'L'),
(286, 7, 18, 650000, 1, '2019-12-13 16:42:03', '2019-12-13 16:42:03', 'L'),
(287, 7, 18, 650000, 1, '2019-12-13 16:42:03', '2019-12-13 16:42:03', 'L'),
(288, 7, 18, 650000, 1, '2019-12-13 16:42:03', '2019-12-13 16:42:03', 'L'),
(289, 7, 18, 650000, 1, '2019-12-13 16:42:03', '2019-12-13 16:42:03', 'L'),
(290, 7, 18, 650000, 1, '2019-12-13 16:42:03', '2019-12-13 16:42:03', 'L'),
(291, 7, 18, 650000, 1, '2019-12-13 16:42:03', '2019-12-13 16:42:03', 'L'),
(292, 7, 18, 650000, 1, '2019-12-13 16:42:03', '2019-12-13 16:42:03', 'L'),
(293, 7, 18, 650000, 1, '2019-12-13 16:42:04', '2019-12-13 16:42:04', 'L'),
(294, 7, 18, 650000, 1, '2019-12-13 16:42:04', '2019-12-13 16:42:04', 'L'),
(295, 7, 18, 650000, 1, '2019-12-13 16:42:04', '2019-12-13 16:42:04', 'L'),
(296, 7, 18, 650000, 1, '2019-12-13 16:42:04', '2019-12-13 16:42:04', 'L'),
(297, 7, 18, 650000, 1, '2019-12-13 16:42:04', '2019-12-13 16:42:04', 'L'),
(298, 7, 18, 650000, 1, '2019-12-13 16:42:04', '2019-12-13 16:42:04', 'L'),
(299, 7, 18, 650000, 1, '2019-12-13 16:42:04', '2019-12-13 16:42:04', 'L'),
(300, 7, 18, 650000, 1, '2019-12-13 16:42:04', '2019-12-13 16:42:04', 'L'),
(301, 7, 18, 650000, 1, '2019-12-13 16:42:04', '2019-12-13 16:42:04', 'L'),
(302, 7, 18, 650000, 1, '2019-12-13 16:42:04', '2019-12-13 16:42:04', 'L'),
(303, 7, 18, 650000, 1, '2019-12-13 16:42:04', '2019-12-13 16:42:04', 'L'),
(304, 7, 18, 650000, 1, '2019-12-13 16:42:04', '2019-12-13 16:42:04', 'L'),
(305, 7, 18, 650000, 1, '2019-12-13 16:42:04', '2019-12-13 16:42:04', 'L'),
(306, 7, 18, 650000, 1, '2019-12-13 16:42:04', '2019-12-13 16:42:04', 'L'),
(307, 7, 18, 650000, 1, '2019-12-13 16:42:04', '2019-12-13 16:42:04', 'L'),
(308, 7, 18, 650000, 1, '2019-12-13 16:42:04', '2019-12-13 16:42:04', 'L'),
(309, 7, 18, 650000, 1, '2019-12-13 16:42:04', '2019-12-13 16:42:04', 'L'),
(310, 7, 18, 650000, 1, '2019-12-13 16:42:04', '2019-12-13 16:42:04', 'L'),
(311, 7, 18, 650000, 1, '2019-12-13 16:42:04', '2019-12-13 16:42:04', 'L'),
(312, 7, 18, 650000, 1, '2019-12-13 16:42:04', '2019-12-13 16:42:04', 'L'),
(313, 7, 18, 650000, 1, '2019-12-13 16:42:04', '2019-12-13 16:42:04', 'L'),
(314, 7, 18, 650000, 1, '2019-12-13 16:42:04', '2019-12-13 16:42:04', 'L'),
(315, 7, 18, 650000, 1, '2019-12-13 16:42:04', '2019-12-13 16:42:04', 'L'),
(316, 7, 18, 650000, 1, '2019-12-13 16:42:05', '2019-12-13 16:42:05', 'L'),
(317, 7, 18, 650000, 1, '2019-12-13 16:42:05', '2019-12-13 16:42:05', 'L'),
(318, 7, 18, 650000, 1, '2019-12-13 16:42:05', '2019-12-13 16:42:05', 'L'),
(319, 7, 18, 650000, 1, '2019-12-13 16:42:05', '2019-12-13 16:42:05', 'L'),
(320, 7, 18, 650000, 1, '2019-12-13 16:42:05', '2019-12-13 16:42:05', 'L'),
(321, 7, 18, 650000, 1, '2019-12-13 16:42:05', '2019-12-13 16:42:05', 'L'),
(322, 7, 18, 650000, 1, '2019-12-13 16:42:05', '2019-12-13 16:42:05', 'L'),
(323, 7, 18, 650000, 1, '2019-12-13 16:42:05', '2019-12-13 16:42:05', 'L'),
(324, 7, 18, 650000, 1, '2019-12-13 16:42:05', '2019-12-13 16:42:05', 'L'),
(325, 7, 18, 650000, 1, '2019-12-13 16:42:05', '2019-12-13 16:42:05', 'L'),
(326, 7, 18, 650000, 1, '2019-12-13 16:42:05', '2019-12-13 16:42:05', 'L'),
(327, 7, 18, 650000, 1, '2019-12-13 16:42:05', '2019-12-13 16:42:05', 'L'),
(328, 7, 18, 650000, 1, '2019-12-13 16:42:05', '2019-12-13 16:42:05', 'L'),
(329, 7, 18, 650000, 1, '2019-12-13 16:42:05', '2019-12-13 16:42:05', 'L'),
(330, 7, 18, 650000, 1, '2019-12-13 16:42:05', '2019-12-13 16:42:05', 'L'),
(331, 7, 18, 650000, 1, '2019-12-13 16:42:05', '2019-12-13 16:42:05', 'L'),
(332, 7, 18, 650000, 1, '2019-12-13 16:42:05', '2019-12-13 16:42:05', 'L'),
(333, 7, 18, 650000, 1, '2019-12-13 16:42:05', '2019-12-13 16:42:05', 'L'),
(334, 7, 18, 650000, 1, '2019-12-13 16:42:05', '2019-12-13 16:42:05', 'L'),
(335, 7, 18, 650000, 1, '2019-12-13 16:42:05', '2019-12-13 16:42:05', 'L'),
(336, 7, 18, 650000, 1, '2019-12-13 16:42:05', '2019-12-13 16:42:05', 'L'),
(337, 7, 18, 650000, 1, '2019-12-13 16:42:06', '2019-12-13 16:42:06', 'L'),
(338, 7, 18, 650000, 1, '2019-12-13 16:42:06', '2019-12-13 16:42:06', 'L'),
(339, 7, 18, 650000, 1, '2019-12-13 16:42:06', '2019-12-13 16:42:06', 'L'),
(340, 7, 18, 650000, 1, '2019-12-13 16:42:06', '2019-12-13 16:42:06', 'L'),
(341, 7, 18, 650000, 1, '2019-12-13 16:42:06', '2019-12-13 16:42:06', 'L'),
(342, 7, 18, 650000, 1, '2019-12-13 16:42:06', '2019-12-13 16:42:06', 'L'),
(343, 7, 18, 650000, 1, '2019-12-13 16:42:06', '2019-12-13 16:42:06', 'L'),
(344, 7, 18, 650000, 1, '2019-12-13 16:42:06', '2019-12-13 16:42:06', 'L'),
(345, 7, 18, 650000, 1, '2019-12-13 16:42:06', '2019-12-13 16:42:06', 'L'),
(346, 7, 18, 650000, 1, '2019-12-13 16:42:06', '2019-12-13 16:42:06', 'L'),
(347, 7, 18, 650000, 1, '2019-12-13 16:42:06', '2019-12-13 16:42:06', 'L'),
(348, 7, 18, 650000, 1, '2019-12-13 16:42:06', '2019-12-13 16:42:06', 'L'),
(349, 7, 18, 650000, 1, '2019-12-13 16:42:06', '2019-12-13 16:42:06', 'L'),
(350, 7, 18, 650000, 1, '2019-12-13 16:42:06', '2019-12-13 16:42:06', 'L'),
(351, 7, 18, 650000, 1, '2019-12-13 16:42:06', '2019-12-13 16:42:06', 'L'),
(352, 7, 18, 650000, 1, '2019-12-13 16:42:06', '2019-12-13 16:42:06', 'L'),
(353, 7, 18, 650000, 1, '2019-12-13 16:42:06', '2019-12-13 16:42:06', 'L'),
(354, 7, 18, 650000, 1, '2019-12-13 16:42:06', '2019-12-13 16:42:06', 'L'),
(355, 7, 18, 650000, 1, '2019-12-13 16:42:06', '2019-12-13 16:42:06', 'L'),
(356, 7, 18, 650000, 1, '2019-12-13 16:42:06', '2019-12-13 16:42:06', 'L'),
(357, 7, 18, 650000, 1, '2019-12-13 16:42:06', '2019-12-13 16:42:06', 'L'),
(358, 7, 18, 650000, 1, '2019-12-13 16:42:06', '2019-12-13 16:42:06', 'L'),
(359, 7, 18, 650000, 1, '2019-12-13 16:42:06', '2019-12-13 16:42:06', 'L'),
(360, 7, 18, 650000, 1, '2019-12-13 16:42:07', '2019-12-13 16:42:07', 'L'),
(361, 7, 18, 650000, 1, '2019-12-13 16:42:07', '2019-12-13 16:42:07', 'L'),
(362, 7, 18, 650000, 1, '2019-12-13 16:42:07', '2019-12-13 16:42:07', 'L'),
(363, 7, 18, 650000, 1, '2019-12-13 16:42:07', '2019-12-13 16:42:07', 'L'),
(364, 7, 18, 650000, 1, '2019-12-13 16:42:07', '2019-12-13 16:42:07', 'L'),
(365, 7, 18, 650000, 1, '2019-12-13 16:42:07', '2019-12-13 16:42:07', 'L'),
(366, 7, 18, 650000, 1, '2019-12-13 16:42:07', '2019-12-13 16:42:07', 'L'),
(367, 7, 18, 650000, 1, '2019-12-13 16:42:07', '2019-12-13 16:42:07', 'L'),
(368, 8, 18, 650000, 1, '2019-12-13 16:42:33', '2019-12-13 16:42:33', 'L'),
(369, 8, 18, 650000, 1, '2019-12-13 16:42:33', '2019-12-13 16:42:33', 'L'),
(370, 8, 18, 650000, 1, '2019-12-13 16:42:33', '2019-12-13 16:42:33', 'L'),
(371, 8, 18, 650000, 1, '2019-12-13 16:42:33', '2019-12-13 16:42:33', 'L'),
(372, 8, 18, 650000, 1, '2019-12-13 16:42:33', '2019-12-13 16:42:33', 'L'),
(373, 8, 18, 650000, 1, '2019-12-13 16:42:33', '2019-12-13 16:42:33', 'L'),
(374, 8, 18, 650000, 1, '2019-12-13 16:42:33', '2019-12-13 16:42:33', 'L'),
(375, 8, 18, 650000, 1, '2019-12-13 16:42:34', '2019-12-13 16:42:34', 'L'),
(376, 8, 18, 650000, 1, '2019-12-13 16:42:34', '2019-12-13 16:42:34', 'L'),
(377, 8, 18, 650000, 1, '2019-12-13 16:42:34', '2019-12-13 16:42:34', 'L'),
(378, 8, 18, 650000, 1, '2019-12-13 16:42:34', '2019-12-13 16:42:34', 'L'),
(379, 8, 18, 650000, 1, '2019-12-13 16:42:34', '2019-12-13 16:42:34', 'L'),
(380, 8, 18, 650000, 1, '2019-12-13 16:42:34', '2019-12-13 16:42:34', 'L'),
(381, 8, 18, 650000, 1, '2019-12-13 16:42:34', '2019-12-13 16:42:34', 'L'),
(382, 8, 18, 650000, 1, '2019-12-13 16:42:34', '2019-12-13 16:42:34', 'L'),
(383, 8, 18, 650000, 1, '2019-12-13 16:42:34', '2019-12-13 16:42:34', 'L'),
(384, 8, 18, 650000, 1, '2019-12-13 16:42:34', '2019-12-13 16:42:34', 'L'),
(385, 8, 18, 650000, 1, '2019-12-13 16:42:34', '2019-12-13 16:42:34', 'L'),
(386, 8, 18, 650000, 1, '2019-12-13 16:42:34', '2019-12-13 16:42:34', 'L'),
(387, 8, 18, 650000, 1, '2019-12-13 16:42:34', '2019-12-13 16:42:34', 'L'),
(388, 8, 18, 650000, 1, '2019-12-13 16:42:34', '2019-12-13 16:42:34', 'L'),
(389, 8, 18, 650000, 1, '2019-12-13 16:42:34', '2019-12-13 16:42:34', 'L'),
(390, 8, 18, 650000, 1, '2019-12-13 16:42:34', '2019-12-13 16:42:34', 'L'),
(391, 8, 18, 650000, 1, '2019-12-13 16:42:34', '2019-12-13 16:42:34', 'L'),
(392, 8, 18, 650000, 1, '2019-12-13 16:42:34', '2019-12-13 16:42:34', 'L'),
(393, 8, 18, 650000, 1, '2019-12-13 16:42:34', '2019-12-13 16:42:34', 'L'),
(394, 8, 18, 650000, 1, '2019-12-13 16:42:34', '2019-12-13 16:42:34', 'L'),
(395, 8, 18, 650000, 1, '2019-12-13 16:42:34', '2019-12-13 16:42:34', 'L'),
(396, 8, 18, 650000, 1, '2019-12-13 16:42:34', '2019-12-13 16:42:34', 'L'),
(397, 8, 18, 650000, 1, '2019-12-13 16:42:35', '2019-12-13 16:42:35', 'L'),
(398, 8, 18, 650000, 1, '2019-12-13 16:42:35', '2019-12-13 16:42:35', 'L'),
(399, 8, 18, 650000, 1, '2019-12-13 16:42:35', '2019-12-13 16:42:35', 'L'),
(400, 8, 18, 650000, 1, '2019-12-13 16:42:35', '2019-12-13 16:42:35', 'L'),
(401, 8, 18, 650000, 1, '2019-12-13 16:42:35', '2019-12-13 16:42:35', 'L'),
(402, 8, 18, 650000, 1, '2019-12-13 16:42:35', '2019-12-13 16:42:35', 'L'),
(403, 8, 18, 650000, 1, '2019-12-13 16:42:35', '2019-12-13 16:42:35', 'L'),
(404, 8, 18, 650000, 1, '2019-12-13 16:42:35', '2019-12-13 16:42:35', 'L'),
(405, 8, 18, 650000, 1, '2019-12-13 16:42:35', '2019-12-13 16:42:35', 'L'),
(406, 8, 18, 650000, 1, '2019-12-13 16:42:35', '2019-12-13 16:42:35', 'L'),
(407, 8, 18, 650000, 1, '2019-12-13 16:42:35', '2019-12-13 16:42:35', 'L'),
(408, 8, 18, 650000, 1, '2019-12-13 16:42:35', '2019-12-13 16:42:35', 'L'),
(409, 8, 18, 650000, 1, '2019-12-13 16:42:35', '2019-12-13 16:42:35', 'L'),
(410, 8, 18, 650000, 1, '2019-12-13 16:42:35', '2019-12-13 16:42:35', 'L'),
(411, 8, 18, 650000, 1, '2019-12-13 16:42:35', '2019-12-13 16:42:35', 'L'),
(412, 8, 18, 650000, 1, '2019-12-13 16:42:35', '2019-12-13 16:42:35', 'L'),
(413, 8, 18, 650000, 1, '2019-12-13 16:42:35', '2019-12-13 16:42:35', 'L'),
(414, 8, 18, 650000, 1, '2019-12-13 16:42:35', '2019-12-13 16:42:35', 'L'),
(415, 8, 18, 650000, 1, '2019-12-13 16:42:35', '2019-12-13 16:42:35', 'L'),
(416, 8, 18, 650000, 1, '2019-12-13 16:42:35', '2019-12-13 16:42:35', 'L'),
(417, 8, 18, 650000, 1, '2019-12-13 16:42:35', '2019-12-13 16:42:35', 'L'),
(418, 8, 18, 650000, 1, '2019-12-13 16:42:35', '2019-12-13 16:42:35', 'L'),
(419, 8, 18, 650000, 1, '2019-12-13 16:42:35', '2019-12-13 16:42:35', 'L'),
(420, 8, 18, 650000, 1, '2019-12-13 16:42:35', '2019-12-13 16:42:35', 'L'),
(421, 8, 18, 650000, 1, '2019-12-13 16:42:36', '2019-12-13 16:42:36', 'L'),
(422, 8, 18, 650000, 1, '2019-12-13 16:42:36', '2019-12-13 16:42:36', 'L'),
(423, 8, 18, 650000, 1, '2019-12-13 16:42:36', '2019-12-13 16:42:36', 'L'),
(424, 8, 18, 650000, 1, '2019-12-13 16:42:36', '2019-12-13 16:42:36', 'L'),
(425, 8, 18, 650000, 1, '2019-12-13 16:42:36', '2019-12-13 16:42:36', 'L'),
(426, 8, 18, 650000, 1, '2019-12-13 16:42:36', '2019-12-13 16:42:36', 'L'),
(427, 8, 18, 650000, 1, '2019-12-13 16:42:36', '2019-12-13 16:42:36', 'L'),
(428, 8, 18, 650000, 1, '2019-12-13 16:42:36', '2019-12-13 16:42:36', 'L'),
(429, 8, 18, 650000, 1, '2019-12-13 16:42:36', '2019-12-13 16:42:36', 'L'),
(430, 8, 18, 650000, 1, '2019-12-13 16:42:36', '2019-12-13 16:42:36', 'L'),
(431, 8, 18, 650000, 1, '2019-12-13 16:42:36', '2019-12-13 16:42:36', 'L'),
(432, 8, 18, 650000, 1, '2019-12-13 16:42:36', '2019-12-13 16:42:36', 'L'),
(433, 8, 18, 650000, 1, '2019-12-13 16:42:36', '2019-12-13 16:42:36', 'L'),
(434, 8, 18, 650000, 1, '2019-12-13 16:42:36', '2019-12-13 16:42:36', 'L'),
(435, 8, 18, 650000, 1, '2019-12-13 16:42:36', '2019-12-13 16:42:36', 'L'),
(436, 8, 18, 650000, 1, '2019-12-13 16:42:36', '2019-12-13 16:42:36', 'L'),
(437, 8, 18, 650000, 1, '2019-12-13 16:42:36', '2019-12-13 16:42:36', 'L'),
(438, 8, 18, 650000, 1, '2019-12-13 16:42:36', '2019-12-13 16:42:36', 'L'),
(439, 8, 18, 650000, 1, '2019-12-13 16:42:36', '2019-12-13 16:42:36', 'L'),
(440, 8, 18, 650000, 1, '2019-12-13 16:42:36', '2019-12-13 16:42:36', 'L'),
(441, 8, 18, 650000, 1, '2019-12-13 16:42:36', '2019-12-13 16:42:36', 'L'),
(442, 8, 18, 650000, 1, '2019-12-13 16:42:36', '2019-12-13 16:42:36', 'L'),
(443, 8, 18, 650000, 1, '2019-12-13 16:42:36', '2019-12-13 16:42:36', 'L'),
(444, 8, 18, 650000, 1, '2019-12-13 16:42:36', '2019-12-13 16:42:36', 'L'),
(445, 8, 18, 650000, 1, '2019-12-13 16:42:37', '2019-12-13 16:42:37', 'L'),
(446, 8, 18, 650000, 1, '2019-12-13 16:42:37', '2019-12-13 16:42:37', 'L'),
(447, 8, 18, 650000, 1, '2019-12-13 16:42:37', '2019-12-13 16:42:37', 'L'),
(448, 8, 18, 650000, 1, '2019-12-13 16:42:37', '2019-12-13 16:42:37', 'L'),
(449, 8, 18, 650000, 1, '2019-12-13 16:42:37', '2019-12-13 16:42:37', 'L'),
(450, 8, 18, 650000, 1, '2019-12-13 16:42:37', '2019-12-13 16:42:37', 'L'),
(451, 8, 18, 650000, 1, '2019-12-13 16:42:37', '2019-12-13 16:42:37', 'L'),
(452, 8, 18, 650000, 1, '2019-12-13 16:42:37', '2019-12-13 16:42:37', 'L'),
(453, 8, 18, 650000, 1, '2019-12-13 16:42:37', '2019-12-13 16:42:37', 'L'),
(454, 8, 18, 650000, 1, '2019-12-13 16:42:37', '2019-12-13 16:42:37', 'L'),
(455, 8, 18, 650000, 1, '2019-12-13 16:42:37', '2019-12-13 16:42:37', 'L'),
(456, 8, 18, 650000, 1, '2019-12-13 16:42:37', '2019-12-13 16:42:37', 'L'),
(457, 8, 18, 650000, 1, '2019-12-13 16:42:37', '2019-12-13 16:42:37', 'L'),
(458, 8, 18, 650000, 1, '2019-12-13 16:42:37', '2019-12-13 16:42:37', 'L'),
(459, 8, 18, 650000, 1, '2019-12-13 16:42:37', '2019-12-13 16:42:37', 'L'),
(460, 8, 18, 650000, 1, '2019-12-13 16:42:37', '2019-12-13 16:42:37', 'L'),
(461, 8, 18, 650000, 1, '2019-12-13 16:42:37', '2019-12-13 16:42:37', 'L'),
(462, 8, 18, 650000, 1, '2019-12-13 16:42:37', '2019-12-13 16:42:37', 'L'),
(463, 8, 18, 650000, 1, '2019-12-13 16:42:37', '2019-12-13 16:42:37', 'L'),
(464, 8, 18, 650000, 1, '2019-12-13 16:42:37', '2019-12-13 16:42:37', 'L'),
(465, 8, 18, 650000, 1, '2019-12-13 16:42:37', '2019-12-13 16:42:37', 'L'),
(466, 8, 18, 650000, 1, '2019-12-13 16:42:37', '2019-12-13 16:42:37', 'L'),
(467, 8, 18, 650000, 1, '2019-12-13 16:42:37', '2019-12-13 16:42:37', 'L'),
(468, 8, 18, 650000, 1, '2019-12-13 16:42:37', '2019-12-13 16:42:37', 'L'),
(469, 8, 18, 650000, 1, '2019-12-13 16:42:38', '2019-12-13 16:42:38', 'L'),
(470, 8, 18, 650000, 1, '2019-12-13 16:42:38', '2019-12-13 16:42:38', 'L'),
(471, 8, 18, 650000, 1, '2019-12-13 16:42:38', '2019-12-13 16:42:38', 'L'),
(472, 8, 18, 650000, 1, '2019-12-13 16:42:38', '2019-12-13 16:42:38', 'L'),
(473, 8, 18, 650000, 1, '2019-12-13 16:42:38', '2019-12-13 16:42:38', 'L'),
(474, 8, 18, 650000, 1, '2019-12-13 16:42:38', '2019-12-13 16:42:38', 'L'),
(475, 8, 18, 650000, 1, '2019-12-13 16:42:38', '2019-12-13 16:42:38', 'L'),
(476, 8, 18, 650000, 1, '2019-12-13 16:42:38', '2019-12-13 16:42:38', 'L'),
(477, 8, 18, 650000, 1, '2019-12-13 16:42:38', '2019-12-13 16:42:38', 'L'),
(478, 8, 18, 650000, 1, '2019-12-13 16:42:38', '2019-12-13 16:42:38', 'L'),
(479, 8, 18, 650000, 1, '2019-12-13 16:42:38', '2019-12-13 16:42:38', 'L'),
(480, 8, 18, 650000, 1, '2019-12-13 16:42:38', '2019-12-13 16:42:38', 'L'),
(481, 8, 18, 650000, 1, '2019-12-13 16:42:38', '2019-12-13 16:42:38', 'L'),
(482, 8, 18, 650000, 1, '2019-12-13 16:42:38', '2019-12-13 16:42:38', 'L'),
(483, 8, 18, 650000, 1, '2019-12-13 16:42:38', '2019-12-13 16:42:38', 'L'),
(484, 8, 18, 650000, 1, '2019-12-13 16:42:38', '2019-12-13 16:42:38', 'L'),
(485, 8, 18, 650000, 1, '2019-12-13 16:42:38', '2019-12-13 16:42:38', 'L'),
(486, 8, 18, 650000, 1, '2019-12-13 16:42:38', '2019-12-13 16:42:38', 'L'),
(487, 8, 18, 650000, 1, '2019-12-13 16:42:38', '2019-12-13 16:42:38', 'L'),
(488, 8, 18, 650000, 1, '2019-12-13 16:42:38', '2019-12-13 16:42:38', 'L'),
(489, 8, 18, 650000, 1, '2019-12-13 16:42:38', '2019-12-13 16:42:38', 'L'),
(490, 8, 18, 650000, 1, '2019-12-13 16:42:38', '2019-12-13 16:42:38', 'L'),
(491, 8, 18, 650000, 1, '2019-12-13 16:42:38', '2019-12-13 16:42:38', 'L'),
(492, 8, 18, 650000, 1, '2019-12-13 16:42:38', '2019-12-13 16:42:38', 'L'),
(493, 8, 18, 650000, 1, '2019-12-13 16:42:39', '2019-12-13 16:42:39', 'L'),
(494, 8, 18, 650000, 1, '2019-12-13 16:42:39', '2019-12-13 16:42:39', 'L'),
(495, 8, 18, 650000, 1, '2019-12-13 16:42:39', '2019-12-13 16:42:39', 'L'),
(496, 8, 18, 650000, 1, '2019-12-13 16:42:39', '2019-12-13 16:42:39', 'L'),
(497, 8, 18, 650000, 1, '2019-12-13 16:42:39', '2019-12-13 16:42:39', 'L'),
(498, 8, 18, 650000, 1, '2019-12-13 16:42:39', '2019-12-13 16:42:39', 'L'),
(499, 8, 18, 650000, 1, '2019-12-13 16:42:39', '2019-12-13 16:42:39', 'L'),
(500, 8, 18, 650000, 1, '2019-12-13 16:42:39', '2019-12-13 16:42:39', 'L'),
(501, 8, 18, 650000, 1, '2019-12-13 16:42:39', '2019-12-13 16:42:39', 'L'),
(502, 8, 18, 650000, 1, '2019-12-13 16:42:39', '2019-12-13 16:42:39', 'L'),
(503, 8, 18, 650000, 1, '2019-12-13 16:42:39', '2019-12-13 16:42:39', 'L'),
(504, 8, 18, 650000, 1, '2019-12-13 16:42:39', '2019-12-13 16:42:39', 'L'),
(505, 8, 18, 650000, 1, '2019-12-13 16:42:39', '2019-12-13 16:42:39', 'L'),
(506, 8, 18, 650000, 1, '2019-12-13 16:42:39', '2019-12-13 16:42:39', 'L'),
(507, 8, 18, 650000, 1, '2019-12-13 16:42:39', '2019-12-13 16:42:39', 'L'),
(508, 8, 18, 650000, 1, '2019-12-13 16:42:39', '2019-12-13 16:42:39', 'L'),
(509, 8, 18, 650000, 1, '2019-12-13 16:42:39', '2019-12-13 16:42:39', 'L'),
(510, 8, 18, 650000, 1, '2019-12-13 16:42:39', '2019-12-13 16:42:39', 'L'),
(511, 8, 18, 650000, 1, '2019-12-13 16:42:39', '2019-12-13 16:42:39', 'L'),
(512, 8, 18, 650000, 1, '2019-12-13 16:42:39', '2019-12-13 16:42:39', 'L'),
(513, 8, 18, 650000, 1, '2019-12-13 16:42:39', '2019-12-13 16:42:39', 'L'),
(514, 8, 18, 650000, 1, '2019-12-13 16:42:39', '2019-12-13 16:42:39', 'L'),
(515, 8, 18, 650000, 1, '2019-12-13 16:42:39', '2019-12-13 16:42:39', 'L'),
(516, 8, 18, 650000, 1, '2019-12-13 16:42:39', '2019-12-13 16:42:39', 'L'),
(517, 8, 18, 650000, 1, '2019-12-13 16:42:39', '2019-12-13 16:42:39', 'L'),
(518, 8, 18, 650000, 1, '2019-12-13 16:42:40', '2019-12-13 16:42:40', 'L'),
(519, 8, 18, 650000, 1, '2019-12-13 16:42:40', '2019-12-13 16:42:40', 'L'),
(520, 8, 18, 650000, 1, '2019-12-13 16:42:40', '2019-12-13 16:42:40', 'L'),
(521, 8, 18, 650000, 1, '2019-12-13 16:42:40', '2019-12-13 16:42:40', 'L'),
(522, 8, 18, 650000, 1, '2019-12-13 16:42:40', '2019-12-13 16:42:40', 'L'),
(523, 8, 18, 650000, 1, '2019-12-13 16:42:40', '2019-12-13 16:42:40', 'L'),
(524, 8, 18, 650000, 1, '2019-12-13 16:42:40', '2019-12-13 16:42:40', 'L'),
(525, 8, 18, 650000, 1, '2019-12-13 16:42:40', '2019-12-13 16:42:40', 'L'),
(526, 8, 18, 650000, 1, '2019-12-13 16:42:40', '2019-12-13 16:42:40', 'L'),
(527, 8, 18, 650000, 1, '2019-12-13 16:42:40', '2019-12-13 16:42:40', 'L'),
(528, 8, 18, 650000, 1, '2019-12-13 16:42:40', '2019-12-13 16:42:40', 'L'),
(529, 8, 18, 650000, 1, '2019-12-13 16:42:40', '2019-12-13 16:42:40', 'L'),
(530, 8, 18, 650000, 1, '2019-12-13 16:42:40', '2019-12-13 16:42:40', 'L'),
(531, 8, 18, 650000, 1, '2019-12-13 16:42:40', '2019-12-13 16:42:40', 'L'),
(532, 8, 18, 650000, 1, '2019-12-13 16:42:40', '2019-12-13 16:42:40', 'L'),
(533, 8, 18, 650000, 1, '2019-12-13 16:42:40', '2019-12-13 16:42:40', 'L'),
(534, 8, 18, 650000, 1, '2019-12-13 16:42:40', '2019-12-13 16:42:40', 'L'),
(535, 8, 18, 650000, 1, '2019-12-13 16:42:40', '2019-12-13 16:42:40', 'L'),
(536, 8, 18, 650000, 1, '2019-12-13 16:42:40', '2019-12-13 16:42:40', 'L'),
(537, 8, 18, 650000, 1, '2019-12-13 16:42:40', '2019-12-13 16:42:40', 'L'),
(538, 8, 18, 650000, 1, '2019-12-13 16:42:40', '2019-12-13 16:42:40', 'L'),
(539, 8, 18, 650000, 1, '2019-12-13 16:42:40', '2019-12-13 16:42:40', 'L'),
(540, 8, 18, 650000, 1, '2019-12-13 16:42:41', '2019-12-13 16:42:41', 'L'),
(541, 8, 18, 650000, 1, '2019-12-13 16:42:41', '2019-12-13 16:42:41', 'L'),
(542, 8, 18, 650000, 1, '2019-12-13 16:42:41', '2019-12-13 16:42:41', 'L'),
(543, 8, 18, 650000, 1, '2019-12-13 16:42:41', '2019-12-13 16:42:41', 'L'),
(544, 8, 18, 650000, 1, '2019-12-13 16:42:41', '2019-12-13 16:42:41', 'L'),
(545, 8, 18, 650000, 1, '2019-12-13 16:42:41', '2019-12-13 16:42:41', 'L'),
(546, 8, 18, 650000, 1, '2019-12-13 16:42:41', '2019-12-13 16:42:41', 'L'),
(547, 8, 18, 650000, 1, '2019-12-13 16:42:41', '2019-12-13 16:42:41', 'L'),
(548, 8, 18, 650000, 1, '2019-12-13 16:42:41', '2019-12-13 16:42:41', 'L'),
(549, 8, 18, 650000, 1, '2019-12-13 16:42:41', '2019-12-13 16:42:41', 'L'),
(550, 8, 18, 650000, 1, '2019-12-13 16:42:41', '2019-12-13 16:42:41', 'L'),
(551, 8, 18, 650000, 1, '2019-12-13 16:42:41', '2019-12-13 16:42:41', 'L'),
(552, 8, 18, 650000, 1, '2019-12-13 16:42:41', '2019-12-13 16:42:41', 'L'),
(553, 8, 18, 650000, 1, '2019-12-13 16:42:41', '2019-12-13 16:42:41', 'L'),
(554, 8, 18, 650000, 1, '2019-12-13 16:42:41', '2019-12-13 16:42:41', 'L'),
(555, 8, 18, 650000, 1, '2019-12-13 16:42:41', '2019-12-13 16:42:41', 'L'),
(556, 8, 18, 650000, 1, '2019-12-13 16:42:41', '2019-12-13 16:42:41', 'L'),
(557, 8, 18, 650000, 1, '2019-12-13 16:42:41', '2019-12-13 16:42:41', 'L'),
(558, 8, 18, 650000, 1, '2019-12-13 16:42:41', '2019-12-13 16:42:41', 'L'),
(559, 8, 18, 650000, 1, '2019-12-13 16:42:41', '2019-12-13 16:42:41', 'L'),
(560, 8, 18, 650000, 1, '2019-12-13 16:42:41', '2019-12-13 16:42:41', 'L'),
(561, 8, 18, 650000, 1, '2019-12-13 16:42:41', '2019-12-13 16:42:41', 'L'),
(562, 8, 18, 650000, 1, '2019-12-13 16:42:41', '2019-12-13 16:42:41', 'L'),
(563, 8, 18, 650000, 1, '2019-12-13 16:42:42', '2019-12-13 16:42:42', 'L'),
(564, 8, 18, 650000, 1, '2019-12-13 16:42:42', '2019-12-13 16:42:42', 'L'),
(565, 8, 18, 650000, 1, '2019-12-13 16:42:42', '2019-12-13 16:42:42', 'L'),
(566, 8, 18, 650000, 1, '2019-12-13 16:42:42', '2019-12-13 16:42:42', 'L'),
(567, 8, 18, 650000, 1, '2019-12-13 16:42:42', '2019-12-13 16:42:42', 'L'),
(568, 8, 18, 650000, 1, '2019-12-13 16:42:42', '2019-12-13 16:42:42', 'L'),
(569, 8, 18, 650000, 1, '2019-12-13 16:42:42', '2019-12-13 16:42:42', 'L'),
(570, 8, 18, 650000, 1, '2019-12-13 16:42:42', '2019-12-13 16:42:42', 'L'),
(571, 8, 18, 650000, 1, '2019-12-13 16:42:42', '2019-12-13 16:42:42', 'L'),
(572, 8, 18, 650000, 1, '2019-12-13 16:42:42', '2019-12-13 16:42:42', 'L'),
(573, 8, 18, 650000, 1, '2019-12-13 16:42:42', '2019-12-13 16:42:42', 'L'),
(574, 8, 18, 650000, 1, '2019-12-13 16:42:42', '2019-12-13 16:42:42', 'L'),
(575, 8, 18, 650000, 1, '2019-12-13 16:42:42', '2019-12-13 16:42:42', 'L'),
(576, 8, 18, 650000, 1, '2019-12-13 16:42:42', '2019-12-13 16:42:42', 'L'),
(577, 8, 18, 650000, 1, '2019-12-13 16:42:42', '2019-12-13 16:42:42', 'L'),
(578, 8, 18, 650000, 1, '2019-12-13 16:42:42', '2019-12-13 16:42:42', 'L'),
(579, 8, 18, 650000, 1, '2019-12-13 16:42:42', '2019-12-13 16:42:42', 'L'),
(580, 8, 18, 650000, 1, '2019-12-13 16:42:42', '2019-12-13 16:42:42', 'L'),
(581, 8, 18, 650000, 1, '2019-12-13 16:42:42', '2019-12-13 16:42:42', 'L'),
(582, 8, 18, 650000, 1, '2019-12-13 16:42:42', '2019-12-13 16:42:42', 'L'),
(583, 8, 18, 650000, 1, '2019-12-13 16:42:42', '2019-12-13 16:42:42', 'L'),
(584, 8, 18, 650000, 1, '2019-12-13 16:42:42', '2019-12-13 16:42:42', 'L'),
(585, 8, 18, 650000, 1, '2019-12-13 16:42:42', '2019-12-13 16:42:42', 'L'),
(586, 8, 18, 650000, 1, '2019-12-13 16:42:42', '2019-12-13 16:42:42', 'L'),
(587, 8, 18, 650000, 1, '2019-12-13 16:42:42', '2019-12-13 16:42:42', 'L'),
(588, 8, 18, 650000, 1, '2019-12-13 16:42:43', '2019-12-13 16:42:43', 'L'),
(589, 8, 18, 650000, 1, '2019-12-13 16:42:43', '2019-12-13 16:42:43', 'L'),
(590, 8, 18, 650000, 1, '2019-12-13 16:42:43', '2019-12-13 16:42:43', 'L'),
(591, 8, 18, 650000, 1, '2019-12-13 16:42:43', '2019-12-13 16:42:43', 'L'),
(592, 8, 18, 650000, 1, '2019-12-13 16:42:43', '2019-12-13 16:42:43', 'L'),
(593, 8, 18, 650000, 1, '2019-12-13 16:42:43', '2019-12-13 16:42:43', 'L'),
(594, 8, 18, 650000, 1, '2019-12-13 16:42:43', '2019-12-13 16:42:43', 'L'),
(595, 8, 18, 650000, 1, '2019-12-13 16:42:43', '2019-12-13 16:42:43', 'L'),
(596, 8, 18, 650000, 1, '2019-12-13 16:42:43', '2019-12-13 16:42:43', 'L'),
(597, 8, 18, 650000, 1, '2019-12-13 16:42:43', '2019-12-13 16:42:43', 'L'),
(598, 8, 18, 650000, 1, '2019-12-13 16:42:43', '2019-12-13 16:42:43', 'L'),
(599, 8, 18, 650000, 1, '2019-12-13 16:42:43', '2019-12-13 16:42:43', 'L'),
(600, 8, 18, 650000, 1, '2019-12-13 16:42:43', '2019-12-13 16:42:43', 'L'),
(601, 8, 18, 650000, 1, '2019-12-13 16:42:43', '2019-12-13 16:42:43', 'L'),
(602, 8, 18, 650000, 1, '2019-12-13 16:42:43', '2019-12-13 16:42:43', 'L'),
(603, 8, 18, 650000, 1, '2019-12-13 16:42:43', '2019-12-13 16:42:43', 'L'),
(604, 8, 18, 650000, 1, '2019-12-13 16:42:43', '2019-12-13 16:42:43', 'L'),
(605, 8, 18, 650000, 1, '2019-12-13 16:42:43', '2019-12-13 16:42:43', 'L'),
(606, 8, 18, 650000, 1, '2019-12-13 16:42:43', '2019-12-13 16:42:43', 'L'),
(607, 8, 18, 650000, 1, '2019-12-13 16:42:43', '2019-12-13 16:42:43', 'L'),
(608, 8, 18, 650000, 1, '2019-12-13 16:42:43', '2019-12-13 16:42:43', 'L'),
(609, 8, 18, 650000, 1, '2019-12-13 16:42:43', '2019-12-13 16:42:43', 'L'),
(610, 8, 18, 650000, 1, '2019-12-13 16:42:43', '2019-12-13 16:42:43', 'L'),
(611, 8, 18, 650000, 1, '2019-12-13 16:42:44', '2019-12-13 16:42:44', 'L'),
(612, 8, 18, 650000, 1, '2019-12-13 16:42:44', '2019-12-13 16:42:44', 'L'),
(613, 8, 18, 650000, 1, '2019-12-13 16:42:44', '2019-12-13 16:42:44', 'L'),
(614, 8, 18, 650000, 1, '2019-12-13 16:42:44', '2019-12-13 16:42:44', 'L'),
(615, 8, 18, 650000, 1, '2019-12-13 16:42:44', '2019-12-13 16:42:44', 'L'),
(616, 8, 18, 650000, 1, '2019-12-13 16:42:44', '2019-12-13 16:42:44', 'L'),
(617, 8, 18, 650000, 1, '2019-12-13 16:42:44', '2019-12-13 16:42:44', 'L'),
(618, 8, 18, 650000, 1, '2019-12-13 16:42:44', '2019-12-13 16:42:44', 'L'),
(619, 8, 18, 650000, 1, '2019-12-13 16:42:44', '2019-12-13 16:42:44', 'L'),
(620, 8, 18, 650000, 1, '2019-12-13 16:42:44', '2019-12-13 16:42:44', 'L'),
(621, 8, 18, 650000, 1, '2019-12-13 16:42:44', '2019-12-13 16:42:44', 'L'),
(622, 8, 18, 650000, 1, '2019-12-13 16:42:44', '2019-12-13 16:42:44', 'L'),
(623, 8, 18, 650000, 1, '2019-12-13 16:42:44', '2019-12-13 16:42:44', 'L'),
(624, 8, 18, 650000, 1, '2019-12-13 16:42:44', '2019-12-13 16:42:44', 'L'),
(625, 8, 18, 650000, 1, '2019-12-13 16:42:44', '2019-12-13 16:42:44', 'L'),
(626, 8, 18, 650000, 1, '2019-12-13 16:42:44', '2019-12-13 16:42:44', 'L'),
(627, 8, 18, 650000, 1, '2019-12-13 16:42:44', '2019-12-13 16:42:44', 'L'),
(628, 8, 18, 650000, 1, '2019-12-13 16:42:44', '2019-12-13 16:42:44', 'L'),
(629, 8, 18, 650000, 1, '2019-12-13 16:42:44', '2019-12-13 16:42:44', 'L'),
(630, 8, 18, 650000, 1, '2019-12-13 16:42:44', '2019-12-13 16:42:44', 'L'),
(631, 8, 18, 650000, 1, '2019-12-13 16:42:44', '2019-12-13 16:42:44', 'L'),
(632, 8, 18, 650000, 1, '2019-12-13 16:42:44', '2019-12-13 16:42:44', 'L'),
(633, 8, 18, 650000, 1, '2019-12-13 16:42:44', '2019-12-13 16:42:44', 'L'),
(634, 8, 18, 650000, 1, '2019-12-13 16:42:44', '2019-12-13 16:42:44', 'L'),
(635, 8, 18, 650000, 1, '2019-12-13 16:42:44', '2019-12-13 16:42:44', 'L'),
(636, 8, 18, 650000, 1, '2019-12-13 16:42:44', '2019-12-13 16:42:44', 'L'),
(637, 8, 18, 650000, 1, '2019-12-13 16:42:44', '2019-12-13 16:42:44', 'L'),
(638, 8, 18, 650000, 1, '2019-12-13 16:42:44', '2019-12-13 16:42:44', 'L'),
(639, 8, 18, 650000, 1, '2019-12-13 16:42:45', '2019-12-13 16:42:45', 'L'),
(640, 8, 18, 650000, 1, '2019-12-13 16:42:45', '2019-12-13 16:42:45', 'L'),
(641, 8, 18, 650000, 1, '2019-12-13 16:42:45', '2019-12-13 16:42:45', 'L'),
(642, 8, 18, 650000, 1, '2019-12-13 16:42:45', '2019-12-13 16:42:45', 'L'),
(643, 8, 18, 650000, 1, '2019-12-13 16:42:45', '2019-12-13 16:42:45', 'L'),
(644, 8, 18, 650000, 1, '2019-12-13 16:42:45', '2019-12-13 16:42:45', 'L'),
(645, 8, 18, 650000, 1, '2019-12-13 16:42:45', '2019-12-13 16:42:45', 'L'),
(646, 8, 18, 650000, 1, '2019-12-13 16:42:45', '2019-12-13 16:42:45', 'L'),
(647, 8, 18, 650000, 1, '2019-12-13 16:42:45', '2019-12-13 16:42:45', 'L'),
(648, 8, 18, 650000, 1, '2019-12-13 16:42:45', '2019-12-13 16:42:45', 'L'),
(649, 8, 18, 650000, 1, '2019-12-13 16:42:45', '2019-12-13 16:42:45', 'L'),
(650, 8, 18, 650000, 1, '2019-12-13 16:42:45', '2019-12-13 16:42:45', 'L'),
(651, 8, 18, 650000, 1, '2019-12-13 16:42:45', '2019-12-13 16:42:45', 'L'),
(652, 8, 18, 650000, 1, '2019-12-13 16:42:45', '2019-12-13 16:42:45', 'L'),
(653, 8, 18, 650000, 1, '2019-12-13 16:42:45', '2019-12-13 16:42:45', 'L'),
(654, 8, 18, 650000, 1, '2019-12-13 16:42:45', '2019-12-13 16:42:45', 'L'),
(655, 8, 18, 650000, 1, '2019-12-13 16:42:45', '2019-12-13 16:42:45', 'L'),
(656, 8, 18, 650000, 1, '2019-12-13 16:42:45', '2019-12-13 16:42:45', 'L'),
(657, 8, 18, 650000, 1, '2019-12-13 16:42:45', '2019-12-13 16:42:45', 'L'),
(658, 8, 18, 650000, 1, '2019-12-13 16:42:45', '2019-12-13 16:42:45', 'L'),
(659, 8, 18, 650000, 1, '2019-12-13 16:42:45', '2019-12-13 16:42:45', 'L'),
(660, 8, 18, 650000, 1, '2019-12-13 16:42:46', '2019-12-13 16:42:46', 'L'),
(661, 8, 18, 650000, 1, '2019-12-13 16:42:46', '2019-12-13 16:42:46', 'L'),
(662, 8, 18, 650000, 1, '2019-12-13 16:42:46', '2019-12-13 16:42:46', 'L'),
(663, 8, 18, 650000, 1, '2019-12-13 16:42:46', '2019-12-13 16:42:46', 'L'),
(664, 8, 18, 650000, 1, '2019-12-13 16:42:46', '2019-12-13 16:42:46', 'L'),
(665, 8, 18, 650000, 1, '2019-12-13 16:42:46', '2019-12-13 16:42:46', 'L'),
(666, 8, 18, 650000, 1, '2019-12-13 16:42:46', '2019-12-13 16:42:46', 'L'),
(667, 8, 18, 650000, 1, '2019-12-13 16:42:46', '2019-12-13 16:42:46', 'L'),
(668, 8, 18, 650000, 1, '2019-12-13 16:42:46', '2019-12-13 16:42:46', 'L'),
(669, 8, 18, 650000, 1, '2019-12-13 16:42:46', '2019-12-13 16:42:46', 'L'),
(670, 8, 18, 650000, 1, '2019-12-13 16:42:46', '2019-12-13 16:42:46', 'L'),
(671, 8, 18, 650000, 1, '2019-12-13 16:42:46', '2019-12-13 16:42:46', 'L'),
(672, 8, 18, 650000, 1, '2019-12-13 16:42:46', '2019-12-13 16:42:46', 'L'),
(673, 8, 18, 650000, 1, '2019-12-13 16:42:46', '2019-12-13 16:42:46', 'L'),
(674, 8, 18, 650000, 1, '2019-12-13 16:42:46', '2019-12-13 16:42:46', 'L'),
(675, 8, 18, 650000, 1, '2019-12-13 16:42:46', '2019-12-13 16:42:46', 'L');
INSERT INTO `order_details` (`id`, `order_id`, `product_id`, `price`, `quantity`, `created_at`, `updated_at`, `size_name`) VALUES
(676, 8, 18, 650000, 1, '2019-12-13 16:42:46', '2019-12-13 16:42:46', 'L'),
(677, 8, 18, 650000, 1, '2019-12-13 16:42:46', '2019-12-13 16:42:46', 'L'),
(678, 8, 18, 650000, 1, '2019-12-13 16:42:46', '2019-12-13 16:42:46', 'L'),
(679, 8, 18, 650000, 1, '2019-12-13 16:42:46', '2019-12-13 16:42:46', 'L'),
(680, 8, 18, 650000, 1, '2019-12-13 16:42:46', '2019-12-13 16:42:46', 'L'),
(681, 8, 18, 650000, 1, '2019-12-13 16:42:46', '2019-12-13 16:42:46', 'L'),
(682, 8, 18, 650000, 1, '2019-12-13 16:42:46', '2019-12-13 16:42:46', 'L'),
(683, 8, 18, 650000, 1, '2019-12-13 16:42:46', '2019-12-13 16:42:46', 'L'),
(684, 8, 18, 650000, 1, '2019-12-13 16:42:46', '2019-12-13 16:42:46', 'L'),
(685, 8, 18, 650000, 1, '2019-12-13 16:42:46', '2019-12-13 16:42:46', 'L'),
(686, 8, 18, 650000, 1, '2019-12-13 16:42:47', '2019-12-13 16:42:47', 'L'),
(687, 8, 18, 650000, 1, '2019-12-13 16:42:47', '2019-12-13 16:42:47', 'L'),
(688, 8, 18, 650000, 1, '2019-12-13 16:42:47', '2019-12-13 16:42:47', 'L'),
(689, 8, 18, 650000, 1, '2019-12-13 16:42:47', '2019-12-13 16:42:47', 'L'),
(690, 8, 18, 650000, 1, '2019-12-13 16:42:47', '2019-12-13 16:42:47', 'L'),
(691, 8, 18, 650000, 1, '2019-12-13 16:42:47', '2019-12-13 16:42:47', 'L'),
(692, 8, 18, 650000, 1, '2019-12-13 16:42:47', '2019-12-13 16:42:47', 'L'),
(693, 8, 18, 650000, 1, '2019-12-13 16:42:47', '2019-12-13 16:42:47', 'L'),
(694, 8, 18, 650000, 1, '2019-12-13 16:42:47', '2019-12-13 16:42:47', 'L'),
(695, 8, 18, 650000, 1, '2019-12-13 16:42:47', '2019-12-13 16:42:47', 'L'),
(696, 8, 18, 650000, 1, '2019-12-13 16:42:47', '2019-12-13 16:42:47', 'L'),
(697, 8, 18, 650000, 1, '2019-12-13 16:42:47', '2019-12-13 16:42:47', 'L'),
(698, 8, 18, 650000, 1, '2019-12-13 16:42:47', '2019-12-13 16:42:47', 'L'),
(699, 8, 18, 650000, 1, '2019-12-13 16:42:47', '2019-12-13 16:42:47', 'L'),
(700, 8, 18, 650000, 1, '2019-12-13 16:42:47', '2019-12-13 16:42:47', 'L'),
(701, 8, 18, 650000, 1, '2019-12-13 16:42:47', '2019-12-13 16:42:47', 'L'),
(702, 8, 18, 650000, 1, '2019-12-13 16:42:47', '2019-12-13 16:42:47', 'L'),
(703, 8, 18, 650000, 1, '2019-12-13 16:42:47', '2019-12-13 16:42:47', 'L'),
(704, 8, 18, 650000, 1, '2019-12-13 16:42:47', '2019-12-13 16:42:47', 'L'),
(705, 8, 18, 650000, 1, '2019-12-13 16:42:47', '2019-12-13 16:42:47', 'L'),
(706, 8, 18, 650000, 1, '2019-12-13 16:42:47', '2019-12-13 16:42:47', 'L'),
(707, 8, 18, 650000, 1, '2019-12-13 16:42:47', '2019-12-13 16:42:47', 'L'),
(708, 8, 18, 650000, 1, '2019-12-13 16:42:47', '2019-12-13 16:42:47', 'L'),
(709, 8, 18, 650000, 1, '2019-12-13 16:42:47', '2019-12-13 16:42:47', 'L'),
(710, 8, 18, 650000, 1, '2019-12-13 16:42:47', '2019-12-13 16:42:47', 'L'),
(711, 8, 18, 650000, 1, '2019-12-13 16:42:47', '2019-12-13 16:42:47', 'L'),
(712, 8, 18, 650000, 1, '2019-12-13 16:42:47', '2019-12-13 16:42:47', 'L'),
(713, 8, 18, 650000, 1, '2019-12-13 16:42:47', '2019-12-13 16:42:47', 'L'),
(714, 8, 18, 650000, 1, '2019-12-13 16:42:47', '2019-12-13 16:42:47', 'L'),
(715, 8, 18, 650000, 1, '2019-12-13 16:42:48', '2019-12-13 16:42:48', 'L'),
(716, 8, 18, 650000, 1, '2019-12-13 16:42:48', '2019-12-13 16:42:48', 'L'),
(717, 8, 18, 650000, 1, '2019-12-13 16:42:48', '2019-12-13 16:42:48', 'L'),
(718, 8, 18, 650000, 1, '2019-12-13 16:42:48', '2019-12-13 16:42:48', 'L'),
(719, 8, 18, 650000, 1, '2019-12-13 16:42:48', '2019-12-13 16:42:48', 'L'),
(720, 8, 18, 650000, 1, '2019-12-13 16:42:48', '2019-12-13 16:42:48', 'L'),
(721, 8, 18, 650000, 1, '2019-12-13 16:42:48', '2019-12-13 16:42:48', 'L'),
(722, 8, 18, 650000, 1, '2019-12-13 16:42:48', '2019-12-13 16:42:48', 'L'),
(723, 8, 18, 650000, 1, '2019-12-13 16:42:48', '2019-12-13 16:42:48', 'L'),
(724, 8, 18, 650000, 1, '2019-12-13 16:42:48', '2019-12-13 16:42:48', 'L'),
(725, 8, 18, 650000, 1, '2019-12-13 16:42:48', '2019-12-13 16:42:48', 'L'),
(726, 8, 18, 650000, 1, '2019-12-13 16:42:48', '2019-12-13 16:42:48', 'L'),
(727, 8, 18, 650000, 1, '2019-12-13 16:42:48', '2019-12-13 16:42:48', 'L'),
(728, 8, 18, 650000, 1, '2019-12-13 16:42:48', '2019-12-13 16:42:48', 'L'),
(729, 8, 18, 650000, 1, '2019-12-13 16:42:48', '2019-12-13 16:42:48', 'L'),
(730, 8, 18, 650000, 1, '2019-12-13 16:42:48', '2019-12-13 16:42:48', 'L'),
(731, 8, 18, 650000, 1, '2019-12-13 16:42:48', '2019-12-13 16:42:48', 'L'),
(732, 8, 18, 650000, 1, '2019-12-13 16:42:48', '2019-12-13 16:42:48', 'L'),
(733, 8, 18, 650000, 1, '2019-12-13 16:42:48', '2019-12-13 16:42:48', 'L'),
(734, 8, 18, 650000, 1, '2019-12-13 16:42:48', '2019-12-13 16:42:48', 'L'),
(735, 8, 18, 650000, 1, '2019-12-13 16:45:02', '2019-12-13 16:45:02', 'L'),
(736, 8, 18, 650000, 1, '2019-12-13 16:45:02', '2019-12-13 16:45:02', 'L'),
(737, 8, 18, 650000, 1, '2019-12-13 16:45:02', '2019-12-13 16:45:02', 'L'),
(738, 8, 18, 650000, 1, '2019-12-13 16:45:02', '2019-12-13 16:45:02', 'L'),
(739, 8, 18, 650000, 1, '2019-12-13 16:45:02', '2019-12-13 16:45:02', 'L'),
(740, 8, 18, 650000, 1, '2019-12-13 16:45:02', '2019-12-13 16:45:02', 'L'),
(741, 8, 18, 650000, 1, '2019-12-13 16:45:02', '2019-12-13 16:45:02', 'L'),
(742, 8, 18, 650000, 1, '2019-12-13 16:45:02', '2019-12-13 16:45:02', 'L'),
(743, 8, 18, 650000, 1, '2019-12-13 16:45:02', '2019-12-13 16:45:02', 'L'),
(744, 8, 18, 650000, 1, '2019-12-13 16:45:02', '2019-12-13 16:45:02', 'L'),
(745, 8, 18, 650000, 1, '2019-12-13 16:45:03', '2019-12-13 16:45:03', 'L'),
(746, 8, 18, 650000, 1, '2019-12-13 16:45:03', '2019-12-13 16:45:03', 'L'),
(747, 8, 18, 650000, 1, '2019-12-13 16:45:03', '2019-12-13 16:45:03', 'L'),
(748, 8, 18, 650000, 1, '2019-12-13 16:45:03', '2019-12-13 16:45:03', 'L'),
(749, 8, 18, 650000, 1, '2019-12-13 16:45:03', '2019-12-13 16:45:03', 'L'),
(750, 8, 18, 650000, 1, '2019-12-13 16:45:03', '2019-12-13 16:45:03', 'L'),
(751, 8, 18, 650000, 1, '2019-12-13 16:45:03', '2019-12-13 16:45:03', 'L'),
(752, 8, 18, 650000, 1, '2019-12-13 16:45:03', '2019-12-13 16:45:03', 'L'),
(753, 8, 18, 650000, 1, '2019-12-13 16:45:03', '2019-12-13 16:45:03', 'L'),
(754, 8, 18, 650000, 1, '2019-12-13 16:45:03', '2019-12-13 16:45:03', 'L'),
(755, 8, 18, 650000, 1, '2019-12-13 16:45:03', '2019-12-13 16:45:03', 'L'),
(756, 8, 18, 650000, 1, '2019-12-13 16:45:03', '2019-12-13 16:45:03', 'L'),
(757, 8, 18, 650000, 1, '2019-12-13 16:45:03', '2019-12-13 16:45:03', 'L'),
(758, 8, 18, 650000, 1, '2019-12-13 16:45:03', '2019-12-13 16:45:03', 'L'),
(759, 8, 18, 650000, 1, '2019-12-13 16:45:03', '2019-12-13 16:45:03', 'L'),
(760, 8, 18, 650000, 1, '2019-12-13 16:45:03', '2019-12-13 16:45:03', 'L'),
(761, 8, 18, 650000, 1, '2019-12-13 16:45:03', '2019-12-13 16:45:03', 'L'),
(762, 8, 18, 650000, 1, '2019-12-13 16:45:04', '2019-12-13 16:45:04', 'L'),
(763, 8, 18, 650000, 1, '2019-12-13 16:45:04', '2019-12-13 16:45:04', 'L'),
(764, 8, 18, 650000, 1, '2019-12-13 16:45:04', '2019-12-13 16:45:04', 'L'),
(765, 8, 18, 650000, 1, '2019-12-13 16:45:04', '2019-12-13 16:45:04', 'L'),
(766, 8, 18, 650000, 1, '2019-12-13 16:45:04', '2019-12-13 16:45:04', 'L'),
(767, 8, 18, 650000, 1, '2019-12-13 16:45:04', '2019-12-13 16:45:04', 'L'),
(768, 8, 18, 650000, 1, '2019-12-13 16:45:04', '2019-12-13 16:45:04', 'L'),
(769, 8, 18, 650000, 1, '2019-12-13 16:45:04', '2019-12-13 16:45:04', 'L'),
(770, 8, 18, 650000, 1, '2019-12-13 16:45:04', '2019-12-13 16:45:04', 'L'),
(771, 8, 18, 650000, 1, '2019-12-13 16:45:04', '2019-12-13 16:45:04', 'L'),
(772, 8, 18, 650000, 1, '2019-12-13 16:45:04', '2019-12-13 16:45:04', 'L'),
(773, 8, 18, 650000, 1, '2019-12-13 16:45:04', '2019-12-13 16:45:04', 'L'),
(774, 8, 18, 650000, 1, '2019-12-13 16:45:04', '2019-12-13 16:45:04', 'L'),
(775, 8, 18, 650000, 1, '2019-12-13 16:45:04', '2019-12-13 16:45:04', 'L'),
(776, 8, 18, 650000, 1, '2019-12-13 16:45:04', '2019-12-13 16:45:04', 'L'),
(777, 8, 18, 650000, 1, '2019-12-13 16:45:04', '2019-12-13 16:45:04', 'L'),
(778, 8, 18, 650000, 1, '2019-12-13 16:45:04', '2019-12-13 16:45:04', 'L'),
(779, 8, 18, 650000, 1, '2019-12-13 16:45:04', '2019-12-13 16:45:04', 'L'),
(780, 8, 18, 650000, 1, '2019-12-13 16:45:04', '2019-12-13 16:45:04', 'L'),
(781, 8, 18, 650000, 1, '2019-12-13 16:45:04', '2019-12-13 16:45:04', 'L'),
(782, 8, 18, 650000, 1, '2019-12-13 16:45:04', '2019-12-13 16:45:04', 'L'),
(783, 8, 18, 650000, 1, '2019-12-13 16:45:05', '2019-12-13 16:45:05', 'L'),
(784, 8, 18, 650000, 1, '2019-12-13 16:45:05', '2019-12-13 16:45:05', 'L'),
(785, 8, 18, 650000, 1, '2019-12-13 16:45:05', '2019-12-13 16:45:05', 'L'),
(786, 8, 18, 650000, 1, '2019-12-13 16:45:05', '2019-12-13 16:45:05', 'L'),
(787, 8, 18, 650000, 1, '2019-12-13 16:45:05', '2019-12-13 16:45:05', 'L'),
(788, 8, 18, 650000, 1, '2019-12-13 16:45:05', '2019-12-13 16:45:05', 'L'),
(789, 8, 18, 650000, 1, '2019-12-13 16:45:05', '2019-12-13 16:45:05', 'L'),
(790, 8, 18, 650000, 1, '2019-12-13 16:45:05', '2019-12-13 16:45:05', 'L'),
(791, 8, 18, 650000, 1, '2019-12-13 16:45:05', '2019-12-13 16:45:05', 'L'),
(792, 8, 18, 650000, 1, '2019-12-13 16:45:05', '2019-12-13 16:45:05', 'L'),
(793, 8, 18, 650000, 1, '2019-12-13 16:45:05', '2019-12-13 16:45:05', 'L'),
(794, 8, 18, 650000, 1, '2019-12-13 16:45:05', '2019-12-13 16:45:05', 'L'),
(795, 8, 18, 650000, 1, '2019-12-13 16:45:05', '2019-12-13 16:45:05', 'L'),
(796, 8, 18, 650000, 1, '2019-12-13 16:45:05', '2019-12-13 16:45:05', 'L'),
(797, 8, 18, 650000, 1, '2019-12-13 16:45:05', '2019-12-13 16:45:05', 'L'),
(798, 8, 18, 650000, 1, '2019-12-13 16:45:05', '2019-12-13 16:45:05', 'L'),
(799, 8, 18, 650000, 1, '2019-12-13 16:45:05', '2019-12-13 16:45:05', 'L'),
(800, 8, 18, 650000, 1, '2019-12-13 16:45:05', '2019-12-13 16:45:05', 'L'),
(801, 8, 18, 650000, 1, '2019-12-13 16:45:05', '2019-12-13 16:45:05', 'L'),
(802, 8, 18, 650000, 1, '2019-12-13 16:45:05', '2019-12-13 16:45:05', 'L'),
(803, 8, 18, 650000, 1, '2019-12-13 16:45:06', '2019-12-13 16:45:06', 'L'),
(804, 8, 18, 650000, 1, '2019-12-13 16:45:06', '2019-12-13 16:45:06', 'L'),
(805, 8, 18, 650000, 1, '2019-12-13 16:45:06', '2019-12-13 16:45:06', 'L'),
(806, 8, 18, 650000, 1, '2019-12-13 16:45:06', '2019-12-13 16:45:06', 'L'),
(807, 8, 18, 650000, 1, '2019-12-13 16:45:06', '2019-12-13 16:45:06', 'L'),
(808, 8, 18, 650000, 1, '2019-12-13 16:45:06', '2019-12-13 16:45:06', 'L'),
(809, 8, 18, 650000, 1, '2019-12-13 16:45:06', '2019-12-13 16:45:06', 'L'),
(810, 8, 18, 650000, 1, '2019-12-13 16:45:06', '2019-12-13 16:45:06', 'L'),
(811, 8, 18, 650000, 1, '2019-12-13 16:45:06', '2019-12-13 16:45:06', 'L'),
(812, 8, 18, 650000, 1, '2019-12-13 16:45:06', '2019-12-13 16:45:06', 'L'),
(813, 8, 18, 650000, 1, '2019-12-13 16:45:06', '2019-12-13 16:45:06', 'L'),
(814, 8, 18, 650000, 1, '2019-12-13 16:45:06', '2019-12-13 16:45:06', 'L'),
(815, 8, 18, 650000, 1, '2019-12-13 16:45:06', '2019-12-13 16:45:06', 'L'),
(816, 8, 18, 650000, 1, '2019-12-13 16:45:06', '2019-12-13 16:45:06', 'L'),
(817, 8, 18, 650000, 1, '2019-12-13 16:45:06', '2019-12-13 16:45:06', 'L'),
(818, 8, 18, 650000, 1, '2019-12-13 16:45:06', '2019-12-13 16:45:06', 'L'),
(819, 8, 18, 650000, 1, '2019-12-13 16:45:06', '2019-12-13 16:45:06', 'L'),
(820, 8, 18, 650000, 1, '2019-12-13 16:45:06', '2019-12-13 16:45:06', 'L'),
(821, 8, 18, 650000, 1, '2019-12-13 16:45:06', '2019-12-13 16:45:06', 'L'),
(822, 8, 18, 650000, 1, '2019-12-13 16:45:07', '2019-12-13 16:45:07', 'L'),
(823, 8, 18, 650000, 1, '2019-12-13 16:45:07', '2019-12-13 16:45:07', 'L'),
(824, 8, 18, 650000, 1, '2019-12-13 16:45:07', '2019-12-13 16:45:07', 'L'),
(825, 8, 18, 650000, 1, '2019-12-13 16:45:07', '2019-12-13 16:45:07', 'L'),
(826, 8, 18, 650000, 1, '2019-12-13 16:45:07', '2019-12-13 16:45:07', 'L'),
(827, 8, 18, 650000, 1, '2019-12-13 16:45:07', '2019-12-13 16:45:07', 'L'),
(828, 8, 18, 650000, 1, '2019-12-13 16:45:07', '2019-12-13 16:45:07', 'L'),
(829, 8, 18, 650000, 1, '2019-12-13 16:45:07', '2019-12-13 16:45:07', 'L'),
(830, 8, 18, 650000, 1, '2019-12-13 16:45:07', '2019-12-13 16:45:07', 'L'),
(831, 8, 18, 650000, 1, '2019-12-13 16:45:07', '2019-12-13 16:45:07', 'L'),
(832, 8, 18, 650000, 1, '2019-12-13 16:45:07', '2019-12-13 16:45:07', 'L'),
(833, 8, 18, 650000, 1, '2019-12-13 16:45:07', '2019-12-13 16:45:07', 'L'),
(834, 8, 18, 650000, 1, '2019-12-13 16:45:07', '2019-12-13 16:45:07', 'L'),
(835, 8, 18, 650000, 1, '2019-12-13 16:45:07', '2019-12-13 16:45:07', 'L'),
(836, 8, 18, 650000, 1, '2019-12-13 16:45:07', '2019-12-13 16:45:07', 'L'),
(837, 8, 18, 650000, 1, '2019-12-13 16:45:07', '2019-12-13 16:45:07', 'L'),
(838, 8, 18, 650000, 1, '2019-12-13 16:45:07', '2019-12-13 16:45:07', 'L'),
(839, 8, 18, 650000, 1, '2019-12-13 16:45:07', '2019-12-13 16:45:07', 'L'),
(840, 8, 18, 650000, 1, '2019-12-13 16:45:07', '2019-12-13 16:45:07', 'L'),
(841, 8, 18, 650000, 1, '2019-12-13 16:45:08', '2019-12-13 16:45:08', 'L'),
(842, 8, 18, 650000, 1, '2019-12-13 16:45:08', '2019-12-13 16:45:08', 'L'),
(843, 8, 18, 650000, 1, '2019-12-13 16:45:08', '2019-12-13 16:45:08', 'L'),
(844, 8, 18, 650000, 1, '2019-12-13 16:45:08', '2019-12-13 16:45:08', 'L'),
(845, 8, 18, 650000, 1, '2019-12-13 16:45:08', '2019-12-13 16:45:08', 'L'),
(846, 8, 18, 650000, 1, '2019-12-13 16:45:08', '2019-12-13 16:45:08', 'L'),
(847, 8, 18, 650000, 1, '2019-12-13 16:45:08', '2019-12-13 16:45:08', 'L'),
(848, 8, 18, 650000, 1, '2019-12-13 16:45:08', '2019-12-13 16:45:08', 'L'),
(849, 8, 18, 650000, 1, '2019-12-13 16:45:08', '2019-12-13 16:45:08', 'L'),
(850, 8, 18, 650000, 1, '2019-12-13 16:45:08', '2019-12-13 16:45:08', 'L'),
(851, 8, 18, 650000, 1, '2019-12-13 16:45:08', '2019-12-13 16:45:08', 'L'),
(852, 8, 18, 650000, 1, '2019-12-13 16:45:08', '2019-12-13 16:45:08', 'L'),
(853, 8, 18, 650000, 1, '2019-12-13 16:45:08', '2019-12-13 16:45:08', 'L'),
(854, 8, 18, 650000, 1, '2019-12-13 16:45:08', '2019-12-13 16:45:08', 'L'),
(855, 8, 18, 650000, 1, '2019-12-13 16:45:08', '2019-12-13 16:45:08', 'L'),
(856, 8, 18, 650000, 1, '2019-12-13 16:45:08', '2019-12-13 16:45:08', 'L'),
(857, 8, 18, 650000, 1, '2019-12-13 16:45:08', '2019-12-13 16:45:08', 'L'),
(858, 8, 18, 650000, 1, '2019-12-13 16:45:08', '2019-12-13 16:45:08', 'L'),
(859, 8, 18, 650000, 1, '2019-12-13 16:45:08', '2019-12-13 16:45:08', 'L'),
(860, 8, 18, 650000, 1, '2019-12-13 16:45:08', '2019-12-13 16:45:08', 'L'),
(861, 8, 18, 650000, 1, '2019-12-13 16:45:08', '2019-12-13 16:45:08', 'L'),
(862, 8, 18, 650000, 1, '2019-12-13 16:45:09', '2019-12-13 16:45:09', 'L'),
(863, 8, 18, 650000, 1, '2019-12-13 16:45:09', '2019-12-13 16:45:09', 'L'),
(864, 8, 18, 650000, 1, '2019-12-13 16:45:09', '2019-12-13 16:45:09', 'L'),
(865, 8, 18, 650000, 1, '2019-12-13 16:45:09', '2019-12-13 16:45:09', 'L'),
(866, 8, 18, 650000, 1, '2019-12-13 16:45:09', '2019-12-13 16:45:09', 'L'),
(867, 8, 18, 650000, 1, '2019-12-13 16:45:09', '2019-12-13 16:45:09', 'L'),
(868, 8, 18, 650000, 1, '2019-12-13 16:45:09', '2019-12-13 16:45:09', 'L'),
(869, 8, 18, 650000, 1, '2019-12-13 16:45:09', '2019-12-13 16:45:09', 'L'),
(870, 8, 18, 650000, 1, '2019-12-13 16:45:09', '2019-12-13 16:45:09', 'L'),
(871, 8, 18, 650000, 1, '2019-12-13 16:45:09', '2019-12-13 16:45:09', 'L'),
(872, 8, 18, 650000, 1, '2019-12-13 16:45:09', '2019-12-13 16:45:09', 'L'),
(873, 8, 18, 650000, 1, '2019-12-13 16:45:09', '2019-12-13 16:45:09', 'L'),
(874, 8, 18, 650000, 1, '2019-12-13 16:45:09', '2019-12-13 16:45:09', 'L'),
(875, 8, 18, 650000, 1, '2019-12-13 16:45:09', '2019-12-13 16:45:09', 'L'),
(876, 8, 18, 650000, 1, '2019-12-13 16:45:09', '2019-12-13 16:45:09', 'L'),
(877, 8, 18, 650000, 1, '2019-12-13 16:45:09', '2019-12-13 16:45:09', 'L'),
(878, 8, 18, 650000, 1, '2019-12-13 16:45:09', '2019-12-13 16:45:09', 'L'),
(879, 8, 18, 650000, 1, '2019-12-13 16:45:09', '2019-12-13 16:45:09', 'L'),
(880, 8, 18, 650000, 1, '2019-12-13 16:45:09', '2019-12-13 16:45:09', 'L'),
(881, 8, 18, 650000, 1, '2019-12-13 16:45:10', '2019-12-13 16:45:10', 'L'),
(882, 8, 18, 650000, 1, '2019-12-13 16:45:10', '2019-12-13 16:45:10', 'L'),
(883, 8, 18, 650000, 1, '2019-12-13 16:45:10', '2019-12-13 16:45:10', 'L'),
(884, 8, 18, 650000, 1, '2019-12-13 16:45:10', '2019-12-13 16:45:10', 'L'),
(885, 8, 18, 650000, 1, '2019-12-13 16:45:10', '2019-12-13 16:45:10', 'L'),
(886, 8, 18, 650000, 1, '2019-12-13 16:45:10', '2019-12-13 16:45:10', 'L'),
(887, 8, 18, 650000, 1, '2019-12-13 16:45:10', '2019-12-13 16:45:10', 'L'),
(888, 8, 18, 650000, 1, '2019-12-13 16:45:10', '2019-12-13 16:45:10', 'L'),
(889, 8, 18, 650000, 1, '2019-12-13 16:45:10', '2019-12-13 16:45:10', 'L'),
(890, 8, 18, 650000, 1, '2019-12-13 16:45:10', '2019-12-13 16:45:10', 'L'),
(891, 8, 18, 650000, 1, '2019-12-13 16:45:10', '2019-12-13 16:45:10', 'L'),
(892, 8, 18, 650000, 1, '2019-12-13 16:45:10', '2019-12-13 16:45:10', 'L'),
(893, 8, 18, 650000, 1, '2019-12-13 16:45:10', '2019-12-13 16:45:10', 'L'),
(894, 8, 18, 650000, 1, '2019-12-13 16:45:10', '2019-12-13 16:45:10', 'L'),
(895, 8, 18, 650000, 1, '2019-12-13 16:45:10', '2019-12-13 16:45:10', 'L'),
(896, 8, 18, 650000, 1, '2019-12-13 16:45:10', '2019-12-13 16:45:10', 'L'),
(897, 8, 18, 650000, 1, '2019-12-13 16:45:10', '2019-12-13 16:45:10', 'L'),
(898, 8, 18, 650000, 1, '2019-12-13 16:45:10', '2019-12-13 16:45:10', 'L'),
(899, 8, 18, 650000, 1, '2019-12-13 16:45:10', '2019-12-13 16:45:10', 'L'),
(900, 8, 18, 650000, 1, '2019-12-13 16:45:10', '2019-12-13 16:45:10', 'L'),
(901, 8, 18, 650000, 1, '2019-12-13 16:45:10', '2019-12-13 16:45:10', 'L'),
(902, 8, 18, 650000, 1, '2019-12-13 16:45:11', '2019-12-13 16:45:11', 'L'),
(903, 8, 18, 650000, 1, '2019-12-13 16:45:11', '2019-12-13 16:45:11', 'L'),
(904, 8, 18, 650000, 1, '2019-12-13 16:45:11', '2019-12-13 16:45:11', 'L'),
(905, 8, 18, 650000, 1, '2019-12-13 16:45:11', '2019-12-13 16:45:11', 'L'),
(906, 8, 18, 650000, 1, '2019-12-13 16:45:11', '2019-12-13 16:45:11', 'L'),
(907, 8, 18, 650000, 1, '2019-12-13 16:45:11', '2019-12-13 16:45:11', 'L'),
(908, 8, 18, 650000, 1, '2019-12-13 16:45:11', '2019-12-13 16:45:11', 'L'),
(909, 8, 18, 650000, 1, '2019-12-13 16:45:11', '2019-12-13 16:45:11', 'L'),
(910, 8, 18, 650000, 1, '2019-12-13 16:45:11', '2019-12-13 16:45:11', 'L'),
(911, 8, 18, 650000, 1, '2019-12-13 16:45:11', '2019-12-13 16:45:11', 'L'),
(912, 8, 18, 650000, 1, '2019-12-13 16:45:11', '2019-12-13 16:45:11', 'L'),
(913, 8, 18, 650000, 1, '2019-12-13 16:45:11', '2019-12-13 16:45:11', 'L'),
(914, 8, 18, 650000, 1, '2019-12-13 16:45:11', '2019-12-13 16:45:11', 'L'),
(915, 8, 18, 650000, 1, '2019-12-13 16:45:11', '2019-12-13 16:45:11', 'L'),
(916, 8, 18, 650000, 1, '2019-12-13 16:45:11', '2019-12-13 16:45:11', 'L'),
(917, 8, 18, 650000, 1, '2019-12-13 16:45:11', '2019-12-13 16:45:11', 'L'),
(918, 8, 18, 650000, 1, '2019-12-13 16:45:11', '2019-12-13 16:45:11', 'L'),
(919, 8, 18, 650000, 1, '2019-12-13 16:45:11', '2019-12-13 16:45:11', 'L'),
(920, 8, 18, 650000, 1, '2019-12-13 16:45:11', '2019-12-13 16:45:11', 'L'),
(921, 8, 18, 650000, 1, '2019-12-13 16:45:11', '2019-12-13 16:45:11', 'L'),
(922, 8, 18, 650000, 1, '2019-12-13 16:45:12', '2019-12-13 16:45:12', 'L'),
(923, 8, 18, 650000, 1, '2019-12-13 16:45:12', '2019-12-13 16:45:12', 'L'),
(924, 8, 18, 650000, 1, '2019-12-13 16:45:12', '2019-12-13 16:45:12', 'L'),
(925, 8, 18, 650000, 1, '2019-12-13 16:45:12', '2019-12-13 16:45:12', 'L'),
(926, 8, 18, 650000, 1, '2019-12-13 16:45:12', '2019-12-13 16:45:12', 'L'),
(927, 8, 18, 650000, 1, '2019-12-13 16:45:12', '2019-12-13 16:45:12', 'L'),
(928, 8, 18, 650000, 1, '2019-12-13 16:45:12', '2019-12-13 16:45:12', 'L'),
(929, 8, 18, 650000, 1, '2019-12-13 16:45:12', '2019-12-13 16:45:12', 'L'),
(930, 8, 18, 650000, 1, '2019-12-13 16:45:12', '2019-12-13 16:45:12', 'L'),
(931, 8, 18, 650000, 1, '2019-12-13 16:45:12', '2019-12-13 16:45:12', 'L'),
(932, 8, 18, 650000, 1, '2019-12-13 16:45:12', '2019-12-13 16:45:12', 'L'),
(933, 8, 18, 650000, 1, '2019-12-13 16:45:12', '2019-12-13 16:45:12', 'L'),
(934, 8, 18, 650000, 1, '2019-12-13 16:45:12', '2019-12-13 16:45:12', 'L'),
(935, 8, 18, 650000, 1, '2019-12-13 16:45:12', '2019-12-13 16:45:12', 'L'),
(936, 8, 18, 650000, 1, '2019-12-13 16:45:12', '2019-12-13 16:45:12', 'L'),
(937, 8, 18, 650000, 1, '2019-12-13 16:45:12', '2019-12-13 16:45:12', 'L'),
(938, 8, 18, 650000, 1, '2019-12-13 16:45:12', '2019-12-13 16:45:12', 'L'),
(939, 8, 18, 650000, 1, '2019-12-13 16:45:12', '2019-12-13 16:45:12', 'L'),
(940, 8, 18, 650000, 1, '2019-12-13 16:45:12', '2019-12-13 16:45:12', 'L'),
(941, 8, 18, 650000, 1, '2019-12-13 16:45:12', '2019-12-13 16:45:12', 'L'),
(942, 8, 18, 650000, 1, '2019-12-13 16:45:12', '2019-12-13 16:45:12', 'L'),
(943, 8, 18, 650000, 1, '2019-12-13 16:45:12', '2019-12-13 16:45:12', 'L'),
(944, 8, 18, 650000, 1, '2019-12-13 16:45:13', '2019-12-13 16:45:13', 'L'),
(945, 8, 18, 650000, 1, '2019-12-13 16:45:13', '2019-12-13 16:45:13', 'L'),
(946, 8, 18, 650000, 1, '2019-12-13 16:45:13', '2019-12-13 16:45:13', 'L'),
(947, 8, 18, 650000, 1, '2019-12-13 16:45:13', '2019-12-13 16:45:13', 'L'),
(948, 8, 18, 650000, 1, '2019-12-13 16:45:13', '2019-12-13 16:45:13', 'L'),
(949, 8, 18, 650000, 1, '2019-12-13 16:45:13', '2019-12-13 16:45:13', 'L'),
(950, 8, 18, 650000, 1, '2019-12-13 16:45:13', '2019-12-13 16:45:13', 'L'),
(951, 8, 18, 650000, 1, '2019-12-13 16:45:13', '2019-12-13 16:45:13', 'L'),
(952, 8, 18, 650000, 1, '2019-12-13 16:45:13', '2019-12-13 16:45:13', 'L'),
(953, 8, 18, 650000, 1, '2019-12-13 16:45:13', '2019-12-13 16:45:13', 'L'),
(954, 8, 18, 650000, 1, '2019-12-13 16:45:13', '2019-12-13 16:45:13', 'L'),
(955, 8, 18, 650000, 1, '2019-12-13 16:45:13', '2019-12-13 16:45:13', 'L'),
(956, 8, 18, 650000, 1, '2019-12-13 16:45:13', '2019-12-13 16:45:13', 'L'),
(957, 8, 18, 650000, 1, '2019-12-13 16:45:13', '2019-12-13 16:45:13', 'L'),
(958, 8, 18, 650000, 1, '2019-12-13 16:45:13', '2019-12-13 16:45:13', 'L'),
(959, 8, 18, 650000, 1, '2019-12-13 16:45:13', '2019-12-13 16:45:13', 'L'),
(960, 8, 18, 650000, 1, '2019-12-13 16:45:13', '2019-12-13 16:45:13', 'L'),
(961, 8, 18, 650000, 1, '2019-12-13 16:45:13', '2019-12-13 16:45:13', 'L'),
(962, 8, 18, 650000, 1, '2019-12-13 16:45:13', '2019-12-13 16:45:13', 'L'),
(963, 8, 18, 650000, 1, '2019-12-13 16:45:13', '2019-12-13 16:45:13', 'L'),
(964, 8, 18, 650000, 1, '2019-12-13 16:45:14', '2019-12-13 16:45:14', 'L'),
(965, 8, 18, 650000, 1, '2019-12-13 16:45:14', '2019-12-13 16:45:14', 'L'),
(966, 8, 18, 650000, 1, '2019-12-13 16:45:14', '2019-12-13 16:45:14', 'L'),
(967, 8, 18, 650000, 1, '2019-12-13 16:45:14', '2019-12-13 16:45:14', 'L'),
(968, 8, 18, 650000, 1, '2019-12-13 16:45:14', '2019-12-13 16:45:14', 'L'),
(969, 8, 18, 650000, 1, '2019-12-13 16:45:14', '2019-12-13 16:45:14', 'L'),
(970, 8, 18, 650000, 1, '2019-12-13 16:45:14', '2019-12-13 16:45:14', 'L'),
(971, 8, 18, 650000, 1, '2019-12-13 16:45:14', '2019-12-13 16:45:14', 'L'),
(972, 8, 18, 650000, 1, '2019-12-13 16:45:14', '2019-12-13 16:45:14', 'L'),
(973, 8, 18, 650000, 1, '2019-12-13 16:45:14', '2019-12-13 16:45:14', 'L'),
(974, 8, 18, 650000, 1, '2019-12-13 16:45:14', '2019-12-13 16:45:14', 'L'),
(975, 8, 18, 650000, 1, '2019-12-13 16:45:14', '2019-12-13 16:45:14', 'L'),
(976, 8, 18, 650000, 1, '2019-12-13 16:45:14', '2019-12-13 16:45:14', 'L'),
(977, 8, 18, 650000, 1, '2019-12-13 16:45:14', '2019-12-13 16:45:14', 'L'),
(978, 8, 18, 650000, 1, '2019-12-13 16:45:14', '2019-12-13 16:45:14', 'L'),
(979, 8, 18, 650000, 1, '2019-12-13 16:45:14', '2019-12-13 16:45:14', 'L'),
(980, 8, 18, 650000, 1, '2019-12-13 16:45:14', '2019-12-13 16:45:14', 'L'),
(981, 8, 18, 650000, 1, '2019-12-13 16:45:14', '2019-12-13 16:45:14', 'L'),
(982, 8, 18, 650000, 1, '2019-12-13 16:45:14', '2019-12-13 16:45:14', 'L'),
(983, 8, 18, 650000, 1, '2019-12-13 16:45:14', '2019-12-13 16:45:14', 'L'),
(984, 8, 18, 650000, 1, '2019-12-13 16:45:15', '2019-12-13 16:45:15', 'L'),
(985, 8, 18, 650000, 1, '2019-12-13 16:45:15', '2019-12-13 16:45:15', 'L'),
(986, 8, 18, 650000, 1, '2019-12-13 16:45:15', '2019-12-13 16:45:15', 'L'),
(987, 8, 18, 650000, 1, '2019-12-13 16:45:15', '2019-12-13 16:45:15', 'L'),
(988, 8, 18, 650000, 1, '2019-12-13 16:45:15', '2019-12-13 16:45:15', 'L'),
(989, 8, 18, 650000, 1, '2019-12-13 16:45:15', '2019-12-13 16:45:15', 'L'),
(990, 8, 18, 650000, 1, '2019-12-13 16:45:15', '2019-12-13 16:45:15', 'L'),
(991, 8, 18, 650000, 1, '2019-12-13 16:45:15', '2019-12-13 16:45:15', 'L'),
(992, 8, 18, 650000, 1, '2019-12-13 16:45:15', '2019-12-13 16:45:15', 'L'),
(993, 8, 18, 650000, 1, '2019-12-13 16:45:15', '2019-12-13 16:45:15', 'L'),
(994, 8, 18, 650000, 1, '2019-12-13 16:45:15', '2019-12-13 16:45:15', 'L'),
(995, 8, 18, 650000, 1, '2019-12-13 16:45:15', '2019-12-13 16:45:15', 'L'),
(996, 8, 18, 650000, 1, '2019-12-13 16:45:15', '2019-12-13 16:45:15', 'L'),
(997, 8, 18, 650000, 1, '2019-12-13 16:45:15', '2019-12-13 16:45:15', 'L'),
(998, 8, 18, 650000, 1, '2019-12-13 16:45:15', '2019-12-13 16:45:15', 'L'),
(999, 8, 18, 650000, 1, '2019-12-13 16:45:15', '2019-12-13 16:45:15', 'L'),
(1000, 8, 18, 650000, 1, '2019-12-13 16:45:15', '2019-12-13 16:45:15', 'L'),
(1001, 8, 18, 650000, 1, '2019-12-13 16:45:15', '2019-12-13 16:45:15', 'L'),
(1002, 8, 18, 650000, 1, '2019-12-13 16:45:15', '2019-12-13 16:45:15', 'L'),
(1003, 8, 18, 650000, 1, '2019-12-13 16:45:15', '2019-12-13 16:45:15', 'L'),
(1004, 8, 18, 650000, 1, '2019-12-13 16:45:16', '2019-12-13 16:45:16', 'L'),
(1005, 8, 18, 650000, 1, '2019-12-13 16:45:16', '2019-12-13 16:45:16', 'L'),
(1006, 8, 18, 650000, 1, '2019-12-13 16:45:16', '2019-12-13 16:45:16', 'L'),
(1007, 8, 18, 650000, 1, '2019-12-13 16:45:16', '2019-12-13 16:45:16', 'L'),
(1008, 8, 18, 650000, 1, '2019-12-13 16:45:16', '2019-12-13 16:45:16', 'L'),
(1009, 8, 18, 650000, 1, '2019-12-13 16:45:16', '2019-12-13 16:45:16', 'L'),
(1010, 8, 18, 650000, 1, '2019-12-13 16:45:16', '2019-12-13 16:45:16', 'L'),
(1011, 8, 18, 650000, 1, '2019-12-13 16:45:16', '2019-12-13 16:45:16', 'L'),
(1012, 8, 18, 650000, 1, '2019-12-13 16:45:16', '2019-12-13 16:45:16', 'L'),
(1013, 8, 18, 650000, 1, '2019-12-13 16:45:16', '2019-12-13 16:45:16', 'L'),
(1014, 8, 18, 650000, 1, '2019-12-13 16:45:16', '2019-12-13 16:45:16', 'L'),
(1015, 8, 18, 650000, 1, '2019-12-13 16:45:16', '2019-12-13 16:45:16', 'L'),
(1016, 8, 18, 650000, 1, '2019-12-13 16:45:16', '2019-12-13 16:45:16', 'L'),
(1017, 8, 18, 650000, 1, '2019-12-13 16:45:16', '2019-12-13 16:45:16', 'L'),
(1018, 8, 18, 650000, 1, '2019-12-13 16:45:16', '2019-12-13 16:45:16', 'L'),
(1019, 8, 18, 650000, 1, '2019-12-13 16:45:16', '2019-12-13 16:45:16', 'L'),
(1020, 8, 18, 650000, 1, '2019-12-13 16:45:16', '2019-12-13 16:45:16', 'L'),
(1021, 8, 18, 650000, 1, '2019-12-13 16:45:16', '2019-12-13 16:45:16', 'L'),
(1022, 8, 18, 650000, 1, '2019-12-13 16:45:16', '2019-12-13 16:45:16', 'L'),
(1023, 8, 18, 650000, 1, '2019-12-13 16:45:16', '2019-12-13 16:45:16', 'L'),
(1024, 8, 18, 650000, 1, '2019-12-13 16:45:16', '2019-12-13 16:45:16', 'L'),
(1025, 8, 18, 650000, 1, '2019-12-13 16:45:17', '2019-12-13 16:45:17', 'L'),
(1026, 8, 18, 650000, 1, '2019-12-13 16:45:17', '2019-12-13 16:45:17', 'L'),
(1027, 8, 18, 650000, 1, '2019-12-13 16:45:17', '2019-12-13 16:45:17', 'L'),
(1028, 8, 18, 650000, 1, '2019-12-13 16:45:17', '2019-12-13 16:45:17', 'L'),
(1029, 8, 18, 650000, 1, '2019-12-13 16:45:17', '2019-12-13 16:45:17', 'L'),
(1030, 8, 18, 650000, 1, '2019-12-13 16:45:17', '2019-12-13 16:45:17', 'L'),
(1031, 8, 18, 650000, 1, '2019-12-13 16:45:17', '2019-12-13 16:45:17', 'L'),
(1032, 8, 18, 650000, 1, '2019-12-13 16:45:17', '2019-12-13 16:45:17', 'L'),
(1033, 8, 18, 650000, 1, '2019-12-13 16:45:17', '2019-12-13 16:45:17', 'L'),
(1034, 8, 18, 650000, 1, '2019-12-13 16:45:17', '2019-12-13 16:45:17', 'L'),
(1035, 8, 18, 650000, 1, '2019-12-13 16:45:17', '2019-12-13 16:45:17', 'L'),
(1036, 8, 18, 650000, 1, '2019-12-13 16:45:17', '2019-12-13 16:45:17', 'L'),
(1037, 8, 18, 650000, 1, '2019-12-13 16:45:17', '2019-12-13 16:45:17', 'L'),
(1038, 8, 18, 650000, 1, '2019-12-13 16:45:17', '2019-12-13 16:45:17', 'L'),
(1039, 8, 18, 650000, 1, '2019-12-13 16:45:17', '2019-12-13 16:45:17', 'L'),
(1040, 8, 18, 650000, 1, '2019-12-13 16:45:17', '2019-12-13 16:45:17', 'L'),
(1041, 8, 18, 650000, 1, '2019-12-13 16:45:17', '2019-12-13 16:45:17', 'L'),
(1042, 8, 18, 650000, 1, '2019-12-13 16:45:17', '2019-12-13 16:45:17', 'L'),
(1043, 8, 18, 650000, 1, '2019-12-13 16:45:17', '2019-12-13 16:45:17', 'L'),
(1044, 8, 18, 650000, 1, '2019-12-13 16:45:17', '2019-12-13 16:45:17', 'L'),
(1045, 8, 18, 650000, 1, '2019-12-13 16:45:18', '2019-12-13 16:45:18', 'L'),
(1046, 8, 18, 650000, 1, '2019-12-13 16:45:18', '2019-12-13 16:45:18', 'L'),
(1047, 8, 18, 650000, 1, '2019-12-13 16:45:18', '2019-12-13 16:45:18', 'L'),
(1048, 8, 18, 650000, 1, '2019-12-13 16:45:18', '2019-12-13 16:45:18', 'L'),
(1049, 8, 18, 650000, 1, '2019-12-13 16:45:18', '2019-12-13 16:45:18', 'L'),
(1050, 8, 18, 650000, 1, '2019-12-13 16:45:18', '2019-12-13 16:45:18', 'L'),
(1051, 8, 18, 650000, 1, '2019-12-13 16:45:18', '2019-12-13 16:45:18', 'L'),
(1052, 8, 18, 650000, 1, '2019-12-13 16:45:18', '2019-12-13 16:45:18', 'L'),
(1053, 8, 18, 650000, 1, '2019-12-13 16:45:18', '2019-12-13 16:45:18', 'L'),
(1054, 8, 18, 650000, 1, '2019-12-13 16:45:18', '2019-12-13 16:45:18', 'L'),
(1055, 8, 18, 650000, 1, '2019-12-13 16:45:18', '2019-12-13 16:45:18', 'L'),
(1056, 8, 18, 650000, 1, '2019-12-13 16:45:18', '2019-12-13 16:45:18', 'L'),
(1057, 8, 18, 650000, 1, '2019-12-13 16:45:18', '2019-12-13 16:45:18', 'L'),
(1058, 8, 18, 650000, 1, '2019-12-13 16:45:18', '2019-12-13 16:45:18', 'L'),
(1059, 8, 18, 650000, 1, '2019-12-13 16:45:18', '2019-12-13 16:45:18', 'L'),
(1060, 8, 18, 650000, 1, '2019-12-13 16:45:18', '2019-12-13 16:45:18', 'L'),
(1061, 8, 18, 650000, 1, '2019-12-13 16:45:18', '2019-12-13 16:45:18', 'L'),
(1062, 8, 18, 650000, 1, '2019-12-13 16:45:18', '2019-12-13 16:45:18', 'L'),
(1063, 8, 18, 650000, 1, '2019-12-13 16:45:18', '2019-12-13 16:45:18', 'L'),
(1064, 8, 18, 650000, 1, '2019-12-13 16:45:18', '2019-12-13 16:45:18', 'L'),
(1065, 8, 18, 650000, 1, '2019-12-13 16:45:18', '2019-12-13 16:45:18', 'L'),
(1066, 8, 18, 650000, 1, '2019-12-13 16:45:18', '2019-12-13 16:45:18', 'L'),
(1067, 8, 18, 650000, 1, '2019-12-13 16:45:19', '2019-12-13 16:45:19', 'L'),
(1068, 8, 18, 650000, 1, '2019-12-13 16:45:19', '2019-12-13 16:45:19', 'L'),
(1069, 8, 18, 650000, 1, '2019-12-13 16:45:19', '2019-12-13 16:45:19', 'L'),
(1070, 8, 18, 650000, 1, '2019-12-13 16:45:19', '2019-12-13 16:45:19', 'L'),
(1071, 8, 18, 650000, 1, '2019-12-13 16:45:19', '2019-12-13 16:45:19', 'L'),
(1072, 8, 18, 650000, 1, '2019-12-13 16:45:19', '2019-12-13 16:45:19', 'L'),
(1073, 8, 18, 650000, 1, '2019-12-13 16:45:19', '2019-12-13 16:45:19', 'L'),
(1074, 8, 18, 650000, 1, '2019-12-13 16:45:19', '2019-12-13 16:45:19', 'L'),
(1075, 8, 18, 650000, 1, '2019-12-13 16:45:19', '2019-12-13 16:45:19', 'L'),
(1076, 8, 18, 650000, 1, '2019-12-13 16:45:19', '2019-12-13 16:45:19', 'L'),
(1077, 8, 18, 650000, 1, '2019-12-13 16:45:19', '2019-12-13 16:45:19', 'L'),
(1078, 8, 18, 650000, 1, '2019-12-13 16:45:19', '2019-12-13 16:45:19', 'L'),
(1079, 8, 18, 650000, 1, '2019-12-13 16:45:19', '2019-12-13 16:45:19', 'L'),
(1080, 8, 18, 650000, 1, '2019-12-13 16:45:19', '2019-12-13 16:45:19', 'L'),
(1081, 8, 18, 650000, 1, '2019-12-13 16:45:19', '2019-12-13 16:45:19', 'L'),
(1082, 8, 18, 650000, 1, '2019-12-13 16:45:19', '2019-12-13 16:45:19', 'L'),
(1083, 8, 18, 650000, 1, '2019-12-13 16:45:19', '2019-12-13 16:45:19', 'L'),
(1084, 8, 18, 650000, 1, '2019-12-13 16:45:19', '2019-12-13 16:45:19', 'L'),
(1085, 8, 18, 650000, 1, '2019-12-13 16:45:19', '2019-12-13 16:45:19', 'L'),
(1086, 8, 18, 650000, 1, '2019-12-13 16:45:19', '2019-12-13 16:45:19', 'L'),
(1087, 8, 18, 650000, 1, '2019-12-13 16:45:20', '2019-12-13 16:45:20', 'L'),
(1088, 8, 18, 650000, 1, '2019-12-13 16:45:20', '2019-12-13 16:45:20', 'L'),
(1089, 8, 18, 650000, 1, '2019-12-13 16:45:20', '2019-12-13 16:45:20', 'L'),
(1090, 8, 18, 650000, 1, '2019-12-13 16:45:20', '2019-12-13 16:45:20', 'L'),
(1091, 8, 18, 650000, 1, '2019-12-13 16:45:20', '2019-12-13 16:45:20', 'L'),
(1092, 8, 18, 650000, 1, '2019-12-13 16:45:20', '2019-12-13 16:45:20', 'L'),
(1093, 8, 18, 650000, 1, '2019-12-13 16:45:20', '2019-12-13 16:45:20', 'L'),
(1094, 8, 18, 650000, 1, '2019-12-13 16:45:20', '2019-12-13 16:45:20', 'L'),
(1095, 8, 18, 650000, 1, '2019-12-13 16:45:20', '2019-12-13 16:45:20', 'L'),
(1096, 8, 18, 650000, 1, '2019-12-13 16:45:20', '2019-12-13 16:45:20', 'L'),
(1097, 8, 18, 650000, 1, '2019-12-13 16:45:20', '2019-12-13 16:45:20', 'L'),
(1098, 8, 18, 650000, 1, '2019-12-13 16:45:20', '2019-12-13 16:45:20', 'L'),
(1099, 8, 18, 650000, 1, '2019-12-13 16:45:20', '2019-12-13 16:45:20', 'L'),
(1100, 8, 18, 650000, 1, '2019-12-13 16:45:20', '2019-12-13 16:45:20', 'L'),
(1101, 8, 18, 650000, 1, '2019-12-13 16:45:20', '2019-12-13 16:45:20', 'L'),
(1102, 10, 18, 1300000, 2, '2019-12-13 16:51:44', '2019-12-13 16:51:44', 'L'),
(1103, 10, 18, 1300000, 2, '2019-12-13 16:51:44', '2019-12-13 16:51:44', 'L'),
(1104, 10, 18, 1300000, 2, '2019-12-13 16:51:44', '2019-12-13 16:51:44', 'L'),
(1105, 10, 18, 1300000, 2, '2019-12-13 16:51:44', '2019-12-13 16:51:44', 'L'),
(1106, 10, 18, 1300000, 2, '2019-12-13 16:51:44', '2019-12-13 16:51:44', 'L'),
(1107, 10, 18, 1300000, 2, '2019-12-13 16:51:44', '2019-12-13 16:51:44', 'L'),
(1108, 10, 18, 1300000, 2, '2019-12-13 16:51:44', '2019-12-13 16:51:44', 'L'),
(1109, 10, 18, 1300000, 2, '2019-12-13 16:51:44', '2019-12-13 16:51:44', 'L'),
(1110, 10, 18, 1300000, 2, '2019-12-13 16:51:44', '2019-12-13 16:51:44', 'L'),
(1111, 10, 18, 1300000, 2, '2019-12-13 16:51:44', '2019-12-13 16:51:44', 'L'),
(1112, 10, 18, 1300000, 2, '2019-12-13 16:51:44', '2019-12-13 16:51:44', 'L'),
(1113, 10, 18, 1300000, 2, '2019-12-13 16:51:44', '2019-12-13 16:51:44', 'L'),
(1114, 10, 18, 1300000, 2, '2019-12-13 16:51:45', '2019-12-13 16:51:45', 'L'),
(1115, 10, 18, 1300000, 2, '2019-12-13 16:51:45', '2019-12-13 16:51:45', 'L'),
(1116, 10, 18, 1300000, 2, '2019-12-13 16:51:45', '2019-12-13 16:51:45', 'L'),
(1117, 10, 18, 1300000, 2, '2019-12-13 16:51:45', '2019-12-13 16:51:45', 'L'),
(1118, 10, 18, 1300000, 2, '2019-12-13 16:51:45', '2019-12-13 16:51:45', 'L'),
(1119, 10, 18, 1300000, 2, '2019-12-13 16:51:45', '2019-12-13 16:51:45', 'L'),
(1120, 10, 18, 1300000, 2, '2019-12-13 16:51:45', '2019-12-13 16:51:45', 'L'),
(1121, 10, 18, 1300000, 2, '2019-12-13 16:51:45', '2019-12-13 16:51:45', 'L'),
(1122, 10, 18, 1300000, 2, '2019-12-13 16:51:45', '2019-12-13 16:51:45', 'L'),
(1123, 10, 18, 1300000, 2, '2019-12-13 16:51:45', '2019-12-13 16:51:45', 'L'),
(1124, 10, 18, 1300000, 2, '2019-12-13 16:51:45', '2019-12-13 16:51:45', 'L'),
(1125, 10, 18, 1300000, 2, '2019-12-13 16:51:45', '2019-12-13 16:51:45', 'L'),
(1126, 10, 18, 1300000, 2, '2019-12-13 16:51:45', '2019-12-13 16:51:45', 'L'),
(1127, 10, 18, 1300000, 2, '2019-12-13 16:51:45', '2019-12-13 16:51:45', 'L'),
(1128, 10, 18, 1300000, 2, '2019-12-13 16:51:45', '2019-12-13 16:51:45', 'L'),
(1129, 10, 18, 1300000, 2, '2019-12-13 16:51:45', '2019-12-13 16:51:45', 'L'),
(1130, 10, 18, 1300000, 2, '2019-12-13 16:51:45', '2019-12-13 16:51:45', 'L'),
(1131, 10, 18, 1300000, 2, '2019-12-13 16:51:45', '2019-12-13 16:51:45', 'L'),
(1132, 10, 18, 1300000, 2, '2019-12-13 16:51:45', '2019-12-13 16:51:45', 'L'),
(1133, 10, 18, 1300000, 2, '2019-12-13 16:51:45', '2019-12-13 16:51:45', 'L'),
(1134, 10, 18, 1300000, 2, '2019-12-13 16:51:45', '2019-12-13 16:51:45', 'L'),
(1135, 10, 18, 1300000, 2, '2019-12-13 16:51:45', '2019-12-13 16:51:45', 'L'),
(1136, 10, 18, 1300000, 2, '2019-12-13 16:51:46', '2019-12-13 16:51:46', 'L'),
(1137, 10, 18, 1300000, 2, '2019-12-13 16:51:46', '2019-12-13 16:51:46', 'L'),
(1138, 10, 18, 1300000, 2, '2019-12-13 16:51:46', '2019-12-13 16:51:46', 'L'),
(1139, 10, 18, 1300000, 2, '2019-12-13 16:51:46', '2019-12-13 16:51:46', 'L'),
(1140, 10, 18, 1300000, 2, '2019-12-13 16:51:46', '2019-12-13 16:51:46', 'L'),
(1141, 10, 18, 1300000, 2, '2019-12-13 16:51:46', '2019-12-13 16:51:46', 'L'),
(1142, 10, 18, 1300000, 2, '2019-12-13 16:51:46', '2019-12-13 16:51:46', 'L'),
(1143, 10, 18, 1300000, 2, '2019-12-13 16:51:46', '2019-12-13 16:51:46', 'L'),
(1144, 10, 18, 1300000, 2, '2019-12-13 16:51:46', '2019-12-13 16:51:46', 'L'),
(1145, 10, 18, 1300000, 2, '2019-12-13 16:51:46', '2019-12-13 16:51:46', 'L'),
(1146, 10, 18, 1300000, 2, '2019-12-13 16:51:46', '2019-12-13 16:51:46', 'L'),
(1147, 10, 18, 1300000, 2, '2019-12-13 16:51:46', '2019-12-13 16:51:46', 'L'),
(1148, 10, 18, 1300000, 2, '2019-12-13 16:51:46', '2019-12-13 16:51:46', 'L'),
(1149, 10, 18, 1300000, 2, '2019-12-13 16:51:46', '2019-12-13 16:51:46', 'L'),
(1150, 10, 18, 1300000, 2, '2019-12-13 16:51:46', '2019-12-13 16:51:46', 'L'),
(1151, 10, 18, 1300000, 2, '2019-12-13 16:51:46', '2019-12-13 16:51:46', 'L'),
(1152, 10, 18, 1300000, 2, '2019-12-13 16:51:46', '2019-12-13 16:51:46', 'L'),
(1153, 10, 18, 1300000, 2, '2019-12-13 16:51:46', '2019-12-13 16:51:46', 'L'),
(1154, 10, 18, 1300000, 2, '2019-12-13 16:51:46', '2019-12-13 16:51:46', 'L'),
(1155, 10, 18, 1300000, 2, '2019-12-13 16:51:46', '2019-12-13 16:51:46', 'L'),
(1156, 10, 18, 1300000, 2, '2019-12-13 16:51:46', '2019-12-13 16:51:46', 'L'),
(1157, 10, 18, 1300000, 2, '2019-12-13 16:51:46', '2019-12-13 16:51:46', 'L'),
(1158, 10, 18, 1300000, 2, '2019-12-13 16:51:46', '2019-12-13 16:51:46', 'L'),
(1159, 10, 18, 1300000, 2, '2019-12-13 16:51:46', '2019-12-13 16:51:46', 'L'),
(1160, 10, 18, 1300000, 2, '2019-12-13 16:51:47', '2019-12-13 16:51:47', 'L'),
(1161, 10, 18, 1300000, 2, '2019-12-13 16:51:47', '2019-12-13 16:51:47', 'L'),
(1162, 10, 18, 1300000, 2, '2019-12-13 16:51:47', '2019-12-13 16:51:47', 'L'),
(1163, 10, 18, 1300000, 2, '2019-12-13 16:51:47', '2019-12-13 16:51:47', 'L'),
(1164, 10, 18, 1300000, 2, '2019-12-13 16:51:47', '2019-12-13 16:51:47', 'L'),
(1165, 10, 18, 1300000, 2, '2019-12-13 16:51:47', '2019-12-13 16:51:47', 'L'),
(1166, 10, 18, 1300000, 2, '2019-12-13 16:51:47', '2019-12-13 16:51:47', 'L'),
(1167, 10, 18, 1300000, 2, '2019-12-13 16:51:47', '2019-12-13 16:51:47', 'L'),
(1168, 10, 18, 1300000, 2, '2019-12-13 16:51:47', '2019-12-13 16:51:47', 'L'),
(1169, 10, 18, 1300000, 2, '2019-12-13 16:51:47', '2019-12-13 16:51:47', 'L'),
(1170, 10, 18, 1300000, 2, '2019-12-13 16:51:47', '2019-12-13 16:51:47', 'L'),
(1171, 10, 18, 1300000, 2, '2019-12-13 16:51:47', '2019-12-13 16:51:47', 'L'),
(1172, 10, 18, 1300000, 2, '2019-12-13 16:51:47', '2019-12-13 16:51:47', 'L'),
(1173, 10, 18, 1300000, 2, '2019-12-13 16:51:47', '2019-12-13 16:51:47', 'L'),
(1174, 10, 18, 1300000, 2, '2019-12-13 16:51:47', '2019-12-13 16:51:47', 'L'),
(1175, 10, 18, 1300000, 2, '2019-12-13 16:51:47', '2019-12-13 16:51:47', 'L'),
(1176, 10, 18, 1300000, 2, '2019-12-13 16:51:47', '2019-12-13 16:51:47', 'L'),
(1177, 10, 18, 1300000, 2, '2019-12-13 16:51:47', '2019-12-13 16:51:47', 'L'),
(1178, 10, 18, 1300000, 2, '2019-12-13 16:51:47', '2019-12-13 16:51:47', 'L'),
(1179, 10, 18, 1300000, 2, '2019-12-13 16:51:47', '2019-12-13 16:51:47', 'L'),
(1180, 10, 18, 1300000, 2, '2019-12-13 16:51:47', '2019-12-13 16:51:47', 'L'),
(1181, 10, 18, 1300000, 2, '2019-12-13 16:51:47', '2019-12-13 16:51:47', 'L'),
(1182, 10, 18, 1300000, 2, '2019-12-13 16:51:47', '2019-12-13 16:51:47', 'L'),
(1183, 10, 18, 1300000, 2, '2019-12-13 16:51:48', '2019-12-13 16:51:48', 'L'),
(1184, 10, 18, 1300000, 2, '2019-12-13 16:51:48', '2019-12-13 16:51:48', 'L'),
(1185, 10, 18, 1300000, 2, '2019-12-13 16:51:48', '2019-12-13 16:51:48', 'L'),
(1186, 10, 18, 1300000, 2, '2019-12-13 16:51:48', '2019-12-13 16:51:48', 'L'),
(1187, 10, 18, 1300000, 2, '2019-12-13 16:51:48', '2019-12-13 16:51:48', 'L'),
(1188, 10, 18, 1300000, 2, '2019-12-13 16:51:48', '2019-12-13 16:51:48', 'L'),
(1189, 10, 18, 1300000, 2, '2019-12-13 16:51:48', '2019-12-13 16:51:48', 'L'),
(1190, 10, 18, 1300000, 2, '2019-12-13 16:51:48', '2019-12-13 16:51:48', 'L'),
(1191, 10, 18, 1300000, 2, '2019-12-13 16:51:48', '2019-12-13 16:51:48', 'L'),
(1192, 10, 18, 1300000, 2, '2019-12-13 16:51:48', '2019-12-13 16:51:48', 'L'),
(1193, 10, 18, 1300000, 2, '2019-12-13 16:51:48', '2019-12-13 16:51:48', 'L'),
(1194, 10, 18, 1300000, 2, '2019-12-13 16:51:48', '2019-12-13 16:51:48', 'L'),
(1195, 10, 18, 1300000, 2, '2019-12-13 16:51:48', '2019-12-13 16:51:48', 'L'),
(1196, 10, 18, 1300000, 2, '2019-12-13 16:51:48', '2019-12-13 16:51:48', 'L'),
(1197, 10, 18, 1300000, 2, '2019-12-13 16:51:48', '2019-12-13 16:51:48', 'L'),
(1198, 10, 18, 1300000, 2, '2019-12-13 16:51:48', '2019-12-13 16:51:48', 'L'),
(1199, 10, 18, 1300000, 2, '2019-12-13 16:51:48', '2019-12-13 16:51:48', 'L'),
(1200, 10, 18, 1300000, 2, '2019-12-13 16:51:48', '2019-12-13 16:51:48', 'L'),
(1201, 10, 18, 1300000, 2, '2019-12-13 16:51:48', '2019-12-13 16:51:48', 'L'),
(1202, 10, 18, 1300000, 2, '2019-12-13 16:51:48', '2019-12-13 16:51:48', 'L'),
(1203, 10, 18, 1300000, 2, '2019-12-13 16:51:48', '2019-12-13 16:51:48', 'L'),
(1204, 10, 18, 1300000, 2, '2019-12-13 16:51:49', '2019-12-13 16:51:49', 'L'),
(1205, 10, 18, 1300000, 2, '2019-12-13 16:51:49', '2019-12-13 16:51:49', 'L'),
(1206, 10, 18, 1300000, 2, '2019-12-13 16:51:49', '2019-12-13 16:51:49', 'L'),
(1207, 10, 18, 1300000, 2, '2019-12-13 16:51:49', '2019-12-13 16:51:49', 'L'),
(1208, 10, 18, 1300000, 2, '2019-12-13 16:51:49', '2019-12-13 16:51:49', 'L'),
(1209, 10, 18, 1300000, 2, '2019-12-13 16:51:49', '2019-12-13 16:51:49', 'L'),
(1210, 10, 18, 1300000, 2, '2019-12-13 16:51:49', '2019-12-13 16:51:49', 'L'),
(1211, 10, 18, 1300000, 2, '2019-12-13 16:51:49', '2019-12-13 16:51:49', 'L'),
(1212, 10, 18, 1300000, 2, '2019-12-13 16:51:49', '2019-12-13 16:51:49', 'L'),
(1213, 10, 18, 1300000, 2, '2019-12-13 16:51:49', '2019-12-13 16:51:49', 'L'),
(1214, 10, 18, 1300000, 2, '2019-12-13 16:51:49', '2019-12-13 16:51:49', 'L'),
(1215, 10, 18, 1300000, 2, '2019-12-13 16:51:49', '2019-12-13 16:51:49', 'L'),
(1216, 10, 18, 1300000, 2, '2019-12-13 16:51:49', '2019-12-13 16:51:49', 'L'),
(1217, 10, 18, 1300000, 2, '2019-12-13 16:51:49', '2019-12-13 16:51:49', 'L'),
(1218, 10, 18, 1300000, 2, '2019-12-13 16:51:49', '2019-12-13 16:51:49', 'L'),
(1219, 10, 18, 1300000, 2, '2019-12-13 16:51:49', '2019-12-13 16:51:49', 'L'),
(1220, 10, 18, 1300000, 2, '2019-12-13 16:51:49', '2019-12-13 16:51:49', 'L'),
(1221, 10, 18, 1300000, 2, '2019-12-13 16:51:49', '2019-12-13 16:51:49', 'L'),
(1222, 10, 18, 1300000, 2, '2019-12-13 16:51:49', '2019-12-13 16:51:49', 'L'),
(1223, 10, 18, 1300000, 2, '2019-12-13 16:51:49', '2019-12-13 16:51:49', 'L'),
(1224, 10, 18, 1300000, 2, '2019-12-13 16:51:49', '2019-12-13 16:51:49', 'L'),
(1225, 10, 18, 1300000, 2, '2019-12-13 16:51:49', '2019-12-13 16:51:49', 'L'),
(1226, 10, 18, 1300000, 2, '2019-12-13 16:51:49', '2019-12-13 16:51:49', 'L'),
(1227, 10, 18, 1300000, 2, '2019-12-13 16:51:49', '2019-12-13 16:51:49', 'L'),
(1228, 10, 18, 1300000, 2, '2019-12-13 16:51:49', '2019-12-13 16:51:49', 'L'),
(1229, 10, 18, 1300000, 2, '2019-12-13 16:51:49', '2019-12-13 16:51:49', 'L'),
(1230, 10, 18, 1300000, 2, '2019-12-13 16:51:49', '2019-12-13 16:51:49', 'L'),
(1231, 10, 18, 1300000, 2, '2019-12-13 16:51:50', '2019-12-13 16:51:50', 'L'),
(1232, 10, 18, 1300000, 2, '2019-12-13 16:51:50', '2019-12-13 16:51:50', 'L'),
(1233, 10, 18, 1300000, 2, '2019-12-13 16:51:50', '2019-12-13 16:51:50', 'L'),
(1234, 10, 18, 1300000, 2, '2019-12-13 16:51:50', '2019-12-13 16:51:50', 'L'),
(1235, 10, 18, 1300000, 2, '2019-12-13 16:51:50', '2019-12-13 16:51:50', 'L'),
(1236, 10, 18, 1300000, 2, '2019-12-13 16:51:50', '2019-12-13 16:51:50', 'L'),
(1237, 10, 18, 1300000, 2, '2019-12-13 16:51:50', '2019-12-13 16:51:50', 'L'),
(1238, 10, 18, 1300000, 2, '2019-12-13 16:51:50', '2019-12-13 16:51:50', 'L'),
(1239, 10, 18, 1300000, 2, '2019-12-13 16:51:50', '2019-12-13 16:51:50', 'L'),
(1240, 10, 18, 1300000, 2, '2019-12-13 16:51:50', '2019-12-13 16:51:50', 'L'),
(1241, 10, 18, 1300000, 2, '2019-12-13 16:51:50', '2019-12-13 16:51:50', 'L'),
(1242, 10, 18, 1300000, 2, '2019-12-13 16:51:50', '2019-12-13 16:51:50', 'L'),
(1243, 10, 18, 1300000, 2, '2019-12-13 16:51:50', '2019-12-13 16:51:50', 'L'),
(1244, 10, 18, 1300000, 2, '2019-12-13 16:51:50', '2019-12-13 16:51:50', 'L'),
(1245, 10, 18, 1300000, 2, '2019-12-13 16:51:50', '2019-12-13 16:51:50', 'L'),
(1246, 10, 18, 1300000, 2, '2019-12-13 16:51:50', '2019-12-13 16:51:50', 'L'),
(1247, 10, 18, 1300000, 2, '2019-12-13 16:51:50', '2019-12-13 16:51:50', 'L'),
(1248, 10, 18, 1300000, 2, '2019-12-13 16:51:50', '2019-12-13 16:51:50', 'L'),
(1249, 10, 18, 1300000, 2, '2019-12-13 16:51:50', '2019-12-13 16:51:50', 'L'),
(1250, 10, 18, 1300000, 2, '2019-12-13 16:51:50', '2019-12-13 16:51:50', 'L'),
(1251, 10, 18, 1300000, 2, '2019-12-13 16:51:50', '2019-12-13 16:51:50', 'L'),
(1252, 10, 18, 1300000, 2, '2019-12-13 16:51:50', '2019-12-13 16:51:50', 'L'),
(1253, 10, 18, 1300000, 2, '2019-12-13 16:51:51', '2019-12-13 16:51:51', 'L'),
(1254, 10, 18, 1300000, 2, '2019-12-13 16:51:51', '2019-12-13 16:51:51', 'L'),
(1255, 10, 18, 1300000, 2, '2019-12-13 16:51:51', '2019-12-13 16:51:51', 'L'),
(1256, 10, 18, 1300000, 2, '2019-12-13 16:51:51', '2019-12-13 16:51:51', 'L'),
(1257, 10, 18, 1300000, 2, '2019-12-13 16:51:51', '2019-12-13 16:51:51', 'L'),
(1258, 10, 18, 1300000, 2, '2019-12-13 16:51:51', '2019-12-13 16:51:51', 'L'),
(1259, 10, 18, 1300000, 2, '2019-12-13 16:51:51', '2019-12-13 16:51:51', 'L'),
(1260, 10, 18, 1300000, 2, '2019-12-13 16:51:51', '2019-12-13 16:51:51', 'L'),
(1261, 10, 18, 1300000, 2, '2019-12-13 16:51:51', '2019-12-13 16:51:51', 'L'),
(1262, 10, 18, 1300000, 2, '2019-12-13 16:51:51', '2019-12-13 16:51:51', 'L'),
(1263, 10, 18, 1300000, 2, '2019-12-13 16:51:51', '2019-12-13 16:51:51', 'L'),
(1264, 10, 18, 1300000, 2, '2019-12-13 16:51:51', '2019-12-13 16:51:51', 'L'),
(1265, 10, 18, 1300000, 2, '2019-12-13 16:51:51', '2019-12-13 16:51:51', 'L'),
(1266, 10, 18, 1300000, 2, '2019-12-13 16:51:51', '2019-12-13 16:51:51', 'L'),
(1267, 10, 18, 1300000, 2, '2019-12-13 16:51:51', '2019-12-13 16:51:51', 'L'),
(1268, 10, 18, 1300000, 2, '2019-12-13 16:51:51', '2019-12-13 16:51:51', 'L'),
(1269, 10, 18, 1300000, 2, '2019-12-13 16:51:51', '2019-12-13 16:51:51', 'L'),
(1270, 10, 18, 1300000, 2, '2019-12-13 16:51:51', '2019-12-13 16:51:51', 'L'),
(1271, 10, 18, 1300000, 2, '2019-12-13 16:51:51', '2019-12-13 16:51:51', 'L'),
(1272, 10, 18, 1300000, 2, '2019-12-13 16:51:51', '2019-12-13 16:51:51', 'L'),
(1273, 10, 18, 1300000, 2, '2019-12-13 16:51:51', '2019-12-13 16:51:51', 'L'),
(1274, 10, 18, 1300000, 2, '2019-12-13 16:51:51', '2019-12-13 16:51:51', 'L'),
(1275, 10, 18, 1300000, 2, '2019-12-13 16:51:52', '2019-12-13 16:51:52', 'L'),
(1276, 10, 18, 1300000, 2, '2019-12-13 16:51:52', '2019-12-13 16:51:52', 'L'),
(1277, 10, 18, 1300000, 2, '2019-12-13 16:51:52', '2019-12-13 16:51:52', 'L'),
(1278, 10, 18, 1300000, 2, '2019-12-13 16:51:52', '2019-12-13 16:51:52', 'L'),
(1279, 10, 18, 1300000, 2, '2019-12-13 16:51:52', '2019-12-13 16:51:52', 'L'),
(1280, 10, 18, 1300000, 2, '2019-12-13 16:51:52', '2019-12-13 16:51:52', 'L'),
(1281, 10, 18, 1300000, 2, '2019-12-13 16:51:52', '2019-12-13 16:51:52', 'L'),
(1282, 10, 18, 1300000, 2, '2019-12-13 16:51:52', '2019-12-13 16:51:52', 'L'),
(1283, 10, 18, 1300000, 2, '2019-12-13 16:51:52', '2019-12-13 16:51:52', 'L'),
(1284, 10, 18, 1300000, 2, '2019-12-13 16:51:52', '2019-12-13 16:51:52', 'L'),
(1285, 10, 18, 1300000, 2, '2019-12-13 16:51:52', '2019-12-13 16:51:52', 'L'),
(1286, 10, 18, 1300000, 2, '2019-12-13 16:51:52', '2019-12-13 16:51:52', 'L'),
(1287, 10, 18, 1300000, 2, '2019-12-13 16:51:52', '2019-12-13 16:51:52', 'L'),
(1288, 10, 18, 1300000, 2, '2019-12-13 16:51:52', '2019-12-13 16:51:52', 'L'),
(1289, 10, 18, 1300000, 2, '2019-12-13 16:51:52', '2019-12-13 16:51:52', 'L'),
(1290, 10, 18, 1300000, 2, '2019-12-13 16:51:52', '2019-12-13 16:51:52', 'L'),
(1291, 10, 18, 1300000, 2, '2019-12-13 16:51:52', '2019-12-13 16:51:52', 'L'),
(1292, 10, 18, 1300000, 2, '2019-12-13 16:51:52', '2019-12-13 16:51:52', 'L'),
(1293, 10, 18, 1300000, 2, '2019-12-13 16:51:52', '2019-12-13 16:51:52', 'L'),
(1294, 10, 18, 1300000, 2, '2019-12-13 16:51:52', '2019-12-13 16:51:52', 'L'),
(1295, 10, 18, 1300000, 2, '2019-12-13 16:51:52', '2019-12-13 16:51:52', 'L'),
(1296, 10, 18, 1300000, 2, '2019-12-13 16:51:52', '2019-12-13 16:51:52', 'L'),
(1297, 10, 18, 1300000, 2, '2019-12-13 16:51:52', '2019-12-13 16:51:52', 'L'),
(1298, 10, 18, 1300000, 2, '2019-12-13 16:51:52', '2019-12-13 16:51:52', 'L'),
(1299, 10, 18, 1300000, 2, '2019-12-13 16:51:53', '2019-12-13 16:51:53', 'L'),
(1300, 10, 18, 1300000, 2, '2019-12-13 16:51:53', '2019-12-13 16:51:53', 'L'),
(1301, 10, 18, 1300000, 2, '2019-12-13 16:51:53', '2019-12-13 16:51:53', 'L'),
(1302, 10, 18, 1300000, 2, '2019-12-13 16:51:53', '2019-12-13 16:51:53', 'L'),
(1303, 10, 18, 1300000, 2, '2019-12-13 16:51:53', '2019-12-13 16:51:53', 'L'),
(1304, 10, 18, 1300000, 2, '2019-12-13 16:51:53', '2019-12-13 16:51:53', 'L'),
(1305, 10, 18, 1300000, 2, '2019-12-13 16:51:53', '2019-12-13 16:51:53', 'L'),
(1306, 10, 18, 1300000, 2, '2019-12-13 16:51:53', '2019-12-13 16:51:53', 'L'),
(1307, 10, 18, 1300000, 2, '2019-12-13 16:51:53', '2019-12-13 16:51:53', 'L'),
(1308, 10, 18, 1300000, 2, '2019-12-13 16:51:53', '2019-12-13 16:51:53', 'L'),
(1309, 10, 18, 1300000, 2, '2019-12-13 16:51:53', '2019-12-13 16:51:53', 'L'),
(1310, 10, 18, 1300000, 2, '2019-12-13 16:51:53', '2019-12-13 16:51:53', 'L'),
(1311, 10, 18, 1300000, 2, '2019-12-13 16:51:53', '2019-12-13 16:51:53', 'L'),
(1312, 10, 18, 1300000, 2, '2019-12-13 16:51:53', '2019-12-13 16:51:53', 'L'),
(1313, 10, 18, 1300000, 2, '2019-12-13 16:51:53', '2019-12-13 16:51:53', 'L'),
(1314, 10, 18, 1300000, 2, '2019-12-13 16:51:53', '2019-12-13 16:51:53', 'L'),
(1315, 10, 18, 1300000, 2, '2019-12-13 16:51:53', '2019-12-13 16:51:53', 'L'),
(1316, 10, 18, 1300000, 2, '2019-12-13 16:51:53', '2019-12-13 16:51:53', 'L'),
(1317, 10, 18, 1300000, 2, '2019-12-13 16:51:53', '2019-12-13 16:51:53', 'L'),
(1318, 10, 18, 1300000, 2, '2019-12-13 16:51:53', '2019-12-13 16:51:53', 'L'),
(1319, 10, 18, 1300000, 2, '2019-12-13 16:51:53', '2019-12-13 16:51:53', 'L'),
(1320, 10, 18, 1300000, 2, '2019-12-13 16:51:53', '2019-12-13 16:51:53', 'L'),
(1321, 10, 18, 1300000, 2, '2019-12-13 16:51:54', '2019-12-13 16:51:54', 'L'),
(1322, 10, 18, 1300000, 2, '2019-12-13 16:51:54', '2019-12-13 16:51:54', 'L'),
(1323, 10, 18, 1300000, 2, '2019-12-13 16:51:54', '2019-12-13 16:51:54', 'L'),
(1324, 10, 18, 1300000, 2, '2019-12-13 16:51:54', '2019-12-13 16:51:54', 'L'),
(1325, 10, 18, 1300000, 2, '2019-12-13 16:51:54', '2019-12-13 16:51:54', 'L'),
(1326, 10, 18, 1300000, 2, '2019-12-13 16:51:54', '2019-12-13 16:51:54', 'L'),
(1327, 10, 18, 1300000, 2, '2019-12-13 16:51:54', '2019-12-13 16:51:54', 'L'),
(1328, 10, 18, 1300000, 2, '2019-12-13 16:51:54', '2019-12-13 16:51:54', 'L'),
(1329, 10, 18, 1300000, 2, '2019-12-13 16:51:54', '2019-12-13 16:51:54', 'L'),
(1330, 10, 18, 1300000, 2, '2019-12-13 16:51:54', '2019-12-13 16:51:54', 'L'),
(1331, 10, 18, 1300000, 2, '2019-12-13 16:51:54', '2019-12-13 16:51:54', 'L'),
(1332, 10, 18, 1300000, 2, '2019-12-13 16:51:54', '2019-12-13 16:51:54', 'L'),
(1333, 10, 18, 1300000, 2, '2019-12-13 16:51:54', '2019-12-13 16:51:54', 'L'),
(1334, 10, 18, 1300000, 2, '2019-12-13 16:51:54', '2019-12-13 16:51:54', 'L'),
(1335, 10, 18, 1300000, 2, '2019-12-13 16:51:54', '2019-12-13 16:51:54', 'L'),
(1336, 10, 18, 1300000, 2, '2019-12-13 16:51:54', '2019-12-13 16:51:54', 'L'),
(1337, 10, 18, 1300000, 2, '2019-12-13 16:51:54', '2019-12-13 16:51:54', 'L');
INSERT INTO `order_details` (`id`, `order_id`, `product_id`, `price`, `quantity`, `created_at`, `updated_at`, `size_name`) VALUES
(1338, 10, 18, 1300000, 2, '2019-12-13 16:51:54', '2019-12-13 16:51:54', 'L'),
(1339, 10, 18, 1300000, 2, '2019-12-13 16:51:54', '2019-12-13 16:51:54', 'L'),
(1340, 10, 18, 1300000, 2, '2019-12-13 16:51:54', '2019-12-13 16:51:54', 'L'),
(1341, 10, 18, 1300000, 2, '2019-12-13 16:51:54', '2019-12-13 16:51:54', 'L'),
(1342, 10, 18, 1300000, 2, '2019-12-13 16:51:54', '2019-12-13 16:51:54', 'L'),
(1343, 10, 18, 1300000, 2, '2019-12-13 16:51:54', '2019-12-13 16:51:54', 'L'),
(1344, 10, 18, 1300000, 2, '2019-12-13 16:51:54', '2019-12-13 16:51:54', 'L'),
(1345, 10, 18, 1300000, 2, '2019-12-13 16:51:54', '2019-12-13 16:51:54', 'L'),
(1346, 10, 18, 1300000, 2, '2019-12-13 16:51:55', '2019-12-13 16:51:55', 'L'),
(1347, 10, 18, 1300000, 2, '2019-12-13 16:51:55', '2019-12-13 16:51:55', 'L'),
(1348, 10, 18, 1300000, 2, '2019-12-13 16:51:55', '2019-12-13 16:51:55', 'L'),
(1349, 10, 18, 1300000, 2, '2019-12-13 16:51:55', '2019-12-13 16:51:55', 'L'),
(1350, 10, 18, 1300000, 2, '2019-12-13 16:51:55', '2019-12-13 16:51:55', 'L'),
(1351, 10, 18, 1300000, 2, '2019-12-13 16:51:55', '2019-12-13 16:51:55', 'L'),
(1352, 10, 18, 1300000, 2, '2019-12-13 16:51:55', '2019-12-13 16:51:55', 'L'),
(1353, 10, 18, 1300000, 2, '2019-12-13 16:51:55', '2019-12-13 16:51:55', 'L'),
(1354, 10, 18, 1300000, 2, '2019-12-13 16:51:55', '2019-12-13 16:51:55', 'L'),
(1355, 10, 18, 1300000, 2, '2019-12-13 16:51:55', '2019-12-13 16:51:55', 'L'),
(1356, 10, 18, 1300000, 2, '2019-12-13 16:51:55', '2019-12-13 16:51:55', 'L'),
(1357, 10, 18, 1300000, 2, '2019-12-13 16:51:55', '2019-12-13 16:51:55', 'L'),
(1358, 10, 18, 1300000, 2, '2019-12-13 16:51:55', '2019-12-13 16:51:55', 'L'),
(1359, 10, 18, 1300000, 2, '2019-12-13 16:51:55', '2019-12-13 16:51:55', 'L'),
(1360, 10, 18, 1300000, 2, '2019-12-13 16:51:55', '2019-12-13 16:51:55', 'L'),
(1361, 10, 18, 1300000, 2, '2019-12-13 16:51:55', '2019-12-13 16:51:55', 'L'),
(1362, 10, 18, 1300000, 2, '2019-12-13 16:51:55', '2019-12-13 16:51:55', 'L'),
(1363, 10, 18, 1300000, 2, '2019-12-13 16:51:55', '2019-12-13 16:51:55', 'L'),
(1364, 10, 18, 1300000, 2, '2019-12-13 16:51:55', '2019-12-13 16:51:55', 'L'),
(1365, 10, 18, 1300000, 2, '2019-12-13 16:51:55', '2019-12-13 16:51:55', 'L'),
(1366, 10, 18, 1300000, 2, '2019-12-13 16:51:55', '2019-12-13 16:51:55', 'L'),
(1367, 10, 18, 1300000, 2, '2019-12-13 16:51:55', '2019-12-13 16:51:55', 'L'),
(1368, 10, 18, 1300000, 2, '2019-12-13 16:51:56', '2019-12-13 16:51:56', 'L'),
(1369, 10, 18, 1300000, 2, '2019-12-13 16:51:56', '2019-12-13 16:51:56', 'L'),
(1370, 10, 18, 1300000, 2, '2019-12-13 16:51:56', '2019-12-13 16:51:56', 'L'),
(1371, 10, 18, 1300000, 2, '2019-12-13 16:51:56', '2019-12-13 16:51:56', 'L'),
(1372, 10, 18, 1300000, 2, '2019-12-13 16:51:56', '2019-12-13 16:51:56', 'L'),
(1373, 10, 18, 1300000, 2, '2019-12-13 16:51:56', '2019-12-13 16:51:56', 'L'),
(1374, 10, 18, 1300000, 2, '2019-12-13 16:51:56', '2019-12-13 16:51:56', 'L'),
(1375, 10, 18, 1300000, 2, '2019-12-13 16:51:56', '2019-12-13 16:51:56', 'L'),
(1376, 10, 18, 1300000, 2, '2019-12-13 16:51:56', '2019-12-13 16:51:56', 'L'),
(1377, 10, 18, 1300000, 2, '2019-12-13 16:51:56', '2019-12-13 16:51:56', 'L'),
(1378, 10, 18, 1300000, 2, '2019-12-13 16:51:56', '2019-12-13 16:51:56', 'L'),
(1379, 10, 18, 1300000, 2, '2019-12-13 16:51:56', '2019-12-13 16:51:56', 'L'),
(1380, 10, 18, 1300000, 2, '2019-12-13 16:51:56', '2019-12-13 16:51:56', 'L'),
(1381, 10, 18, 1300000, 2, '2019-12-13 16:51:56', '2019-12-13 16:51:56', 'L'),
(1382, 10, 18, 1300000, 2, '2019-12-13 16:51:56', '2019-12-13 16:51:56', 'L'),
(1383, 10, 18, 1300000, 2, '2019-12-13 16:51:56', '2019-12-13 16:51:56', 'L'),
(1384, 10, 18, 1300000, 2, '2019-12-13 16:51:56', '2019-12-13 16:51:56', 'L'),
(1385, 10, 18, 1300000, 2, '2019-12-13 16:51:56', '2019-12-13 16:51:56', 'L'),
(1386, 10, 18, 1300000, 2, '2019-12-13 16:51:56', '2019-12-13 16:51:56', 'L'),
(1387, 10, 18, 1300000, 2, '2019-12-13 16:51:56', '2019-12-13 16:51:56', 'L'),
(1388, 10, 18, 1300000, 2, '2019-12-13 16:51:56', '2019-12-13 16:51:56', 'L'),
(1389, 10, 18, 1300000, 2, '2019-12-13 16:51:56', '2019-12-13 16:51:56', 'L'),
(1390, 10, 18, 1300000, 2, '2019-12-13 16:51:56', '2019-12-13 16:51:56', 'L'),
(1391, 10, 18, 1300000, 2, '2019-12-13 16:51:56', '2019-12-13 16:51:56', 'L'),
(1392, 10, 18, 1300000, 2, '2019-12-13 16:51:56', '2019-12-13 16:51:56', 'L'),
(1393, 10, 18, 1300000, 2, '2019-12-13 16:51:57', '2019-12-13 16:51:57', 'L'),
(1394, 10, 18, 1300000, 2, '2019-12-13 16:51:57', '2019-12-13 16:51:57', 'L'),
(1395, 10, 18, 1300000, 2, '2019-12-13 16:51:57', '2019-12-13 16:51:57', 'L'),
(1396, 10, 18, 1300000, 2, '2019-12-13 16:51:57', '2019-12-13 16:51:57', 'L'),
(1397, 10, 18, 1300000, 2, '2019-12-13 16:51:57', '2019-12-13 16:51:57', 'L'),
(1398, 10, 18, 1300000, 2, '2019-12-13 16:51:57', '2019-12-13 16:51:57', 'L'),
(1399, 10, 18, 1300000, 2, '2019-12-13 16:51:57', '2019-12-13 16:51:57', 'L'),
(1400, 10, 18, 1300000, 2, '2019-12-13 16:51:57', '2019-12-13 16:51:57', 'L'),
(1401, 10, 18, 1300000, 2, '2019-12-13 16:51:57', '2019-12-13 16:51:57', 'L'),
(1402, 10, 18, 1300000, 2, '2019-12-13 16:51:57', '2019-12-13 16:51:57', 'L'),
(1403, 10, 18, 1300000, 2, '2019-12-13 16:51:57', '2019-12-13 16:51:57', 'L'),
(1404, 10, 18, 1300000, 2, '2019-12-13 16:51:57', '2019-12-13 16:51:57', 'L'),
(1405, 10, 18, 1300000, 2, '2019-12-13 16:51:57', '2019-12-13 16:51:57', 'L'),
(1406, 10, 18, 1300000, 2, '2019-12-13 16:51:57', '2019-12-13 16:51:57', 'L'),
(1407, 10, 18, 1300000, 2, '2019-12-13 16:51:57', '2019-12-13 16:51:57', 'L'),
(1408, 10, 18, 1300000, 2, '2019-12-13 16:51:57', '2019-12-13 16:51:57', 'L'),
(1409, 10, 18, 1300000, 2, '2019-12-13 16:51:57', '2019-12-13 16:51:57', 'L'),
(1410, 10, 18, 1300000, 2, '2019-12-13 16:51:57', '2019-12-13 16:51:57', 'L'),
(1411, 10, 18, 1300000, 2, '2019-12-13 16:51:57', '2019-12-13 16:51:57', 'L'),
(1412, 10, 18, 1300000, 2, '2019-12-13 16:51:57', '2019-12-13 16:51:57', 'L'),
(1413, 10, 18, 1300000, 2, '2019-12-13 16:51:57', '2019-12-13 16:51:57', 'L'),
(1414, 10, 18, 1300000, 2, '2019-12-13 16:51:57', '2019-12-13 16:51:57', 'L'),
(1415, 10, 18, 1300000, 2, '2019-12-13 16:51:57', '2019-12-13 16:51:57', 'L'),
(1416, 10, 18, 1300000, 2, '2019-12-13 16:51:58', '2019-12-13 16:51:58', 'L'),
(1417, 10, 18, 1300000, 2, '2019-12-13 16:51:58', '2019-12-13 16:51:58', 'L'),
(1418, 10, 18, 1300000, 2, '2019-12-13 16:51:58', '2019-12-13 16:51:58', 'L'),
(1419, 10, 18, 1300000, 2, '2019-12-13 16:51:58', '2019-12-13 16:51:58', 'L'),
(1420, 10, 18, 1300000, 2, '2019-12-13 16:51:58', '2019-12-13 16:51:58', 'L'),
(1421, 10, 18, 1300000, 2, '2019-12-13 16:51:58', '2019-12-13 16:51:58', 'L'),
(1422, 10, 18, 1300000, 2, '2019-12-13 16:51:58', '2019-12-13 16:51:58', 'L'),
(1423, 10, 18, 1300000, 2, '2019-12-13 16:51:58', '2019-12-13 16:51:58', 'L'),
(1424, 10, 18, 1300000, 2, '2019-12-13 16:51:58', '2019-12-13 16:51:58', 'L'),
(1425, 10, 18, 1300000, 2, '2019-12-13 16:51:58', '2019-12-13 16:51:58', 'L'),
(1426, 10, 18, 1300000, 2, '2019-12-13 16:51:58', '2019-12-13 16:51:58', 'L'),
(1427, 10, 18, 1300000, 2, '2019-12-13 16:51:58', '2019-12-13 16:51:58', 'L'),
(1428, 10, 18, 1300000, 2, '2019-12-13 16:51:58', '2019-12-13 16:51:58', 'L'),
(1429, 10, 18, 1300000, 2, '2019-12-13 16:51:58', '2019-12-13 16:51:58', 'L'),
(1430, 10, 18, 1300000, 2, '2019-12-13 16:51:58', '2019-12-13 16:51:58', 'L'),
(1431, 10, 18, 1300000, 2, '2019-12-13 16:51:58', '2019-12-13 16:51:58', 'L'),
(1432, 10, 18, 1300000, 2, '2019-12-13 16:51:58', '2019-12-13 16:51:58', 'L'),
(1433, 10, 18, 1300000, 2, '2019-12-13 16:51:58', '2019-12-13 16:51:58', 'L'),
(1434, 10, 18, 1300000, 2, '2019-12-13 16:51:58', '2019-12-13 16:51:58', 'L'),
(1435, 10, 18, 1300000, 2, '2019-12-13 16:51:58', '2019-12-13 16:51:58', 'L'),
(1436, 10, 18, 1300000, 2, '2019-12-13 16:51:58', '2019-12-13 16:51:58', 'L'),
(1437, 10, 18, 1300000, 2, '2019-12-13 16:51:58', '2019-12-13 16:51:58', 'L'),
(1438, 10, 18, 1300000, 2, '2019-12-13 16:51:58', '2019-12-13 16:51:58', 'L'),
(1439, 10, 18, 1300000, 2, '2019-12-13 16:51:58', '2019-12-13 16:51:58', 'L'),
(1440, 10, 18, 1300000, 2, '2019-12-13 16:51:59', '2019-12-13 16:51:59', 'L'),
(1441, 10, 18, 1300000, 2, '2019-12-13 16:51:59', '2019-12-13 16:51:59', 'L'),
(1442, 10, 18, 1300000, 2, '2019-12-13 16:51:59', '2019-12-13 16:51:59', 'L'),
(1443, 10, 18, 1300000, 2, '2019-12-13 16:51:59', '2019-12-13 16:51:59', 'L'),
(1444, 10, 18, 1300000, 2, '2019-12-13 16:51:59', '2019-12-13 16:51:59', 'L'),
(1445, 10, 18, 1300000, 2, '2019-12-13 16:51:59', '2019-12-13 16:51:59', 'L'),
(1446, 10, 18, 1300000, 2, '2019-12-13 16:51:59', '2019-12-13 16:51:59', 'L'),
(1447, 10, 18, 1300000, 2, '2019-12-13 16:51:59', '2019-12-13 16:51:59', 'L'),
(1448, 10, 18, 1300000, 2, '2019-12-13 16:51:59', '2019-12-13 16:51:59', 'L'),
(1449, 10, 18, 1300000, 2, '2019-12-13 16:51:59', '2019-12-13 16:51:59', 'L'),
(1450, 10, 18, 1300000, 2, '2019-12-13 16:51:59', '2019-12-13 16:51:59', 'L'),
(1451, 10, 18, 1300000, 2, '2019-12-13 16:51:59', '2019-12-13 16:51:59', 'L'),
(1452, 10, 18, 1300000, 2, '2019-12-13 16:51:59', '2019-12-13 16:51:59', 'L'),
(1453, 10, 18, 1300000, 2, '2019-12-13 16:51:59', '2019-12-13 16:51:59', 'L'),
(1454, 10, 18, 1300000, 2, '2019-12-13 16:51:59', '2019-12-13 16:51:59', 'L'),
(1455, 10, 18, 1300000, 2, '2019-12-13 16:51:59', '2019-12-13 16:51:59', 'L'),
(1456, 10, 18, 1300000, 2, '2019-12-13 16:51:59', '2019-12-13 16:51:59', 'L'),
(1457, 10, 18, 1300000, 2, '2019-12-13 16:51:59', '2019-12-13 16:51:59', 'L'),
(1458, 10, 18, 1300000, 2, '2019-12-13 16:51:59', '2019-12-13 16:51:59', 'L'),
(1459, 10, 18, 1300000, 2, '2019-12-13 16:51:59', '2019-12-13 16:51:59', 'L'),
(1460, 10, 18, 1300000, 2, '2019-12-13 16:51:59', '2019-12-13 16:51:59', 'L'),
(1461, 10, 18, 1300000, 2, '2019-12-13 16:52:00', '2019-12-13 16:52:00', 'L'),
(1462, 10, 18, 1300000, 2, '2019-12-13 16:52:00', '2019-12-13 16:52:00', 'L'),
(1463, 10, 18, 1300000, 2, '2019-12-13 16:52:00', '2019-12-13 16:52:00', 'L'),
(1464, 10, 18, 1300000, 2, '2019-12-13 16:52:00', '2019-12-13 16:52:00', 'L'),
(1465, 10, 18, 1300000, 2, '2019-12-13 16:52:00', '2019-12-13 16:52:00', 'L'),
(1466, 10, 18, 1300000, 2, '2019-12-13 16:52:00', '2019-12-13 16:52:00', 'L'),
(1467, 10, 18, 1300000, 2, '2019-12-13 16:52:00', '2019-12-13 16:52:00', 'L'),
(1468, 10, 18, 1300000, 2, '2019-12-13 16:52:00', '2019-12-13 16:52:00', 'L'),
(1469, 10, 18, 1300000, 2, '2019-12-13 16:55:19', '2019-12-13 16:55:19', 'L'),
(1470, 10, 18, 1300000, 2, '2019-12-13 16:55:19', '2019-12-13 16:55:19', 'L'),
(1471, 10, 18, 1300000, 2, '2019-12-13 16:55:19', '2019-12-13 16:55:19', 'L'),
(1472, 10, 18, 1300000, 2, '2019-12-13 16:55:19', '2019-12-13 16:55:19', 'L'),
(1473, 10, 18, 1300000, 2, '2019-12-13 16:55:19', '2019-12-13 16:55:19', 'L'),
(1474, 10, 18, 1300000, 2, '2019-12-13 16:55:19', '2019-12-13 16:55:19', 'L'),
(1475, 10, 18, 1300000, 2, '2019-12-13 16:55:19', '2019-12-13 16:55:19', 'L'),
(1476, 10, 18, 1300000, 2, '2019-12-13 16:55:19', '2019-12-13 16:55:19', 'L'),
(1477, 10, 18, 1300000, 2, '2019-12-13 16:55:19', '2019-12-13 16:55:19', 'L'),
(1478, 10, 18, 1300000, 2, '2019-12-13 16:55:19', '2019-12-13 16:55:19', 'L'),
(1479, 10, 18, 1300000, 2, '2019-12-13 16:55:19', '2019-12-13 16:55:19', 'L'),
(1480, 10, 18, 1300000, 2, '2019-12-13 16:55:19', '2019-12-13 16:55:19', 'L'),
(1481, 10, 18, 1300000, 2, '2019-12-13 16:55:19', '2019-12-13 16:55:19', 'L'),
(1482, 10, 18, 1300000, 2, '2019-12-13 16:55:19', '2019-12-13 16:55:19', 'L'),
(1483, 10, 18, 1300000, 2, '2019-12-13 16:55:19', '2019-12-13 16:55:19', 'L'),
(1484, 10, 18, 1300000, 2, '2019-12-13 16:55:19', '2019-12-13 16:55:19', 'L'),
(1485, 10, 18, 1300000, 2, '2019-12-13 16:55:19', '2019-12-13 16:55:19', 'L'),
(1486, 10, 18, 1300000, 2, '2019-12-13 16:55:19', '2019-12-13 16:55:19', 'L'),
(1487, 10, 18, 1300000, 2, '2019-12-13 16:55:19', '2019-12-13 16:55:19', 'L'),
(1488, 10, 18, 1300000, 2, '2019-12-13 16:55:19', '2019-12-13 16:55:19', 'L'),
(1489, 10, 18, 1300000, 2, '2019-12-13 16:55:19', '2019-12-13 16:55:19', 'L'),
(1490, 10, 18, 1300000, 2, '2019-12-13 16:55:20', '2019-12-13 16:55:20', 'L'),
(1491, 10, 18, 1300000, 2, '2019-12-13 16:55:20', '2019-12-13 16:55:20', 'L'),
(1492, 10, 18, 1300000, 2, '2019-12-13 16:55:20', '2019-12-13 16:55:20', 'L'),
(1493, 10, 18, 1300000, 2, '2019-12-13 16:55:20', '2019-12-13 16:55:20', 'L'),
(1494, 10, 18, 1300000, 2, '2019-12-13 16:55:20', '2019-12-13 16:55:20', 'L'),
(1495, 10, 18, 1300000, 2, '2019-12-13 16:55:20', '2019-12-13 16:55:20', 'L'),
(1496, 10, 18, 1300000, 2, '2019-12-13 16:55:20', '2019-12-13 16:55:20', 'L'),
(1497, 10, 18, 1300000, 2, '2019-12-13 16:55:20', '2019-12-13 16:55:20', 'L'),
(1498, 10, 18, 1300000, 2, '2019-12-13 16:55:20', '2019-12-13 16:55:20', 'L'),
(1499, 10, 18, 1300000, 2, '2019-12-13 16:55:20', '2019-12-13 16:55:20', 'L'),
(1500, 10, 18, 1300000, 2, '2019-12-13 16:55:20', '2019-12-13 16:55:20', 'L'),
(1501, 10, 18, 1300000, 2, '2019-12-13 16:55:20', '2019-12-13 16:55:20', 'L'),
(1502, 10, 18, 1300000, 2, '2019-12-13 16:55:20', '2019-12-13 16:55:20', 'L'),
(1503, 10, 18, 1300000, 2, '2019-12-13 16:55:20', '2019-12-13 16:55:20', 'L'),
(1504, 10, 18, 1300000, 2, '2019-12-13 16:55:20', '2019-12-13 16:55:20', 'L'),
(1505, 10, 18, 1300000, 2, '2019-12-13 16:55:20', '2019-12-13 16:55:20', 'L'),
(1506, 10, 18, 1300000, 2, '2019-12-13 16:55:20', '2019-12-13 16:55:20', 'L'),
(1507, 10, 18, 1300000, 2, '2019-12-13 16:55:20', '2019-12-13 16:55:20', 'L'),
(1508, 10, 18, 1300000, 2, '2019-12-13 16:55:20', '2019-12-13 16:55:20', 'L'),
(1509, 10, 18, 1300000, 2, '2019-12-13 16:55:20', '2019-12-13 16:55:20', 'L'),
(1510, 10, 18, 1300000, 2, '2019-12-13 16:55:20', '2019-12-13 16:55:20', 'L'),
(1511, 10, 18, 1300000, 2, '2019-12-13 16:55:20', '2019-12-13 16:55:20', 'L'),
(1512, 10, 18, 1300000, 2, '2019-12-13 16:55:20', '2019-12-13 16:55:20', 'L'),
(1513, 10, 18, 1300000, 2, '2019-12-13 16:55:20', '2019-12-13 16:55:20', 'L'),
(1514, 10, 18, 1300000, 2, '2019-12-13 16:55:20', '2019-12-13 16:55:20', 'L'),
(1515, 10, 18, 1300000, 2, '2019-12-13 16:55:21', '2019-12-13 16:55:21', 'L'),
(1516, 10, 18, 1300000, 2, '2019-12-13 16:55:21', '2019-12-13 16:55:21', 'L'),
(1517, 10, 18, 1300000, 2, '2019-12-13 16:55:21', '2019-12-13 16:55:21', 'L'),
(1518, 10, 18, 1300000, 2, '2019-12-13 16:55:21', '2019-12-13 16:55:21', 'L'),
(1519, 10, 18, 1300000, 2, '2019-12-13 16:55:21', '2019-12-13 16:55:21', 'L'),
(1520, 10, 18, 1300000, 2, '2019-12-13 16:55:21', '2019-12-13 16:55:21', 'L'),
(1521, 10, 18, 1300000, 2, '2019-12-13 16:55:21', '2019-12-13 16:55:21', 'L'),
(1522, 10, 18, 1300000, 2, '2019-12-13 16:55:21', '2019-12-13 16:55:21', 'L'),
(1523, 10, 18, 1300000, 2, '2019-12-13 16:55:21', '2019-12-13 16:55:21', 'L'),
(1524, 10, 18, 1300000, 2, '2019-12-13 16:55:21', '2019-12-13 16:55:21', 'L'),
(1525, 10, 18, 1300000, 2, '2019-12-13 16:55:21', '2019-12-13 16:55:21', 'L'),
(1526, 10, 18, 1300000, 2, '2019-12-13 16:55:21', '2019-12-13 16:55:21', 'L'),
(1527, 10, 18, 1300000, 2, '2019-12-13 16:55:21', '2019-12-13 16:55:21', 'L'),
(1528, 10, 18, 1300000, 2, '2019-12-13 16:55:21', '2019-12-13 16:55:21', 'L'),
(1529, 10, 18, 1300000, 2, '2019-12-13 16:55:21', '2019-12-13 16:55:21', 'L'),
(1530, 10, 18, 1300000, 2, '2019-12-13 16:55:21', '2019-12-13 16:55:21', 'L'),
(1531, 10, 18, 1300000, 2, '2019-12-13 16:55:21', '2019-12-13 16:55:21', 'L'),
(1532, 10, 18, 1300000, 2, '2019-12-13 16:55:21', '2019-12-13 16:55:21', 'L'),
(1533, 10, 18, 1300000, 2, '2019-12-13 16:55:21', '2019-12-13 16:55:21', 'L'),
(1534, 10, 18, 1300000, 2, '2019-12-13 16:55:21', '2019-12-13 16:55:21', 'L'),
(1535, 10, 18, 1300000, 2, '2019-12-13 16:55:21', '2019-12-13 16:55:21', 'L'),
(1536, 10, 18, 1300000, 2, '2019-12-13 16:55:21', '2019-12-13 16:55:21', 'L'),
(1537, 10, 18, 1300000, 2, '2019-12-13 16:55:21', '2019-12-13 16:55:21', 'L'),
(1538, 10, 18, 1300000, 2, '2019-12-13 16:55:22', '2019-12-13 16:55:22', 'L'),
(1539, 10, 18, 1300000, 2, '2019-12-13 16:55:22', '2019-12-13 16:55:22', 'L'),
(1540, 10, 18, 1300000, 2, '2019-12-13 16:55:22', '2019-12-13 16:55:22', 'L'),
(1541, 10, 18, 1300000, 2, '2019-12-13 16:55:22', '2019-12-13 16:55:22', 'L'),
(1542, 10, 18, 1300000, 2, '2019-12-13 16:55:22', '2019-12-13 16:55:22', 'L'),
(1543, 10, 18, 1300000, 2, '2019-12-13 16:55:22', '2019-12-13 16:55:22', 'L'),
(1544, 10, 18, 1300000, 2, '2019-12-13 16:55:22', '2019-12-13 16:55:22', 'L'),
(1545, 10, 18, 1300000, 2, '2019-12-13 16:55:22', '2019-12-13 16:55:22', 'L'),
(1546, 10, 18, 1300000, 2, '2019-12-13 16:55:22', '2019-12-13 16:55:22', 'L'),
(1547, 10, 18, 1300000, 2, '2019-12-13 16:55:22', '2019-12-13 16:55:22', 'L'),
(1548, 10, 18, 1300000, 2, '2019-12-13 16:55:22', '2019-12-13 16:55:22', 'L'),
(1549, 10, 18, 1300000, 2, '2019-12-13 16:55:22', '2019-12-13 16:55:22', 'L'),
(1550, 10, 18, 1300000, 2, '2019-12-13 16:55:22', '2019-12-13 16:55:22', 'L'),
(1551, 10, 18, 1300000, 2, '2019-12-13 16:55:22', '2019-12-13 16:55:22', 'L'),
(1552, 10, 18, 1300000, 2, '2019-12-13 16:55:22', '2019-12-13 16:55:22', 'L'),
(1553, 10, 18, 1300000, 2, '2019-12-13 16:55:22', '2019-12-13 16:55:22', 'L'),
(1554, 10, 18, 1300000, 2, '2019-12-13 16:55:22', '2019-12-13 16:55:22', 'L'),
(1555, 10, 18, 1300000, 2, '2019-12-13 16:55:22', '2019-12-13 16:55:22', 'L'),
(1556, 10, 18, 1300000, 2, '2019-12-13 16:55:22', '2019-12-13 16:55:22', 'L'),
(1557, 10, 18, 1300000, 2, '2019-12-13 16:55:22', '2019-12-13 16:55:22', 'L'),
(1558, 10, 18, 1300000, 2, '2019-12-13 16:55:22', '2019-12-13 16:55:22', 'L'),
(1559, 10, 18, 1300000, 2, '2019-12-13 16:55:22', '2019-12-13 16:55:22', 'L'),
(1560, 10, 18, 1300000, 2, '2019-12-13 16:55:22', '2019-12-13 16:55:22', 'L'),
(1561, 10, 18, 1300000, 2, '2019-12-13 16:55:22', '2019-12-13 16:55:22', 'L'),
(1562, 10, 18, 1300000, 2, '2019-12-13 16:55:22', '2019-12-13 16:55:22', 'L'),
(1563, 10, 18, 1300000, 2, '2019-12-13 16:55:23', '2019-12-13 16:55:23', 'L'),
(1564, 10, 18, 1300000, 2, '2019-12-13 16:55:23', '2019-12-13 16:55:23', 'L'),
(1565, 10, 18, 1300000, 2, '2019-12-13 16:55:23', '2019-12-13 16:55:23', 'L'),
(1566, 10, 18, 1300000, 2, '2019-12-13 16:55:23', '2019-12-13 16:55:23', 'L'),
(1567, 10, 18, 1300000, 2, '2019-12-13 16:55:23', '2019-12-13 16:55:23', 'L'),
(1568, 10, 18, 1300000, 2, '2019-12-13 16:55:23', '2019-12-13 16:55:23', 'L'),
(1569, 10, 18, 1300000, 2, '2019-12-13 16:55:23', '2019-12-13 16:55:23', 'L'),
(1570, 10, 18, 1300000, 2, '2019-12-13 16:55:23', '2019-12-13 16:55:23', 'L'),
(1571, 10, 18, 1300000, 2, '2019-12-13 16:55:23', '2019-12-13 16:55:23', 'L'),
(1572, 10, 18, 1300000, 2, '2019-12-13 16:55:23', '2019-12-13 16:55:23', 'L'),
(1573, 10, 18, 1300000, 2, '2019-12-13 16:55:23', '2019-12-13 16:55:23', 'L'),
(1574, 10, 18, 1300000, 2, '2019-12-13 16:55:23', '2019-12-13 16:55:23', 'L'),
(1575, 10, 18, 1300000, 2, '2019-12-13 16:55:23', '2019-12-13 16:55:23', 'L'),
(1576, 10, 18, 1300000, 2, '2019-12-13 16:55:23', '2019-12-13 16:55:23', 'L'),
(1577, 10, 18, 1300000, 2, '2019-12-13 16:55:23', '2019-12-13 16:55:23', 'L'),
(1578, 10, 18, 1300000, 2, '2019-12-13 16:55:23', '2019-12-13 16:55:23', 'L'),
(1579, 10, 18, 1300000, 2, '2019-12-13 16:55:23', '2019-12-13 16:55:23', 'L'),
(1580, 10, 18, 1300000, 2, '2019-12-13 16:55:23', '2019-12-13 16:55:23', 'L'),
(1581, 10, 18, 1300000, 2, '2019-12-13 16:55:23', '2019-12-13 16:55:23', 'L'),
(1582, 10, 18, 1300000, 2, '2019-12-13 16:55:23', '2019-12-13 16:55:23', 'L'),
(1583, 10, 18, 1300000, 2, '2019-12-13 16:55:23', '2019-12-13 16:55:23', 'L'),
(1584, 10, 18, 1300000, 2, '2019-12-13 16:55:23', '2019-12-13 16:55:23', 'L'),
(1585, 10, 18, 1300000, 2, '2019-12-13 16:55:24', '2019-12-13 16:55:24', 'L'),
(1586, 10, 18, 1300000, 2, '2019-12-13 16:55:24', '2019-12-13 16:55:24', 'L'),
(1587, 10, 18, 1300000, 2, '2019-12-13 16:55:24', '2019-12-13 16:55:24', 'L'),
(1588, 10, 18, 1300000, 2, '2019-12-13 16:55:24', '2019-12-13 16:55:24', 'L'),
(1589, 10, 18, 1300000, 2, '2019-12-13 16:55:24', '2019-12-13 16:55:24', 'L'),
(1590, 10, 18, 1300000, 2, '2019-12-13 16:55:24', '2019-12-13 16:55:24', 'L'),
(1591, 10, 18, 1300000, 2, '2019-12-13 16:55:24', '2019-12-13 16:55:24', 'L'),
(1592, 10, 18, 1300000, 2, '2019-12-13 16:55:24', '2019-12-13 16:55:24', 'L'),
(1593, 10, 18, 1300000, 2, '2019-12-13 16:55:24', '2019-12-13 16:55:24', 'L'),
(1594, 10, 18, 1300000, 2, '2019-12-13 16:55:24', '2019-12-13 16:55:24', 'L'),
(1595, 10, 18, 1300000, 2, '2019-12-13 16:55:24', '2019-12-13 16:55:24', 'L'),
(1596, 10, 18, 1300000, 2, '2019-12-13 16:55:24', '2019-12-13 16:55:24', 'L'),
(1597, 10, 18, 1300000, 2, '2019-12-13 16:55:24', '2019-12-13 16:55:24', 'L'),
(1598, 10, 18, 1300000, 2, '2019-12-13 16:55:24', '2019-12-13 16:55:24', 'L'),
(1599, 10, 18, 1300000, 2, '2019-12-13 16:55:24', '2019-12-13 16:55:24', 'L'),
(1600, 10, 18, 1300000, 2, '2019-12-13 16:55:24', '2019-12-13 16:55:24', 'L'),
(1601, 10, 18, 1300000, 2, '2019-12-13 16:55:24', '2019-12-13 16:55:24', 'L'),
(1602, 10, 18, 1300000, 2, '2019-12-13 16:55:24', '2019-12-13 16:55:24', 'L'),
(1603, 10, 18, 1300000, 2, '2019-12-13 16:55:24', '2019-12-13 16:55:24', 'L'),
(1604, 10, 18, 1300000, 2, '2019-12-13 16:55:24', '2019-12-13 16:55:24', 'L'),
(1605, 10, 18, 1300000, 2, '2019-12-13 16:55:24', '2019-12-13 16:55:24', 'L'),
(1606, 10, 18, 1300000, 2, '2019-12-13 16:55:24', '2019-12-13 16:55:24', 'L'),
(1607, 10, 18, 1300000, 2, '2019-12-13 16:55:24', '2019-12-13 16:55:24', 'L'),
(1608, 10, 18, 1300000, 2, '2019-12-13 16:55:24', '2019-12-13 16:55:24', 'L'),
(1609, 10, 18, 1300000, 2, '2019-12-13 16:55:25', '2019-12-13 16:55:25', 'L'),
(1610, 10, 18, 1300000, 2, '2019-12-13 16:55:25', '2019-12-13 16:55:25', 'L'),
(1611, 10, 18, 1300000, 2, '2019-12-13 16:55:25', '2019-12-13 16:55:25', 'L'),
(1612, 10, 18, 1300000, 2, '2019-12-13 16:55:25', '2019-12-13 16:55:25', 'L'),
(1613, 10, 18, 1300000, 2, '2019-12-13 16:55:25', '2019-12-13 16:55:25', 'L'),
(1614, 10, 18, 1300000, 2, '2019-12-13 16:55:25', '2019-12-13 16:55:25', 'L'),
(1615, 10, 18, 1300000, 2, '2019-12-13 16:55:25', '2019-12-13 16:55:25', 'L'),
(1616, 10, 18, 1300000, 2, '2019-12-13 16:55:25', '2019-12-13 16:55:25', 'L'),
(1617, 10, 18, 1300000, 2, '2019-12-13 16:55:25', '2019-12-13 16:55:25', 'L'),
(1618, 10, 18, 1300000, 2, '2019-12-13 16:55:25', '2019-12-13 16:55:25', 'L'),
(1619, 10, 18, 1300000, 2, '2019-12-13 16:55:25', '2019-12-13 16:55:25', 'L'),
(1620, 10, 18, 1300000, 2, '2019-12-13 16:55:25', '2019-12-13 16:55:25', 'L'),
(1621, 10, 18, 1300000, 2, '2019-12-13 16:55:25', '2019-12-13 16:55:25', 'L'),
(1622, 10, 18, 1300000, 2, '2019-12-13 16:55:25', '2019-12-13 16:55:25', 'L'),
(1623, 10, 18, 1300000, 2, '2019-12-13 16:55:25', '2019-12-13 16:55:25', 'L'),
(1624, 10, 18, 1300000, 2, '2019-12-13 16:55:25', '2019-12-13 16:55:25', 'L'),
(1625, 10, 18, 1300000, 2, '2019-12-13 16:55:25', '2019-12-13 16:55:25', 'L'),
(1626, 10, 18, 1300000, 2, '2019-12-13 16:55:25', '2019-12-13 16:55:25', 'L'),
(1627, 10, 18, 1300000, 2, '2019-12-13 16:55:25', '2019-12-13 16:55:25', 'L'),
(1628, 10, 18, 1300000, 2, '2019-12-13 16:55:25', '2019-12-13 16:55:25', 'L'),
(1629, 10, 18, 1300000, 2, '2019-12-13 16:55:25', '2019-12-13 16:55:25', 'L'),
(1630, 10, 18, 1300000, 2, '2019-12-13 16:55:25', '2019-12-13 16:55:25', 'L'),
(1631, 10, 18, 1300000, 2, '2019-12-13 16:55:25', '2019-12-13 16:55:25', 'L'),
(1632, 10, 18, 1300000, 2, '2019-12-13 16:55:25', '2019-12-13 16:55:25', 'L'),
(1633, 10, 18, 1300000, 2, '2019-12-13 16:55:26', '2019-12-13 16:55:26', 'L'),
(1634, 10, 18, 1300000, 2, '2019-12-13 16:55:26', '2019-12-13 16:55:26', 'L'),
(1635, 10, 18, 1300000, 2, '2019-12-13 16:55:26', '2019-12-13 16:55:26', 'L'),
(1636, 10, 18, 1300000, 2, '2019-12-13 16:55:26', '2019-12-13 16:55:26', 'L'),
(1637, 10, 18, 1300000, 2, '2019-12-13 16:55:26', '2019-12-13 16:55:26', 'L'),
(1638, 10, 18, 1300000, 2, '2019-12-13 16:55:26', '2019-12-13 16:55:26', 'L'),
(1639, 10, 18, 1300000, 2, '2019-12-13 16:55:26', '2019-12-13 16:55:26', 'L'),
(1640, 10, 18, 1300000, 2, '2019-12-13 16:55:26', '2019-12-13 16:55:26', 'L'),
(1641, 10, 18, 1300000, 2, '2019-12-13 16:55:26', '2019-12-13 16:55:26', 'L'),
(1642, 10, 18, 1300000, 2, '2019-12-13 16:55:26', '2019-12-13 16:55:26', 'L'),
(1643, 10, 18, 1300000, 2, '2019-12-13 16:55:26', '2019-12-13 16:55:26', 'L'),
(1644, 10, 18, 1300000, 2, '2019-12-13 16:55:26', '2019-12-13 16:55:26', 'L'),
(1645, 10, 18, 1300000, 2, '2019-12-13 16:55:26', '2019-12-13 16:55:26', 'L'),
(1646, 10, 18, 1300000, 2, '2019-12-13 16:55:26', '2019-12-13 16:55:26', 'L'),
(1647, 10, 18, 1300000, 2, '2019-12-13 16:55:26', '2019-12-13 16:55:26', 'L'),
(1648, 10, 18, 1300000, 2, '2019-12-13 16:55:26', '2019-12-13 16:55:26', 'L'),
(1649, 10, 18, 1300000, 2, '2019-12-13 16:55:26', '2019-12-13 16:55:26', 'L'),
(1650, 10, 18, 1300000, 2, '2019-12-13 16:55:26', '2019-12-13 16:55:26', 'L'),
(1651, 10, 18, 1300000, 2, '2019-12-13 16:55:26', '2019-12-13 16:55:26', 'L'),
(1652, 10, 18, 1300000, 2, '2019-12-13 16:55:26', '2019-12-13 16:55:26', 'L'),
(1653, 10, 18, 1300000, 2, '2019-12-13 16:55:26', '2019-12-13 16:55:26', 'L'),
(1654, 10, 18, 1300000, 2, '2019-12-13 16:55:26', '2019-12-13 16:55:26', 'L'),
(1655, 10, 18, 1300000, 2, '2019-12-13 16:55:26', '2019-12-13 16:55:26', 'L'),
(1656, 10, 18, 1300000, 2, '2019-12-13 16:55:27', '2019-12-13 16:55:27', 'L'),
(1657, 10, 18, 1300000, 2, '2019-12-13 16:55:27', '2019-12-13 16:55:27', 'L'),
(1658, 10, 18, 1300000, 2, '2019-12-13 16:55:27', '2019-12-13 16:55:27', 'L'),
(1659, 10, 18, 1300000, 2, '2019-12-13 16:55:27', '2019-12-13 16:55:27', 'L'),
(1660, 10, 18, 1300000, 2, '2019-12-13 16:55:27', '2019-12-13 16:55:27', 'L'),
(1661, 10, 18, 1300000, 2, '2019-12-13 16:55:27', '2019-12-13 16:55:27', 'L'),
(1662, 10, 18, 1300000, 2, '2019-12-13 16:55:27', '2019-12-13 16:55:27', 'L'),
(1663, 10, 18, 1300000, 2, '2019-12-13 16:55:27', '2019-12-13 16:55:27', 'L'),
(1664, 10, 18, 1300000, 2, '2019-12-13 16:55:27', '2019-12-13 16:55:27', 'L'),
(1665, 10, 18, 1300000, 2, '2019-12-13 16:55:27', '2019-12-13 16:55:27', 'L'),
(1666, 10, 18, 1300000, 2, '2019-12-13 16:55:27', '2019-12-13 16:55:27', 'L'),
(1667, 10, 18, 1300000, 2, '2019-12-13 16:55:27', '2019-12-13 16:55:27', 'L'),
(1668, 10, 18, 1300000, 2, '2019-12-13 16:55:27', '2019-12-13 16:55:27', 'L'),
(1669, 10, 18, 1300000, 2, '2019-12-13 16:55:27', '2019-12-13 16:55:27', 'L'),
(1670, 10, 18, 1300000, 2, '2019-12-13 16:55:27', '2019-12-13 16:55:27', 'L'),
(1671, 10, 18, 1300000, 2, '2019-12-13 16:55:27', '2019-12-13 16:55:27', 'L'),
(1672, 10, 18, 1300000, 2, '2019-12-13 16:55:27', '2019-12-13 16:55:27', 'L'),
(1673, 10, 18, 1300000, 2, '2019-12-13 16:55:27', '2019-12-13 16:55:27', 'L'),
(1674, 10, 18, 1300000, 2, '2019-12-13 16:55:27', '2019-12-13 16:55:27', 'L'),
(1675, 10, 18, 1300000, 2, '2019-12-13 16:55:27', '2019-12-13 16:55:27', 'L'),
(1676, 10, 18, 1300000, 2, '2019-12-13 16:55:27', '2019-12-13 16:55:27', 'L'),
(1677, 10, 18, 1300000, 2, '2019-12-13 16:55:27', '2019-12-13 16:55:27', 'L'),
(1678, 10, 18, 1300000, 2, '2019-12-13 16:55:27', '2019-12-13 16:55:27', 'L'),
(1679, 10, 18, 1300000, 2, '2019-12-13 16:55:27', '2019-12-13 16:55:27', 'L'),
(1680, 10, 18, 1300000, 2, '2019-12-13 16:55:27', '2019-12-13 16:55:27', 'L'),
(1681, 10, 18, 1300000, 2, '2019-12-13 16:55:27', '2019-12-13 16:55:27', 'L'),
(1682, 10, 18, 1300000, 2, '2019-12-13 16:55:28', '2019-12-13 16:55:28', 'L'),
(1683, 10, 18, 1300000, 2, '2019-12-13 16:55:28', '2019-12-13 16:55:28', 'L'),
(1684, 10, 18, 1300000, 2, '2019-12-13 16:55:28', '2019-12-13 16:55:28', 'L'),
(1685, 10, 18, 1300000, 2, '2019-12-13 16:55:28', '2019-12-13 16:55:28', 'L'),
(1686, 10, 18, 1300000, 2, '2019-12-13 16:55:28', '2019-12-13 16:55:28', 'L'),
(1687, 10, 18, 1300000, 2, '2019-12-13 16:55:28', '2019-12-13 16:55:28', 'L'),
(1688, 10, 18, 1300000, 2, '2019-12-13 16:55:28', '2019-12-13 16:55:28', 'L'),
(1689, 10, 18, 1300000, 2, '2019-12-13 16:55:28', '2019-12-13 16:55:28', 'L'),
(1690, 10, 18, 1300000, 2, '2019-12-13 16:55:28', '2019-12-13 16:55:28', 'L'),
(1691, 10, 18, 1300000, 2, '2019-12-13 16:55:28', '2019-12-13 16:55:28', 'L'),
(1692, 10, 18, 1300000, 2, '2019-12-13 16:55:28', '2019-12-13 16:55:28', 'L'),
(1693, 10, 18, 1300000, 2, '2019-12-13 16:55:28', '2019-12-13 16:55:28', 'L'),
(1694, 10, 18, 1300000, 2, '2019-12-13 16:55:28', '2019-12-13 16:55:28', 'L'),
(1695, 10, 18, 1300000, 2, '2019-12-13 16:55:28', '2019-12-13 16:55:28', 'L'),
(1696, 10, 18, 1300000, 2, '2019-12-13 16:55:28', '2019-12-13 16:55:28', 'L'),
(1697, 10, 18, 1300000, 2, '2019-12-13 16:55:28', '2019-12-13 16:55:28', 'L'),
(1698, 10, 18, 1300000, 2, '2019-12-13 16:55:28', '2019-12-13 16:55:28', 'L'),
(1699, 10, 18, 1300000, 2, '2019-12-13 16:55:28', '2019-12-13 16:55:28', 'L'),
(1700, 10, 18, 1300000, 2, '2019-12-13 16:55:28', '2019-12-13 16:55:28', 'L'),
(1701, 10, 18, 1300000, 2, '2019-12-13 16:55:28', '2019-12-13 16:55:28', 'L'),
(1702, 10, 18, 1300000, 2, '2019-12-13 16:55:28', '2019-12-13 16:55:28', 'L'),
(1703, 10, 18, 1300000, 2, '2019-12-13 16:55:28', '2019-12-13 16:55:28', 'L'),
(1704, 10, 18, 1300000, 2, '2019-12-13 16:55:29', '2019-12-13 16:55:29', 'L'),
(1705, 10, 18, 1300000, 2, '2019-12-13 16:55:29', '2019-12-13 16:55:29', 'L'),
(1706, 10, 18, 1300000, 2, '2019-12-13 16:55:29', '2019-12-13 16:55:29', 'L'),
(1707, 10, 18, 1300000, 2, '2019-12-13 16:55:29', '2019-12-13 16:55:29', 'L'),
(1708, 10, 18, 1300000, 2, '2019-12-13 16:55:29', '2019-12-13 16:55:29', 'L'),
(1709, 10, 18, 1300000, 2, '2019-12-13 16:55:29', '2019-12-13 16:55:29', 'L'),
(1710, 10, 18, 1300000, 2, '2019-12-13 16:55:29', '2019-12-13 16:55:29', 'L'),
(1711, 10, 18, 1300000, 2, '2019-12-13 16:55:29', '2019-12-13 16:55:29', 'L'),
(1712, 10, 18, 1300000, 2, '2019-12-13 16:55:29', '2019-12-13 16:55:29', 'L'),
(1713, 10, 18, 1300000, 2, '2019-12-13 16:55:29', '2019-12-13 16:55:29', 'L'),
(1714, 10, 18, 1300000, 2, '2019-12-13 16:55:29', '2019-12-13 16:55:29', 'L'),
(1715, 10, 18, 1300000, 2, '2019-12-13 16:55:29', '2019-12-13 16:55:29', 'L'),
(1716, 10, 18, 1300000, 2, '2019-12-13 16:55:29', '2019-12-13 16:55:29', 'L'),
(1717, 10, 18, 1300000, 2, '2019-12-13 16:55:29', '2019-12-13 16:55:29', 'L'),
(1718, 10, 18, 1300000, 2, '2019-12-13 16:55:29', '2019-12-13 16:55:29', 'L'),
(1719, 10, 18, 1300000, 2, '2019-12-13 16:55:29', '2019-12-13 16:55:29', 'L'),
(1720, 10, 18, 1300000, 2, '2019-12-13 16:55:29', '2019-12-13 16:55:29', 'L'),
(1721, 10, 18, 1300000, 2, '2019-12-13 16:55:29', '2019-12-13 16:55:29', 'L'),
(1722, 10, 18, 1300000, 2, '2019-12-13 16:55:29', '2019-12-13 16:55:29', 'L'),
(1723, 10, 18, 1300000, 2, '2019-12-13 16:55:29', '2019-12-13 16:55:29', 'L'),
(1724, 10, 18, 1300000, 2, '2019-12-13 16:55:29', '2019-12-13 16:55:29', 'L'),
(1725, 10, 18, 1300000, 2, '2019-12-13 16:55:29', '2019-12-13 16:55:29', 'L'),
(1726, 10, 18, 1300000, 2, '2019-12-13 16:55:29', '2019-12-13 16:55:29', 'L'),
(1727, 10, 18, 1300000, 2, '2019-12-13 16:55:29', '2019-12-13 16:55:29', 'L'),
(1728, 10, 18, 1300000, 2, '2019-12-13 16:55:30', '2019-12-13 16:55:30', 'L'),
(1729, 10, 18, 1300000, 2, '2019-12-13 16:55:30', '2019-12-13 16:55:30', 'L'),
(1730, 10, 18, 1300000, 2, '2019-12-13 16:55:30', '2019-12-13 16:55:30', 'L'),
(1731, 10, 18, 1300000, 2, '2019-12-13 16:55:30', '2019-12-13 16:55:30', 'L'),
(1732, 10, 18, 1300000, 2, '2019-12-13 16:55:30', '2019-12-13 16:55:30', 'L'),
(1733, 10, 18, 1300000, 2, '2019-12-13 16:55:30', '2019-12-13 16:55:30', 'L'),
(1734, 10, 18, 1300000, 2, '2019-12-13 16:55:30', '2019-12-13 16:55:30', 'L'),
(1735, 10, 18, 1300000, 2, '2019-12-13 16:55:30', '2019-12-13 16:55:30', 'L'),
(1736, 10, 18, 1300000, 2, '2019-12-13 16:55:30', '2019-12-13 16:55:30', 'L'),
(1737, 10, 18, 1300000, 2, '2019-12-13 16:55:30', '2019-12-13 16:55:30', 'L'),
(1738, 10, 18, 1300000, 2, '2019-12-13 16:55:30', '2019-12-13 16:55:30', 'L'),
(1739, 10, 18, 1300000, 2, '2019-12-13 16:55:30', '2019-12-13 16:55:30', 'L'),
(1740, 10, 18, 1300000, 2, '2019-12-13 16:55:30', '2019-12-13 16:55:30', 'L'),
(1741, 10, 18, 1300000, 2, '2019-12-13 16:55:30', '2019-12-13 16:55:30', 'L'),
(1742, 10, 18, 1300000, 2, '2019-12-13 16:55:30', '2019-12-13 16:55:30', 'L'),
(1743, 10, 18, 1300000, 2, '2019-12-13 16:55:30', '2019-12-13 16:55:30', 'L'),
(1744, 10, 18, 1300000, 2, '2019-12-13 16:55:30', '2019-12-13 16:55:30', 'L'),
(1745, 10, 18, 1300000, 2, '2019-12-13 16:55:30', '2019-12-13 16:55:30', 'L'),
(1746, 10, 18, 1300000, 2, '2019-12-13 16:55:30', '2019-12-13 16:55:30', 'L'),
(1747, 10, 18, 1300000, 2, '2019-12-13 16:55:30', '2019-12-13 16:55:30', 'L'),
(1748, 10, 18, 1300000, 2, '2019-12-13 16:55:30', '2019-12-13 16:55:30', 'L'),
(1749, 10, 18, 1300000, 2, '2019-12-13 16:55:31', '2019-12-13 16:55:31', 'L'),
(1750, 10, 18, 1300000, 2, '2019-12-13 16:55:31', '2019-12-13 16:55:31', 'L'),
(1751, 10, 18, 1300000, 2, '2019-12-13 16:55:31', '2019-12-13 16:55:31', 'L'),
(1752, 10, 18, 1300000, 2, '2019-12-13 16:55:31', '2019-12-13 16:55:31', 'L'),
(1753, 10, 18, 1300000, 2, '2019-12-13 16:55:31', '2019-12-13 16:55:31', 'L'),
(1754, 10, 18, 1300000, 2, '2019-12-13 16:55:31', '2019-12-13 16:55:31', 'L'),
(1755, 10, 18, 1300000, 2, '2019-12-13 16:55:31', '2019-12-13 16:55:31', 'L'),
(1756, 10, 18, 1300000, 2, '2019-12-13 16:55:31', '2019-12-13 16:55:31', 'L'),
(1757, 10, 18, 1300000, 2, '2019-12-13 16:55:31', '2019-12-13 16:55:31', 'L'),
(1758, 10, 18, 1300000, 2, '2019-12-13 16:55:31', '2019-12-13 16:55:31', 'L'),
(1759, 10, 18, 1300000, 2, '2019-12-13 16:55:31', '2019-12-13 16:55:31', 'L'),
(1760, 10, 18, 1300000, 2, '2019-12-13 16:55:31', '2019-12-13 16:55:31', 'L'),
(1761, 10, 18, 1300000, 2, '2019-12-13 16:55:31', '2019-12-13 16:55:31', 'L'),
(1762, 10, 18, 1300000, 2, '2019-12-13 16:55:31', '2019-12-13 16:55:31', 'L'),
(1763, 10, 18, 1300000, 2, '2019-12-13 16:55:31', '2019-12-13 16:55:31', 'L'),
(1764, 10, 18, 1300000, 2, '2019-12-13 16:55:31', '2019-12-13 16:55:31', 'L'),
(1765, 10, 18, 1300000, 2, '2019-12-13 16:55:31', '2019-12-13 16:55:31', 'L'),
(1766, 10, 18, 1300000, 2, '2019-12-13 16:55:31', '2019-12-13 16:55:31', 'L'),
(1767, 10, 18, 1300000, 2, '2019-12-13 16:55:31', '2019-12-13 16:55:31', 'L'),
(1768, 10, 18, 1300000, 2, '2019-12-13 16:55:31', '2019-12-13 16:55:31', 'L'),
(1769, 10, 18, 1300000, 2, '2019-12-13 16:55:31', '2019-12-13 16:55:31', 'L'),
(1770, 10, 18, 1300000, 2, '2019-12-13 16:55:31', '2019-12-13 16:55:31', 'L'),
(1771, 10, 18, 1300000, 2, '2019-12-13 16:55:31', '2019-12-13 16:55:31', 'L'),
(1772, 10, 18, 1300000, 2, '2019-12-13 16:55:31', '2019-12-13 16:55:31', 'L'),
(1773, 10, 18, 1300000, 2, '2019-12-13 16:55:32', '2019-12-13 16:55:32', 'L'),
(1774, 10, 18, 1300000, 2, '2019-12-13 16:55:32', '2019-12-13 16:55:32', 'L'),
(1775, 10, 18, 1300000, 2, '2019-12-13 16:55:32', '2019-12-13 16:55:32', 'L'),
(1776, 10, 18, 1300000, 2, '2019-12-13 16:55:32', '2019-12-13 16:55:32', 'L'),
(1777, 10, 18, 1300000, 2, '2019-12-13 16:55:32', '2019-12-13 16:55:32', 'L'),
(1778, 10, 18, 1300000, 2, '2019-12-13 16:55:32', '2019-12-13 16:55:32', 'L'),
(1779, 10, 18, 1300000, 2, '2019-12-13 16:55:32', '2019-12-13 16:55:32', 'L'),
(1780, 10, 18, 1300000, 2, '2019-12-13 16:55:32', '2019-12-13 16:55:32', 'L'),
(1781, 10, 18, 1300000, 2, '2019-12-13 16:55:32', '2019-12-13 16:55:32', 'L'),
(1782, 10, 18, 1300000, 2, '2019-12-13 16:55:32', '2019-12-13 16:55:32', 'L'),
(1783, 10, 18, 1300000, 2, '2019-12-13 16:55:32', '2019-12-13 16:55:32', 'L'),
(1784, 10, 18, 1300000, 2, '2019-12-13 16:55:32', '2019-12-13 16:55:32', 'L'),
(1785, 10, 18, 1300000, 2, '2019-12-13 16:55:32', '2019-12-13 16:55:32', 'L'),
(1786, 10, 18, 1300000, 2, '2019-12-13 16:55:32', '2019-12-13 16:55:32', 'L'),
(1787, 10, 18, 1300000, 2, '2019-12-13 16:55:32', '2019-12-13 16:55:32', 'L'),
(1788, 10, 18, 1300000, 2, '2019-12-13 16:55:32', '2019-12-13 16:55:32', 'L'),
(1789, 10, 18, 1300000, 2, '2019-12-13 16:55:32', '2019-12-13 16:55:32', 'L'),
(1790, 10, 18, 1300000, 2, '2019-12-13 16:55:32', '2019-12-13 16:55:32', 'L'),
(1791, 10, 18, 1300000, 2, '2019-12-13 16:55:32', '2019-12-13 16:55:32', 'L'),
(1792, 10, 18, 1300000, 2, '2019-12-13 16:55:32', '2019-12-13 16:55:32', 'L'),
(1793, 10, 18, 1300000, 2, '2019-12-13 16:55:32', '2019-12-13 16:55:32', 'L'),
(1794, 10, 18, 1300000, 2, '2019-12-13 16:55:32', '2019-12-13 16:55:32', 'L'),
(1795, 10, 18, 1300000, 2, '2019-12-13 16:55:32', '2019-12-13 16:55:32', 'L'),
(1796, 10, 18, 1300000, 2, '2019-12-13 16:55:32', '2019-12-13 16:55:32', 'L'),
(1797, 10, 18, 1300000, 2, '2019-12-13 16:55:32', '2019-12-13 16:55:32', 'L'),
(1798, 10, 18, 1300000, 2, '2019-12-13 16:55:33', '2019-12-13 16:55:33', 'L'),
(1799, 10, 18, 1300000, 2, '2019-12-13 16:55:33', '2019-12-13 16:55:33', 'L'),
(1800, 10, 18, 1300000, 2, '2019-12-13 16:55:33', '2019-12-13 16:55:33', 'L'),
(1801, 10, 18, 1300000, 2, '2019-12-13 16:55:33', '2019-12-13 16:55:33', 'L'),
(1802, 10, 18, 1300000, 2, '2019-12-13 16:55:33', '2019-12-13 16:55:33', 'L'),
(1803, 10, 18, 1300000, 2, '2019-12-13 16:55:33', '2019-12-13 16:55:33', 'L'),
(1804, 10, 18, 1300000, 2, '2019-12-13 16:55:33', '2019-12-13 16:55:33', 'L'),
(1805, 10, 18, 1300000, 2, '2019-12-13 16:55:33', '2019-12-13 16:55:33', 'L'),
(1806, 10, 18, 1300000, 2, '2019-12-13 16:55:33', '2019-12-13 16:55:33', 'L'),
(1807, 10, 18, 1300000, 2, '2019-12-13 16:55:33', '2019-12-13 16:55:33', 'L'),
(1808, 10, 18, 1300000, 2, '2019-12-13 16:55:33', '2019-12-13 16:55:33', 'L'),
(1809, 10, 18, 1300000, 2, '2019-12-13 16:55:33', '2019-12-13 16:55:33', 'L'),
(1810, 10, 18, 1300000, 2, '2019-12-13 16:55:33', '2019-12-13 16:55:33', 'L'),
(1811, 10, 18, 1300000, 2, '2019-12-13 16:55:33', '2019-12-13 16:55:33', 'L'),
(1812, 10, 18, 1300000, 2, '2019-12-13 16:55:33', '2019-12-13 16:55:33', 'L'),
(1813, 10, 18, 1300000, 2, '2019-12-13 16:55:33', '2019-12-13 16:55:33', 'L'),
(1814, 10, 18, 1300000, 2, '2019-12-13 16:55:33', '2019-12-13 16:55:33', 'L'),
(1815, 10, 18, 1300000, 2, '2019-12-13 16:55:33', '2019-12-13 16:55:33', 'L'),
(1816, 10, 18, 1300000, 2, '2019-12-13 16:55:33', '2019-12-13 16:55:33', 'L'),
(1817, 10, 18, 1300000, 2, '2019-12-13 16:55:33', '2019-12-13 16:55:33', 'L'),
(1818, 10, 18, 1300000, 2, '2019-12-13 16:55:33', '2019-12-13 16:55:33', 'L'),
(1819, 10, 18, 1300000, 2, '2019-12-13 16:55:33', '2019-12-13 16:55:33', 'L'),
(1820, 10, 18, 1300000, 2, '2019-12-13 16:55:33', '2019-12-13 16:55:33', 'L'),
(1821, 10, 18, 1300000, 2, '2019-12-13 16:55:33', '2019-12-13 16:55:33', 'L'),
(1822, 10, 18, 1300000, 2, '2019-12-13 16:55:34', '2019-12-13 16:55:34', 'L'),
(1823, 10, 18, 1300000, 2, '2019-12-13 16:55:34', '2019-12-13 16:55:34', 'L'),
(1824, 10, 18, 1300000, 2, '2019-12-13 16:55:34', '2019-12-13 16:55:34', 'L'),
(1825, 10, 18, 1300000, 2, '2019-12-13 16:55:34', '2019-12-13 16:55:34', 'L'),
(1826, 10, 18, 1300000, 2, '2019-12-13 16:55:34', '2019-12-13 16:55:34', 'L'),
(1827, 10, 18, 1300000, 2, '2019-12-13 16:55:34', '2019-12-13 16:55:34', 'L'),
(1828, 10, 18, 1300000, 2, '2019-12-13 16:55:34', '2019-12-13 16:55:34', 'L'),
(1829, 10, 18, 1300000, 2, '2019-12-13 16:55:34', '2019-12-13 16:55:34', 'L'),
(1830, 10, 18, 1300000, 2, '2019-12-13 16:55:34', '2019-12-13 16:55:34', 'L'),
(1831, 10, 18, 1300000, 2, '2019-12-13 16:55:34', '2019-12-13 16:55:34', 'L'),
(1832, 10, 18, 1300000, 2, '2019-12-13 16:55:34', '2019-12-13 16:55:34', 'L'),
(1833, 10, 18, 1300000, 2, '2019-12-13 16:55:34', '2019-12-13 16:55:34', 'L'),
(1834, 10, 18, 1300000, 2, '2019-12-13 16:55:34', '2019-12-13 16:55:34', 'L'),
(1835, 10, 18, 1300000, 2, '2019-12-13 16:55:34', '2019-12-13 16:55:34', 'L'),
(1836, 10, 18, 1300000, 2, '2019-12-13 16:56:21', '2019-12-13 16:56:21', 'L'),
(1837, 10, 18, 1300000, 2, '2019-12-13 16:56:21', '2019-12-13 16:56:21', 'L'),
(1838, 10, 18, 1300000, 2, '2019-12-13 16:56:21', '2019-12-13 16:56:21', 'L'),
(1839, 10, 18, 1300000, 2, '2019-12-13 16:56:22', '2019-12-13 16:56:22', 'L'),
(1840, 10, 18, 1300000, 2, '2019-12-13 16:56:22', '2019-12-13 16:56:22', 'L'),
(1841, 10, 18, 1300000, 2, '2019-12-13 16:56:22', '2019-12-13 16:56:22', 'L'),
(1842, 10, 18, 1300000, 2, '2019-12-13 16:56:22', '2019-12-13 16:56:22', 'L'),
(1843, 10, 18, 1300000, 2, '2019-12-13 16:56:22', '2019-12-13 16:56:22', 'L'),
(1844, 10, 18, 1300000, 2, '2019-12-13 16:56:22', '2019-12-13 16:56:22', 'L'),
(1845, 10, 18, 1300000, 2, '2019-12-13 16:56:22', '2019-12-13 16:56:22', 'L'),
(1846, 10, 18, 1300000, 2, '2019-12-13 16:56:22', '2019-12-13 16:56:22', 'L'),
(1847, 10, 18, 1300000, 2, '2019-12-13 16:56:22', '2019-12-13 16:56:22', 'L'),
(1848, 10, 18, 1300000, 2, '2019-12-13 16:56:22', '2019-12-13 16:56:22', 'L'),
(1849, 10, 18, 1300000, 2, '2019-12-13 16:56:22', '2019-12-13 16:56:22', 'L'),
(1850, 10, 18, 1300000, 2, '2019-12-13 16:56:22', '2019-12-13 16:56:22', 'L'),
(1851, 10, 18, 1300000, 2, '2019-12-13 16:56:22', '2019-12-13 16:56:22', 'L'),
(1852, 10, 18, 1300000, 2, '2019-12-13 16:56:22', '2019-12-13 16:56:22', 'L'),
(1853, 10, 18, 1300000, 2, '2019-12-13 16:56:22', '2019-12-13 16:56:22', 'L'),
(1854, 10, 18, 1300000, 2, '2019-12-13 16:56:22', '2019-12-13 16:56:22', 'L'),
(1855, 10, 18, 1300000, 2, '2019-12-13 16:56:22', '2019-12-13 16:56:22', 'L'),
(1856, 10, 18, 1300000, 2, '2019-12-13 16:56:22', '2019-12-13 16:56:22', 'L'),
(1857, 10, 18, 1300000, 2, '2019-12-13 16:56:22', '2019-12-13 16:56:22', 'L'),
(1858, 10, 18, 1300000, 2, '2019-12-13 16:56:22', '2019-12-13 16:56:22', 'L'),
(1859, 10, 18, 1300000, 2, '2019-12-13 16:56:22', '2019-12-13 16:56:22', 'L'),
(1860, 10, 18, 1300000, 2, '2019-12-13 16:56:22', '2019-12-13 16:56:22', 'L'),
(1861, 10, 18, 1300000, 2, '2019-12-13 16:56:22', '2019-12-13 16:56:22', 'L'),
(1862, 10, 18, 1300000, 2, '2019-12-13 16:56:22', '2019-12-13 16:56:22', 'L'),
(1863, 10, 18, 1300000, 2, '2019-12-13 16:56:22', '2019-12-13 16:56:22', 'L'),
(1864, 10, 18, 1300000, 2, '2019-12-13 16:56:23', '2019-12-13 16:56:23', 'L'),
(1865, 10, 18, 1300000, 2, '2019-12-13 16:56:23', '2019-12-13 16:56:23', 'L'),
(1866, 10, 18, 1300000, 2, '2019-12-13 16:56:23', '2019-12-13 16:56:23', 'L'),
(1867, 10, 18, 1300000, 2, '2019-12-13 16:56:23', '2019-12-13 16:56:23', 'L'),
(1868, 10, 18, 1300000, 2, '2019-12-13 16:56:23', '2019-12-13 16:56:23', 'L'),
(1869, 10, 18, 1300000, 2, '2019-12-13 16:56:23', '2019-12-13 16:56:23', 'L'),
(1870, 10, 18, 1300000, 2, '2019-12-13 16:56:23', '2019-12-13 16:56:23', 'L'),
(1871, 10, 18, 1300000, 2, '2019-12-13 16:56:23', '2019-12-13 16:56:23', 'L'),
(1872, 10, 18, 1300000, 2, '2019-12-13 16:56:23', '2019-12-13 16:56:23', 'L'),
(1873, 10, 18, 1300000, 2, '2019-12-13 16:56:23', '2019-12-13 16:56:23', 'L'),
(1874, 10, 18, 1300000, 2, '2019-12-13 16:56:23', '2019-12-13 16:56:23', 'L'),
(1875, 10, 18, 1300000, 2, '2019-12-13 16:56:23', '2019-12-13 16:56:23', 'L'),
(1876, 10, 18, 1300000, 2, '2019-12-13 16:56:23', '2019-12-13 16:56:23', 'L'),
(1877, 10, 18, 1300000, 2, '2019-12-13 16:56:23', '2019-12-13 16:56:23', 'L'),
(1878, 10, 18, 1300000, 2, '2019-12-13 16:56:23', '2019-12-13 16:56:23', 'L'),
(1879, 10, 18, 1300000, 2, '2019-12-13 16:56:23', '2019-12-13 16:56:23', 'L'),
(1880, 10, 18, 1300000, 2, '2019-12-13 16:56:23', '2019-12-13 16:56:23', 'L'),
(1881, 10, 18, 1300000, 2, '2019-12-13 16:56:23', '2019-12-13 16:56:23', 'L'),
(1882, 10, 18, 1300000, 2, '2019-12-13 16:56:23', '2019-12-13 16:56:23', 'L'),
(1883, 10, 18, 1300000, 2, '2019-12-13 16:56:23', '2019-12-13 16:56:23', 'L'),
(1884, 10, 18, 1300000, 2, '2019-12-13 16:56:23', '2019-12-13 16:56:23', 'L'),
(1885, 10, 18, 1300000, 2, '2019-12-13 16:56:23', '2019-12-13 16:56:23', 'L'),
(1886, 10, 18, 1300000, 2, '2019-12-13 16:56:23', '2019-12-13 16:56:23', 'L'),
(1887, 10, 18, 1300000, 2, '2019-12-13 16:56:23', '2019-12-13 16:56:23', 'L'),
(1888, 10, 18, 1300000, 2, '2019-12-13 16:56:23', '2019-12-13 16:56:23', 'L'),
(1889, 10, 18, 1300000, 2, '2019-12-13 16:56:24', '2019-12-13 16:56:24', 'L'),
(1890, 10, 18, 1300000, 2, '2019-12-13 16:56:24', '2019-12-13 16:56:24', 'L'),
(1891, 10, 18, 1300000, 2, '2019-12-13 16:56:24', '2019-12-13 16:56:24', 'L'),
(1892, 10, 18, 1300000, 2, '2019-12-13 16:56:24', '2019-12-13 16:56:24', 'L'),
(1893, 10, 18, 1300000, 2, '2019-12-13 16:56:24', '2019-12-13 16:56:24', 'L'),
(1894, 10, 18, 1300000, 2, '2019-12-13 16:56:24', '2019-12-13 16:56:24', 'L'),
(1895, 10, 18, 1300000, 2, '2019-12-13 16:56:24', '2019-12-13 16:56:24', 'L'),
(1896, 10, 18, 1300000, 2, '2019-12-13 16:56:24', '2019-12-13 16:56:24', 'L'),
(1897, 10, 18, 1300000, 2, '2019-12-13 16:56:24', '2019-12-13 16:56:24', 'L'),
(1898, 10, 18, 1300000, 2, '2019-12-13 16:56:24', '2019-12-13 16:56:24', 'L'),
(1899, 10, 18, 1300000, 2, '2019-12-13 16:56:24', '2019-12-13 16:56:24', 'L'),
(1900, 10, 18, 1300000, 2, '2019-12-13 16:56:24', '2019-12-13 16:56:24', 'L'),
(1901, 10, 18, 1300000, 2, '2019-12-13 16:56:24', '2019-12-13 16:56:24', 'L'),
(1902, 10, 18, 1300000, 2, '2019-12-13 16:56:24', '2019-12-13 16:56:24', 'L'),
(1903, 10, 18, 1300000, 2, '2019-12-13 16:56:24', '2019-12-13 16:56:24', 'L'),
(1904, 10, 18, 1300000, 2, '2019-12-13 16:56:24', '2019-12-13 16:56:24', 'L'),
(1905, 10, 18, 1300000, 2, '2019-12-13 16:56:24', '2019-12-13 16:56:24', 'L'),
(1906, 10, 18, 1300000, 2, '2019-12-13 16:56:24', '2019-12-13 16:56:24', 'L'),
(1907, 10, 18, 1300000, 2, '2019-12-13 16:56:24', '2019-12-13 16:56:24', 'L'),
(1908, 10, 18, 1300000, 2, '2019-12-13 16:56:25', '2019-12-13 16:56:25', 'L'),
(1909, 10, 18, 1300000, 2, '2019-12-13 16:56:25', '2019-12-13 16:56:25', 'L'),
(1910, 10, 18, 1300000, 2, '2019-12-13 16:56:25', '2019-12-13 16:56:25', 'L'),
(1911, 10, 18, 1300000, 2, '2019-12-13 16:56:25', '2019-12-13 16:56:25', 'L'),
(1912, 10, 18, 1300000, 2, '2019-12-13 16:56:25', '2019-12-13 16:56:25', 'L'),
(1913, 10, 18, 1300000, 2, '2019-12-13 16:56:25', '2019-12-13 16:56:25', 'L'),
(1914, 10, 18, 1300000, 2, '2019-12-13 16:56:25', '2019-12-13 16:56:25', 'L'),
(1915, 10, 18, 1300000, 2, '2019-12-13 16:56:25', '2019-12-13 16:56:25', 'L'),
(1916, 10, 18, 1300000, 2, '2019-12-13 16:56:25', '2019-12-13 16:56:25', 'L'),
(1917, 10, 18, 1300000, 2, '2019-12-13 16:56:25', '2019-12-13 16:56:25', 'L'),
(1918, 10, 18, 1300000, 2, '2019-12-13 16:56:25', '2019-12-13 16:56:25', 'L'),
(1919, 10, 18, 1300000, 2, '2019-12-13 16:56:25', '2019-12-13 16:56:25', 'L'),
(1920, 10, 18, 1300000, 2, '2019-12-13 16:56:25', '2019-12-13 16:56:25', 'L'),
(1921, 10, 18, 1300000, 2, '2019-12-13 16:56:25', '2019-12-13 16:56:25', 'L'),
(1922, 10, 18, 1300000, 2, '2019-12-13 16:56:25', '2019-12-13 16:56:25', 'L'),
(1923, 10, 18, 1300000, 2, '2019-12-13 16:56:25', '2019-12-13 16:56:25', 'L'),
(1924, 10, 18, 1300000, 2, '2019-12-13 16:56:25', '2019-12-13 16:56:25', 'L'),
(1925, 10, 18, 1300000, 2, '2019-12-13 16:56:25', '2019-12-13 16:56:25', 'L'),
(1926, 10, 18, 1300000, 2, '2019-12-13 16:56:25', '2019-12-13 16:56:25', 'L'),
(1927, 10, 18, 1300000, 2, '2019-12-13 16:56:25', '2019-12-13 16:56:25', 'L'),
(1928, 10, 18, 1300000, 2, '2019-12-13 16:56:25', '2019-12-13 16:56:25', 'L'),
(1929, 10, 18, 1300000, 2, '2019-12-13 16:56:25', '2019-12-13 16:56:25', 'L'),
(1930, 10, 18, 1300000, 2, '2019-12-13 16:56:25', '2019-12-13 16:56:25', 'L'),
(1931, 10, 18, 1300000, 2, '2019-12-13 16:56:26', '2019-12-13 16:56:26', 'L'),
(1932, 10, 18, 1300000, 2, '2019-12-13 16:56:26', '2019-12-13 16:56:26', 'L'),
(1933, 10, 18, 1300000, 2, '2019-12-13 16:56:26', '2019-12-13 16:56:26', 'L'),
(1934, 10, 18, 1300000, 2, '2019-12-13 16:56:26', '2019-12-13 16:56:26', 'L'),
(1935, 10, 18, 1300000, 2, '2019-12-13 16:56:26', '2019-12-13 16:56:26', 'L'),
(1936, 10, 18, 1300000, 2, '2019-12-13 16:56:26', '2019-12-13 16:56:26', 'L'),
(1937, 10, 18, 1300000, 2, '2019-12-13 16:56:26', '2019-12-13 16:56:26', 'L'),
(1938, 10, 18, 1300000, 2, '2019-12-13 16:56:26', '2019-12-13 16:56:26', 'L'),
(1939, 10, 18, 1300000, 2, '2019-12-13 16:56:26', '2019-12-13 16:56:26', 'L'),
(1940, 10, 18, 1300000, 2, '2019-12-13 16:56:26', '2019-12-13 16:56:26', 'L'),
(1941, 10, 18, 1300000, 2, '2019-12-13 16:56:26', '2019-12-13 16:56:26', 'L'),
(1942, 10, 18, 1300000, 2, '2019-12-13 16:56:26', '2019-12-13 16:56:26', 'L'),
(1943, 10, 18, 1300000, 2, '2019-12-13 16:56:26', '2019-12-13 16:56:26', 'L'),
(1944, 10, 18, 1300000, 2, '2019-12-13 16:56:26', '2019-12-13 16:56:26', 'L'),
(1945, 10, 18, 1300000, 2, '2019-12-13 16:56:26', '2019-12-13 16:56:26', 'L'),
(1946, 10, 18, 1300000, 2, '2019-12-13 16:56:26', '2019-12-13 16:56:26', 'L'),
(1947, 10, 18, 1300000, 2, '2019-12-13 16:56:26', '2019-12-13 16:56:26', 'L'),
(1948, 10, 18, 1300000, 2, '2019-12-13 16:56:26', '2019-12-13 16:56:26', 'L'),
(1949, 10, 18, 1300000, 2, '2019-12-13 16:56:26', '2019-12-13 16:56:26', 'L'),
(1950, 10, 18, 1300000, 2, '2019-12-13 16:56:26', '2019-12-13 16:56:26', 'L'),
(1951, 10, 18, 1300000, 2, '2019-12-13 16:56:27', '2019-12-13 16:56:27', 'L'),
(1952, 10, 18, 1300000, 2, '2019-12-13 16:56:27', '2019-12-13 16:56:27', 'L'),
(1953, 10, 18, 1300000, 2, '2019-12-13 16:56:27', '2019-12-13 16:56:27', 'L'),
(1954, 10, 18, 1300000, 2, '2019-12-13 16:56:27', '2019-12-13 16:56:27', 'L'),
(1955, 10, 18, 1300000, 2, '2019-12-13 16:56:27', '2019-12-13 16:56:27', 'L'),
(1956, 10, 18, 1300000, 2, '2019-12-13 16:56:27', '2019-12-13 16:56:27', 'L'),
(1957, 10, 18, 1300000, 2, '2019-12-13 16:56:27', '2019-12-13 16:56:27', 'L'),
(1958, 10, 18, 1300000, 2, '2019-12-13 16:56:27', '2019-12-13 16:56:27', 'L'),
(1959, 10, 18, 1300000, 2, '2019-12-13 16:56:27', '2019-12-13 16:56:27', 'L'),
(1960, 10, 18, 1300000, 2, '2019-12-13 16:56:27', '2019-12-13 16:56:27', 'L'),
(1961, 10, 18, 1300000, 2, '2019-12-13 16:56:27', '2019-12-13 16:56:27', 'L'),
(1962, 10, 18, 1300000, 2, '2019-12-13 16:56:27', '2019-12-13 16:56:27', 'L'),
(1963, 10, 18, 1300000, 2, '2019-12-13 16:56:27', '2019-12-13 16:56:27', 'L'),
(1964, 10, 18, 1300000, 2, '2019-12-13 16:56:27', '2019-12-13 16:56:27', 'L'),
(1965, 10, 18, 1300000, 2, '2019-12-13 16:56:27', '2019-12-13 16:56:27', 'L'),
(1966, 10, 18, 1300000, 2, '2019-12-13 16:56:27', '2019-12-13 16:56:27', 'L'),
(1967, 10, 18, 1300000, 2, '2019-12-13 16:56:27', '2019-12-13 16:56:27', 'L'),
(1968, 10, 18, 1300000, 2, '2019-12-13 16:56:27', '2019-12-13 16:56:27', 'L'),
(1969, 10, 18, 1300000, 2, '2019-12-13 16:56:27', '2019-12-13 16:56:27', 'L'),
(1970, 10, 18, 1300000, 2, '2019-12-13 16:56:27', '2019-12-13 16:56:27', 'L'),
(1971, 10, 18, 1300000, 2, '2019-12-13 16:56:27', '2019-12-13 16:56:27', 'L'),
(1972, 10, 18, 1300000, 2, '2019-12-13 16:56:27', '2019-12-13 16:56:27', 'L'),
(1973, 10, 18, 1300000, 2, '2019-12-13 16:56:27', '2019-12-13 16:56:27', 'L'),
(1974, 10, 18, 1300000, 2, '2019-12-13 16:56:27', '2019-12-13 16:56:27', 'L'),
(1975, 10, 18, 1300000, 2, '2019-12-13 16:56:28', '2019-12-13 16:56:28', 'L'),
(1976, 10, 18, 1300000, 2, '2019-12-13 16:56:28', '2019-12-13 16:56:28', 'L'),
(1977, 10, 18, 1300000, 2, '2019-12-13 16:56:28', '2019-12-13 16:56:28', 'L'),
(1978, 10, 18, 1300000, 2, '2019-12-13 16:56:28', '2019-12-13 16:56:28', 'L'),
(1979, 10, 18, 1300000, 2, '2019-12-13 16:56:28', '2019-12-13 16:56:28', 'L'),
(1980, 10, 18, 1300000, 2, '2019-12-13 16:56:28', '2019-12-13 16:56:28', 'L'),
(1981, 10, 18, 1300000, 2, '2019-12-13 16:56:28', '2019-12-13 16:56:28', 'L'),
(1982, 10, 18, 1300000, 2, '2019-12-13 16:56:28', '2019-12-13 16:56:28', 'L'),
(1983, 10, 18, 1300000, 2, '2019-12-13 16:56:28', '2019-12-13 16:56:28', 'L'),
(1984, 10, 18, 1300000, 2, '2019-12-13 16:56:28', '2019-12-13 16:56:28', 'L');
INSERT INTO `order_details` (`id`, `order_id`, `product_id`, `price`, `quantity`, `created_at`, `updated_at`, `size_name`) VALUES
(1985, 10, 18, 1300000, 2, '2019-12-13 16:56:28', '2019-12-13 16:56:28', 'L'),
(1986, 10, 18, 1300000, 2, '2019-12-13 16:56:28', '2019-12-13 16:56:28', 'L'),
(1987, 10, 18, 1300000, 2, '2019-12-13 16:56:28', '2019-12-13 16:56:28', 'L'),
(1988, 10, 18, 1300000, 2, '2019-12-13 16:56:28', '2019-12-13 16:56:28', 'L'),
(1989, 10, 18, 1300000, 2, '2019-12-13 16:56:28', '2019-12-13 16:56:28', 'L'),
(1990, 10, 18, 1300000, 2, '2019-12-13 16:56:28', '2019-12-13 16:56:28', 'L'),
(1991, 10, 18, 1300000, 2, '2019-12-13 16:56:28', '2019-12-13 16:56:28', 'L'),
(1992, 10, 18, 1300000, 2, '2019-12-13 16:56:28', '2019-12-13 16:56:28', 'L'),
(1993, 10, 18, 1300000, 2, '2019-12-13 16:56:28', '2019-12-13 16:56:28', 'L'),
(1994, 10, 18, 1300000, 2, '2019-12-13 16:56:28', '2019-12-13 16:56:28', 'L'),
(1995, 10, 18, 1300000, 2, '2019-12-13 16:56:28', '2019-12-13 16:56:28', 'L'),
(1996, 10, 18, 1300000, 2, '2019-12-13 16:56:28', '2019-12-13 16:56:28', 'L'),
(1997, 10, 18, 1300000, 2, '2019-12-13 16:56:29', '2019-12-13 16:56:29', 'L'),
(1998, 10, 18, 1300000, 2, '2019-12-13 16:56:29', '2019-12-13 16:56:29', 'L'),
(1999, 10, 18, 1300000, 2, '2019-12-13 16:56:29', '2019-12-13 16:56:29', 'L'),
(2000, 10, 18, 1300000, 2, '2019-12-13 16:56:29', '2019-12-13 16:56:29', 'L'),
(2001, 10, 18, 1300000, 2, '2019-12-13 16:56:29', '2019-12-13 16:56:29', 'L'),
(2002, 10, 18, 1300000, 2, '2019-12-13 16:56:29', '2019-12-13 16:56:29', 'L'),
(2003, 10, 18, 1300000, 2, '2019-12-13 16:56:29', '2019-12-13 16:56:29', 'L'),
(2004, 10, 18, 1300000, 2, '2019-12-13 16:56:29', '2019-12-13 16:56:29', 'L'),
(2005, 10, 18, 1300000, 2, '2019-12-13 16:56:29', '2019-12-13 16:56:29', 'L'),
(2006, 10, 18, 1300000, 2, '2019-12-13 16:56:29', '2019-12-13 16:56:29', 'L'),
(2007, 10, 18, 1300000, 2, '2019-12-13 16:56:29', '2019-12-13 16:56:29', 'L'),
(2008, 10, 18, 1300000, 2, '2019-12-13 16:56:29', '2019-12-13 16:56:29', 'L'),
(2009, 10, 18, 1300000, 2, '2019-12-13 16:56:29', '2019-12-13 16:56:29', 'L'),
(2010, 10, 18, 1300000, 2, '2019-12-13 16:56:29', '2019-12-13 16:56:29', 'L'),
(2011, 10, 18, 1300000, 2, '2019-12-13 16:56:29', '2019-12-13 16:56:29', 'L'),
(2012, 10, 18, 1300000, 2, '2019-12-13 16:56:29', '2019-12-13 16:56:29', 'L'),
(2013, 10, 18, 1300000, 2, '2019-12-13 16:56:29', '2019-12-13 16:56:29', 'L'),
(2014, 10, 18, 1300000, 2, '2019-12-13 16:56:29', '2019-12-13 16:56:29', 'L'),
(2015, 10, 18, 1300000, 2, '2019-12-13 16:56:29', '2019-12-13 16:56:29', 'L'),
(2016, 10, 18, 1300000, 2, '2019-12-13 16:56:29', '2019-12-13 16:56:29', 'L'),
(2017, 10, 18, 1300000, 2, '2019-12-13 16:56:29', '2019-12-13 16:56:29', 'L'),
(2018, 10, 18, 1300000, 2, '2019-12-13 16:56:29', '2019-12-13 16:56:29', 'L'),
(2019, 10, 18, 1300000, 2, '2019-12-13 16:56:29', '2019-12-13 16:56:29', 'L'),
(2020, 10, 18, 1300000, 2, '2019-12-13 16:56:29', '2019-12-13 16:56:29', 'L'),
(2021, 10, 18, 1300000, 2, '2019-12-13 16:56:30', '2019-12-13 16:56:30', 'L'),
(2022, 10, 18, 1300000, 2, '2019-12-13 16:56:30', '2019-12-13 16:56:30', 'L'),
(2023, 10, 18, 1300000, 2, '2019-12-13 16:56:30', '2019-12-13 16:56:30', 'L'),
(2024, 10, 18, 1300000, 2, '2019-12-13 16:56:30', '2019-12-13 16:56:30', 'L'),
(2025, 10, 18, 1300000, 2, '2019-12-13 16:56:30', '2019-12-13 16:56:30', 'L'),
(2026, 10, 18, 1300000, 2, '2019-12-13 16:56:30', '2019-12-13 16:56:30', 'L'),
(2027, 10, 18, 1300000, 2, '2019-12-13 16:56:30', '2019-12-13 16:56:30', 'L'),
(2028, 10, 18, 1300000, 2, '2019-12-13 16:56:30', '2019-12-13 16:56:30', 'L'),
(2029, 10, 18, 1300000, 2, '2019-12-13 16:56:30', '2019-12-13 16:56:30', 'L'),
(2030, 10, 18, 1300000, 2, '2019-12-13 16:56:30', '2019-12-13 16:56:30', 'L'),
(2031, 10, 18, 1300000, 2, '2019-12-13 16:56:30', '2019-12-13 16:56:30', 'L'),
(2032, 10, 18, 1300000, 2, '2019-12-13 16:56:30', '2019-12-13 16:56:30', 'L'),
(2033, 10, 18, 1300000, 2, '2019-12-13 16:56:30', '2019-12-13 16:56:30', 'L'),
(2034, 10, 18, 1300000, 2, '2019-12-13 16:56:30', '2019-12-13 16:56:30', 'L'),
(2035, 10, 18, 1300000, 2, '2019-12-13 16:56:30', '2019-12-13 16:56:30', 'L'),
(2036, 10, 18, 1300000, 2, '2019-12-13 16:56:30', '2019-12-13 16:56:30', 'L'),
(2037, 10, 18, 1300000, 2, '2019-12-13 16:56:30', '2019-12-13 16:56:30', 'L'),
(2038, 10, 18, 1300000, 2, '2019-12-13 16:56:30', '2019-12-13 16:56:30', 'L'),
(2039, 10, 18, 1300000, 2, '2019-12-13 16:56:30', '2019-12-13 16:56:30', 'L'),
(2040, 10, 18, 1300000, 2, '2019-12-13 16:56:30', '2019-12-13 16:56:30', 'L'),
(2041, 10, 18, 1300000, 2, '2019-12-13 16:56:30', '2019-12-13 16:56:30', 'L'),
(2042, 10, 18, 1300000, 2, '2019-12-13 16:56:30', '2019-12-13 16:56:30', 'L'),
(2043, 10, 18, 1300000, 2, '2019-12-13 16:56:31', '2019-12-13 16:56:31', 'L'),
(2044, 10, 18, 1300000, 2, '2019-12-13 16:56:31', '2019-12-13 16:56:31', 'L'),
(2045, 10, 18, 1300000, 2, '2019-12-13 16:56:31', '2019-12-13 16:56:31', 'L'),
(2046, 10, 18, 1300000, 2, '2019-12-13 16:56:31', '2019-12-13 16:56:31', 'L'),
(2047, 10, 18, 1300000, 2, '2019-12-13 16:56:31', '2019-12-13 16:56:31', 'L'),
(2048, 10, 18, 1300000, 2, '2019-12-13 16:56:31', '2019-12-13 16:56:31', 'L'),
(2049, 10, 18, 1300000, 2, '2019-12-13 16:56:31', '2019-12-13 16:56:31', 'L'),
(2050, 10, 18, 1300000, 2, '2019-12-13 16:56:31', '2019-12-13 16:56:31', 'L'),
(2051, 10, 18, 1300000, 2, '2019-12-13 16:56:31', '2019-12-13 16:56:31', 'L'),
(2052, 10, 18, 1300000, 2, '2019-12-13 16:56:31', '2019-12-13 16:56:31', 'L'),
(2053, 10, 18, 1300000, 2, '2019-12-13 16:56:31', '2019-12-13 16:56:31', 'L'),
(2054, 10, 18, 1300000, 2, '2019-12-13 16:56:31', '2019-12-13 16:56:31', 'L'),
(2055, 10, 18, 1300000, 2, '2019-12-13 16:56:31', '2019-12-13 16:56:31', 'L'),
(2056, 10, 18, 1300000, 2, '2019-12-13 16:56:31', '2019-12-13 16:56:31', 'L'),
(2057, 10, 18, 1300000, 2, '2019-12-13 16:56:31', '2019-12-13 16:56:31', 'L'),
(2058, 10, 18, 1300000, 2, '2019-12-13 16:56:31', '2019-12-13 16:56:31', 'L'),
(2059, 10, 18, 1300000, 2, '2019-12-13 16:56:31', '2019-12-13 16:56:31', 'L'),
(2060, 10, 18, 1300000, 2, '2019-12-13 16:56:31', '2019-12-13 16:56:31', 'L'),
(2061, 10, 18, 1300000, 2, '2019-12-13 16:56:31', '2019-12-13 16:56:31', 'L'),
(2062, 10, 18, 1300000, 2, '2019-12-13 16:56:31', '2019-12-13 16:56:31', 'L'),
(2063, 10, 18, 1300000, 2, '2019-12-13 16:56:31', '2019-12-13 16:56:31', 'L'),
(2064, 10, 18, 1300000, 2, '2019-12-13 16:56:31', '2019-12-13 16:56:31', 'L'),
(2065, 10, 18, 1300000, 2, '2019-12-13 16:56:31', '2019-12-13 16:56:31', 'L'),
(2066, 10, 18, 1300000, 2, '2019-12-13 16:56:31', '2019-12-13 16:56:31', 'L'),
(2067, 10, 18, 1300000, 2, '2019-12-13 16:56:32', '2019-12-13 16:56:32', 'L'),
(2068, 10, 18, 1300000, 2, '2019-12-13 16:56:32', '2019-12-13 16:56:32', 'L'),
(2069, 10, 18, 1300000, 2, '2019-12-13 16:56:32', '2019-12-13 16:56:32', 'L'),
(2070, 10, 18, 1300000, 2, '2019-12-13 16:56:32', '2019-12-13 16:56:32', 'L'),
(2071, 10, 18, 1300000, 2, '2019-12-13 16:56:32', '2019-12-13 16:56:32', 'L'),
(2072, 10, 18, 1300000, 2, '2019-12-13 16:56:32', '2019-12-13 16:56:32', 'L'),
(2073, 10, 18, 1300000, 2, '2019-12-13 16:56:32', '2019-12-13 16:56:32', 'L'),
(2074, 10, 18, 1300000, 2, '2019-12-13 16:56:32', '2019-12-13 16:56:32', 'L'),
(2075, 10, 18, 1300000, 2, '2019-12-13 16:56:32', '2019-12-13 16:56:32', 'L'),
(2076, 10, 18, 1300000, 2, '2019-12-13 16:56:32', '2019-12-13 16:56:32', 'L'),
(2077, 10, 18, 1300000, 2, '2019-12-13 16:56:32', '2019-12-13 16:56:32', 'L'),
(2078, 10, 18, 1300000, 2, '2019-12-13 16:56:32', '2019-12-13 16:56:32', 'L'),
(2079, 10, 18, 1300000, 2, '2019-12-13 16:56:32', '2019-12-13 16:56:32', 'L'),
(2080, 10, 18, 1300000, 2, '2019-12-13 16:56:32', '2019-12-13 16:56:32', 'L'),
(2081, 10, 18, 1300000, 2, '2019-12-13 16:56:32', '2019-12-13 16:56:32', 'L'),
(2082, 10, 18, 1300000, 2, '2019-12-13 16:56:32', '2019-12-13 16:56:32', 'L'),
(2083, 10, 18, 1300000, 2, '2019-12-13 16:56:32', '2019-12-13 16:56:32', 'L'),
(2084, 10, 18, 1300000, 2, '2019-12-13 16:56:32', '2019-12-13 16:56:32', 'L'),
(2085, 10, 18, 1300000, 2, '2019-12-13 16:56:32', '2019-12-13 16:56:32', 'L'),
(2086, 10, 18, 1300000, 2, '2019-12-13 16:56:32', '2019-12-13 16:56:32', 'L'),
(2087, 10, 18, 1300000, 2, '2019-12-13 16:56:32', '2019-12-13 16:56:32', 'L'),
(2088, 10, 18, 1300000, 2, '2019-12-13 16:56:32', '2019-12-13 16:56:32', 'L'),
(2089, 10, 18, 1300000, 2, '2019-12-13 16:56:32', '2019-12-13 16:56:32', 'L'),
(2090, 10, 18, 1300000, 2, '2019-12-13 16:56:32', '2019-12-13 16:56:32', 'L'),
(2091, 10, 18, 1300000, 2, '2019-12-13 16:56:33', '2019-12-13 16:56:33', 'L'),
(2092, 10, 18, 1300000, 2, '2019-12-13 16:56:33', '2019-12-13 16:56:33', 'L'),
(2093, 10, 18, 1300000, 2, '2019-12-13 16:56:33', '2019-12-13 16:56:33', 'L'),
(2094, 10, 18, 1300000, 2, '2019-12-13 16:56:33', '2019-12-13 16:56:33', 'L'),
(2095, 10, 18, 1300000, 2, '2019-12-13 16:56:33', '2019-12-13 16:56:33', 'L'),
(2096, 10, 18, 1300000, 2, '2019-12-13 16:56:33', '2019-12-13 16:56:33', 'L'),
(2097, 10, 18, 1300000, 2, '2019-12-13 16:56:33', '2019-12-13 16:56:33', 'L'),
(2098, 10, 18, 1300000, 2, '2019-12-13 16:56:33', '2019-12-13 16:56:33', 'L'),
(2099, 10, 18, 1300000, 2, '2019-12-13 16:56:33', '2019-12-13 16:56:33', 'L'),
(2100, 10, 18, 1300000, 2, '2019-12-13 16:56:33', '2019-12-13 16:56:33', 'L'),
(2101, 10, 18, 1300000, 2, '2019-12-13 16:56:33', '2019-12-13 16:56:33', 'L'),
(2102, 10, 18, 1300000, 2, '2019-12-13 16:56:33', '2019-12-13 16:56:33', 'L'),
(2103, 10, 18, 1300000, 2, '2019-12-13 16:56:33', '2019-12-13 16:56:33', 'L'),
(2104, 10, 18, 1300000, 2, '2019-12-13 16:56:33', '2019-12-13 16:56:33', 'L'),
(2105, 10, 18, 1300000, 2, '2019-12-13 16:56:33', '2019-12-13 16:56:33', 'L'),
(2106, 10, 18, 1300000, 2, '2019-12-13 16:56:33', '2019-12-13 16:56:33', 'L'),
(2107, 10, 18, 1300000, 2, '2019-12-13 16:56:33', '2019-12-13 16:56:33', 'L'),
(2108, 10, 18, 1300000, 2, '2019-12-13 16:56:33', '2019-12-13 16:56:33', 'L'),
(2109, 10, 18, 1300000, 2, '2019-12-13 16:56:33', '2019-12-13 16:56:33', 'L'),
(2110, 10, 18, 1300000, 2, '2019-12-13 16:56:33', '2019-12-13 16:56:33', 'L'),
(2111, 10, 18, 1300000, 2, '2019-12-13 16:56:33', '2019-12-13 16:56:33', 'L'),
(2112, 10, 18, 1300000, 2, '2019-12-13 16:56:33', '2019-12-13 16:56:33', 'L'),
(2113, 10, 18, 1300000, 2, '2019-12-13 16:56:33', '2019-12-13 16:56:33', 'L'),
(2114, 10, 18, 1300000, 2, '2019-12-13 16:56:33', '2019-12-13 16:56:33', 'L'),
(2115, 10, 18, 1300000, 2, '2019-12-13 16:56:33', '2019-12-13 16:56:33', 'L'),
(2116, 10, 18, 1300000, 2, '2019-12-13 16:56:34', '2019-12-13 16:56:34', 'L'),
(2117, 10, 18, 1300000, 2, '2019-12-13 16:56:34', '2019-12-13 16:56:34', 'L'),
(2118, 10, 18, 1300000, 2, '2019-12-13 16:56:34', '2019-12-13 16:56:34', 'L'),
(2119, 10, 18, 1300000, 2, '2019-12-13 16:56:34', '2019-12-13 16:56:34', 'L'),
(2120, 10, 18, 1300000, 2, '2019-12-13 16:56:34', '2019-12-13 16:56:34', 'L'),
(2121, 10, 18, 1300000, 2, '2019-12-13 16:56:34', '2019-12-13 16:56:34', 'L'),
(2122, 10, 18, 1300000, 2, '2019-12-13 16:56:34', '2019-12-13 16:56:34', 'L'),
(2123, 10, 18, 1300000, 2, '2019-12-13 16:56:34', '2019-12-13 16:56:34', 'L'),
(2124, 10, 18, 1300000, 2, '2019-12-13 16:56:34', '2019-12-13 16:56:34', 'L'),
(2125, 10, 18, 1300000, 2, '2019-12-13 16:56:34', '2019-12-13 16:56:34', 'L'),
(2126, 10, 18, 1300000, 2, '2019-12-13 16:56:34', '2019-12-13 16:56:34', 'L'),
(2127, 10, 18, 1300000, 2, '2019-12-13 16:56:34', '2019-12-13 16:56:34', 'L'),
(2128, 10, 18, 1300000, 2, '2019-12-13 16:56:34', '2019-12-13 16:56:34', 'L'),
(2129, 10, 18, 1300000, 2, '2019-12-13 16:56:34', '2019-12-13 16:56:34', 'L'),
(2130, 10, 18, 1300000, 2, '2019-12-13 16:56:34', '2019-12-13 16:56:34', 'L'),
(2131, 10, 18, 1300000, 2, '2019-12-13 16:56:34', '2019-12-13 16:56:34', 'L'),
(2132, 10, 18, 1300000, 2, '2019-12-13 16:56:34', '2019-12-13 16:56:34', 'L'),
(2133, 10, 18, 1300000, 2, '2019-12-13 16:56:34', '2019-12-13 16:56:34', 'L'),
(2134, 10, 18, 1300000, 2, '2019-12-13 16:56:34', '2019-12-13 16:56:34', 'L'),
(2135, 10, 18, 1300000, 2, '2019-12-13 16:56:34', '2019-12-13 16:56:34', 'L'),
(2136, 10, 18, 1300000, 2, '2019-12-13 16:56:34', '2019-12-13 16:56:34', 'L'),
(2137, 10, 18, 1300000, 2, '2019-12-13 16:56:34', '2019-12-13 16:56:34', 'L'),
(2138, 10, 18, 1300000, 2, '2019-12-13 16:56:34', '2019-12-13 16:56:34', 'L'),
(2139, 10, 18, 1300000, 2, '2019-12-13 16:56:34', '2019-12-13 16:56:34', 'L'),
(2140, 10, 18, 1300000, 2, '2019-12-13 16:56:35', '2019-12-13 16:56:35', 'L'),
(2141, 10, 18, 1300000, 2, '2019-12-13 16:56:35', '2019-12-13 16:56:35', 'L'),
(2142, 10, 18, 1300000, 2, '2019-12-13 16:56:35', '2019-12-13 16:56:35', 'L'),
(2143, 10, 18, 1300000, 2, '2019-12-13 16:56:35', '2019-12-13 16:56:35', 'L'),
(2144, 10, 18, 1300000, 2, '2019-12-13 16:56:35', '2019-12-13 16:56:35', 'L'),
(2145, 10, 18, 1300000, 2, '2019-12-13 16:56:35', '2019-12-13 16:56:35', 'L'),
(2146, 10, 18, 1300000, 2, '2019-12-13 16:56:35', '2019-12-13 16:56:35', 'L'),
(2147, 10, 18, 1300000, 2, '2019-12-13 16:56:35', '2019-12-13 16:56:35', 'L'),
(2148, 10, 18, 1300000, 2, '2019-12-13 16:56:35', '2019-12-13 16:56:35', 'L'),
(2149, 10, 18, 1300000, 2, '2019-12-13 16:56:35', '2019-12-13 16:56:35', 'L'),
(2150, 10, 18, 1300000, 2, '2019-12-13 16:56:35', '2019-12-13 16:56:35', 'L'),
(2151, 10, 18, 1300000, 2, '2019-12-13 16:56:35', '2019-12-13 16:56:35', 'L'),
(2152, 10, 18, 1300000, 2, '2019-12-13 16:56:35', '2019-12-13 16:56:35', 'L'),
(2153, 10, 18, 1300000, 2, '2019-12-13 16:56:35', '2019-12-13 16:56:35', 'L'),
(2154, 10, 18, 1300000, 2, '2019-12-13 16:56:35', '2019-12-13 16:56:35', 'L'),
(2155, 10, 18, 1300000, 2, '2019-12-13 16:56:35', '2019-12-13 16:56:35', 'L'),
(2156, 10, 18, 1300000, 2, '2019-12-13 16:56:35', '2019-12-13 16:56:35', 'L'),
(2157, 10, 18, 1300000, 2, '2019-12-13 16:56:35', '2019-12-13 16:56:35', 'L'),
(2158, 10, 18, 1300000, 2, '2019-12-13 16:56:35', '2019-12-13 16:56:35', 'L'),
(2159, 10, 18, 1300000, 2, '2019-12-13 16:56:35', '2019-12-13 16:56:35', 'L'),
(2160, 10, 18, 1300000, 2, '2019-12-13 16:56:35', '2019-12-13 16:56:35', 'L'),
(2161, 10, 18, 1300000, 2, '2019-12-13 16:56:35', '2019-12-13 16:56:35', 'L'),
(2162, 10, 18, 1300000, 2, '2019-12-13 16:56:35', '2019-12-13 16:56:35', 'L'),
(2163, 10, 18, 1300000, 2, '2019-12-13 16:56:35', '2019-12-13 16:56:35', 'L'),
(2164, 10, 18, 1300000, 2, '2019-12-13 16:56:36', '2019-12-13 16:56:36', 'L'),
(2165, 10, 18, 1300000, 2, '2019-12-13 16:56:36', '2019-12-13 16:56:36', 'L'),
(2166, 10, 18, 1300000, 2, '2019-12-13 16:56:36', '2019-12-13 16:56:36', 'L'),
(2167, 10, 18, 1300000, 2, '2019-12-13 16:56:36', '2019-12-13 16:56:36', 'L'),
(2168, 10, 18, 1300000, 2, '2019-12-13 16:56:36', '2019-12-13 16:56:36', 'L'),
(2169, 10, 18, 1300000, 2, '2019-12-13 16:56:36', '2019-12-13 16:56:36', 'L'),
(2170, 10, 18, 1300000, 2, '2019-12-13 16:56:36', '2019-12-13 16:56:36', 'L'),
(2171, 10, 18, 1300000, 2, '2019-12-13 16:56:36', '2019-12-13 16:56:36', 'L'),
(2172, 10, 18, 1300000, 2, '2019-12-13 16:56:36', '2019-12-13 16:56:36', 'L'),
(2173, 10, 18, 1300000, 2, '2019-12-13 16:56:36', '2019-12-13 16:56:36', 'L'),
(2174, 10, 18, 1300000, 2, '2019-12-13 16:56:36', '2019-12-13 16:56:36', 'L'),
(2175, 10, 18, 1300000, 2, '2019-12-13 16:56:36', '2019-12-13 16:56:36', 'L'),
(2176, 10, 18, 1300000, 2, '2019-12-13 16:56:36', '2019-12-13 16:56:36', 'L'),
(2177, 10, 18, 1300000, 2, '2019-12-13 16:56:36', '2019-12-13 16:56:36', 'L'),
(2178, 10, 18, 1300000, 2, '2019-12-13 16:56:36', '2019-12-13 16:56:36', 'L'),
(2179, 10, 18, 1300000, 2, '2019-12-13 16:56:36', '2019-12-13 16:56:36', 'L'),
(2180, 10, 18, 1300000, 2, '2019-12-13 16:56:36', '2019-12-13 16:56:36', 'L'),
(2181, 10, 18, 1300000, 2, '2019-12-13 16:56:36', '2019-12-13 16:56:36', 'L'),
(2182, 10, 18, 1300000, 2, '2019-12-13 16:56:36', '2019-12-13 16:56:36', 'L'),
(2183, 10, 18, 1300000, 2, '2019-12-13 16:56:36', '2019-12-13 16:56:36', 'L'),
(2184, 10, 18, 1300000, 2, '2019-12-13 16:56:36', '2019-12-13 16:56:36', 'L'),
(2185, 10, 18, 1300000, 2, '2019-12-13 16:56:36', '2019-12-13 16:56:36', 'L'),
(2186, 10, 18, 1300000, 2, '2019-12-13 16:56:36', '2019-12-13 16:56:36', 'L'),
(2187, 10, 18, 1300000, 2, '2019-12-13 16:56:37', '2019-12-13 16:56:37', 'L'),
(2188, 10, 18, 1300000, 2, '2019-12-13 16:56:37', '2019-12-13 16:56:37', 'L'),
(2189, 10, 18, 1300000, 2, '2019-12-13 16:56:37', '2019-12-13 16:56:37', 'L'),
(2190, 10, 18, 1300000, 2, '2019-12-13 16:56:37', '2019-12-13 16:56:37', 'L'),
(2191, 10, 18, 1300000, 2, '2019-12-13 16:56:37', '2019-12-13 16:56:37', 'L'),
(2192, 10, 18, 1300000, 2, '2019-12-13 16:56:37', '2019-12-13 16:56:37', 'L'),
(2193, 10, 18, 1300000, 2, '2019-12-13 16:56:37', '2019-12-13 16:56:37', 'L'),
(2194, 10, 18, 1300000, 2, '2019-12-13 16:56:37', '2019-12-13 16:56:37', 'L'),
(2195, 10, 18, 1300000, 2, '2019-12-13 16:56:37', '2019-12-13 16:56:37', 'L'),
(2196, 10, 18, 1300000, 2, '2019-12-13 16:56:37', '2019-12-13 16:56:37', 'L'),
(2197, 10, 18, 1300000, 2, '2019-12-13 16:56:37', '2019-12-13 16:56:37', 'L'),
(2198, 10, 18, 1300000, 2, '2019-12-13 16:56:37', '2019-12-13 16:56:37', 'L'),
(2199, 10, 18, 1300000, 2, '2019-12-13 16:56:37', '2019-12-13 16:56:37', 'L'),
(2200, 10, 18, 1300000, 2, '2019-12-13 16:56:37', '2019-12-13 16:56:37', 'L'),
(2201, 10, 18, 1300000, 2, '2019-12-13 16:56:37', '2019-12-13 16:56:37', 'L'),
(2202, 10, 18, 1300000, 2, '2019-12-13 16:56:37', '2019-12-13 16:56:37', 'L'),
(2203, 10, 18, 1300000, 2, '2019-12-13 16:57:38', '2019-12-13 16:57:38', 'L'),
(2204, 11, 106, 700000, 1, '2019-12-13 17:00:01', '2019-12-13 17:00:01', 'L'),
(2205, 12, 18, 650000, 1, '2019-12-13 17:01:21', '2019-12-13 17:01:21', 'L'),
(2206, 13, 77, 1650000, 1, '2019-12-13 17:44:53', '2019-12-13 17:44:53', '39');

-- --------------------------------------------------------

--
-- Table structure for table `partners`
--

CREATE TABLE `partners` (
  `id` bigint(20) NOT NULL,
  `name` varchar(60) NOT NULL,
  `address` varchar(255) NOT NULL,
  `phone_number` varchar(20) NOT NULL,
  `email` varchar(100) NOT NULL,
  `price` double NOT NULL,
  `created_at` datetime NOT NULL,
  `updated_at` datetime NOT NULL
) ENGINE=InnoDB DEFAULT CHARSET=utf8;

--
-- Dumping data for table `partners`
--

INSERT INTO `partners` (`id`, `name`, `address`, `phone_number`, `email`, `price`, `created_at`, `updated_at`) VALUES
(1, 'Giao hàng nhanh', 'Số 19 Nguyễn Trãi, P. Khương Trung, Q. Thanh Xuân,Hà Nội', '0904871800', 'thang.nguyen@lacco.com.vn', 50000, '2019-11-18 14:34:49', '2019-12-04 02:49:38'),
(2, 'Công Ty Cổ Phần Đầu Tư Thành Mỹ', 'Ngõ 79, Ngọc Hồi, Hoàng Mai,Hà Nội', ' 0986102166', 'thanhmyjsic@gmail.com', 60000, '2019-11-18 14:34:49', '2019-11-18 14:34:49'),
(3, ' Công Ty TNHH Vận Tải & Thương Mại Tuấn Mạnh', 'Tổ 21 Xóm Bãi , Phường Thanh Trì, Quận Hoàng Mai,Hà Nội', '0243645289', 'ctytuanmanh@gmail.com', 70000, '2019-11-18 14:34:49', '2019-11-18 14:34:49'),
(4, 'Công Ty TNHH Vận Tải Và Thương Mại Nhật Thiên Hương', '716 Nơ 22, Khu Đô Thị Pháp Vân, Hoàng Liệt, Hoàng Mai,Hà Nội', '0243683072', 'nhatthienhuonglogistics@gmail.com', 80000, '2019-11-18 14:34:49', '2019-11-18 14:34:49');

-- --------------------------------------------------------

--
-- Table structure for table `products`
--

CREATE TABLE `products` (
  `id` bigint(20) NOT NULL,
  `category_id` bigint(20) NOT NULL,
  `brand_id` bigint(20) NOT NULL,
  `name` varchar(60) NOT NULL,
  `price` double NOT NULL,
  `image` varchar(255) NOT NULL,
  `created_at` datetime NOT NULL,
  `updated_at` datetime NOT NULL
) ENGINE=InnoDB DEFAULT CHARSET=utf8;

--
-- Dumping data for table `products`
--

INSERT INTO `products` (`id`, `category_id`, `brand_id`, `name`, `price`, `image`, `created_at`, `updated_at`) VALUES
(1, 1, 1, 'Áo Vest Đen Cổ Sẫm (NEW)', 2000000, 'vest/AO VEST DEN CO SAM (NEW).jpg', '2019-11-09 12:46:25', '2019-12-13 17:01:05'),
(2, 1, 1, 'Áo Vest Đen Thường (NEW)', 1000000, 'vest/AO VEST DEN THUONG (NEW).jpg', '2019-11-09 12:50:58', '2019-12-13 17:01:05'),
(3, 1, 1, 'Áo Vest Đen Vá Viền (NEW)', 2200000, 'vest/AO VEST DVVMM.jpg', '2019-11-09 13:03:44', '2019-12-13 17:01:06'),
(4, 1, 1, 'Áo Vest Kẻ Ô Xanh Sẫm', 2400000, 'vest/AO VEST KE O XANH SAM.jpg', '2019-11-10 15:58:25', '2019-12-13 17:01:06'),
(5, 1, 1, 'Áo Vest Kẻ Ô Xanh', 2500000, 'vest/AO VEST KE O XANH SANG.jpg', '2019-11-12 03:02:20', '2019-12-13 17:01:06'),
(6, 1, 1, 'Áo Vest Kẻ Xanh Ô Đỏ', 2600000, 'vest/AO VEST KE XANH O DO.jpg', '2019-11-12 03:02:29', '2019-12-13 17:01:06'),
(7, 1, 1, 'Áo Vest Nâu LH26', 1800000, 'vest/AO VEST LH26 NAU.jpg', '2019-11-14 17:06:02', '2019-12-13 17:01:06'),
(8, 1, 1, 'Áo Vest Nâu 2HK', 1800000, 'vest/AO VEST NAU 2HK.jpg', '2019-11-14 17:09:01', '2019-12-13 17:01:07'),
(9, 1, 1, 'Áo Vest Nâu', 1800000, 'vest/AO VEST NAU.jpg', '2019-11-14 17:10:17', '2019-12-13 17:01:07'),
(10, 1, 1, 'Áo Vest Trắng 2 Khuy', 2200000, 'vest/AO VEST TRANG 2 KHUY.jpg', '2019-11-14 17:11:00', '2019-12-13 17:01:07'),
(11, 1, 1, 'Áo Vest Xanh Bò Tối', 2200000, 'vest/AO VEST XANH BO TOI.jpg', '2019-11-14 17:11:47', '2019-12-13 17:01:07'),
(12, 1, 1, 'Áo Vest Xanh Đen Nhũ', 2200000, 'vest/AO VEST XANH DEN NHU.jpg', '2019-11-14 17:12:27', '2019-12-13 17:01:07'),
(13, 1, 1, 'Áo Vest Xanh Nhũ Đỏ', 2200000, 'vest/AO VEST XANH NHU DO.jpg', '2019-11-14 17:13:05', '2019-12-13 17:01:07'),
(14, 1, 1, 'Áo Vest Xanh Rêu 2HK', 1800000, 'vest/AO VEST XANH REU 2HK.jpg', '2019-11-14 17:13:20', '2019-12-13 17:01:08'),
(15, 1, 1, 'Áo Vest Xanh Rêu', 1500000, 'vest/AO VEST XANH REU.jpg', '2019-11-14 17:14:08', '2019-12-13 17:01:08'),
(16, 1, 1, 'Áo Vest Xanh', 1500000, 'vest/AO VEST XANH.jpg', '2019-11-14 17:14:44', '2019-12-13 17:01:08'),
(17, 2, 1, 'Áo Sơ Mi BBR Cao Cấp Nâu Sáng Kẻ', 700000, 'so_mi/AO SO MI BBR CAO CAP NAU SANG KE.jpg', '2019-11-15 13:14:57', '2019-12-13 17:01:08'),
(18, 2, 1, 'Áo Sơ Mi Cao Cấp Ghi Vân Vàng', 650000, 'so_mi/AO SO MI CAO CAP GHI VAN VANG.jpg', '2019-11-15 13:14:57', '2019-12-13 17:01:08'),
(19, 2, 1, 'Áo Sơ Mi Cao Cấp Kẻ Xanh', 650000, 'so_mi/AO SO MI CAO CAP KE XANH.jpg', '2019-11-15 13:14:57', '2019-12-13 17:01:09'),
(20, 2, 1, 'Áo Sơ Mi Đen Nam Cao Cấp', 500000, 'so_mi/AO SO MI ĐEN NAM CAO CAP.jpg', '2019-11-15 13:14:57', '2019-12-13 17:01:09'),
(21, 2, 1, 'Áo Sơ Mi Đen Nam Phối Vai Nhũ', 750000, 'so_mi/AO SO MI ĐEN NAM PHOI VAI NHU.jpg', '2019-11-15 13:14:57', '2019-12-13 17:01:09'),
(22, 2, 1, 'Áo Sơ Mi Đen Nam Thêu Họa Tiết', 750000, 'so_mi/AO SO MI ĐEN NAM THEU HOA TIET.jpg', '2019-11-15 13:14:57', '2019-12-13 17:01:09'),
(23, 2, 1, 'Áo Sơ Mi Đen Nam VTC STORE', 500000, 'so_mi/AO SO MI ĐEN NAM VTC STORE.jpg', '2019-11-15 13:14:57', '2019-12-13 17:01:09'),
(24, 2, 1, 'Áo Sơ Mi Đen Nam Xếp Ly Ngang', 700000, 'so_mi/AO SO MI ĐEN NAM XEP LY NGANG.jpg', '2019-11-15 13:14:57', '2019-12-13 17:01:10'),
(25, 2, 1, 'Áo Sơ Mi Đẹp Nam Ghi Hoa', 650000, 'so_mi/AO SO MI ĐEP NAM GHI HOA.jpg', '2019-11-15 13:14:57', '2019-12-13 17:01:10'),
(26, 2, 1, 'Áo Sơ Mi Họa Tiết Sáng Màu', 650000, 'so_mi/AO SO MI HOA TIET SANG MAU.jpg', '2019-11-15 13:14:57', '2019-12-13 17:01:10'),
(27, 2, 1, 'Áo Sơ Mi Kẻ Ghi Nam', 500000, 'so_mi/AO SO MI KE GHI NAM.jpg', '2019-11-15 13:14:57', '2019-12-13 17:01:10'),
(28, 2, 1, 'Áo Sơ Mi Nam BBR Nâu Kẻ Đen', 700000, 'so_mi/AO SO MI NAM BBR NAU KE ĐEN.jpg', '2019-11-15 13:14:57', '2019-12-13 17:01:10'),
(29, 2, 1, 'Áo Sơ Mi Nam BBR Xanh Sẫm', 700000, 'so_mi/AO SO MI NAM BBR XANH SAM.jpg', '2019-11-15 13:14:57', '2019-12-13 17:01:10'),
(30, 2, 1, 'Áo Sơ Mi Nam Cao Cấp Ghi Đậm Vân Chìm', 650000, 'so_mi/AO SO MI NAM CAO CAP GHI ĐAM VAN CHIM.jpg', '2019-11-15 13:14:57', '2019-12-13 17:01:11'),
(31, 2, 1, 'Áo Sơ Mi Nam Cao Cấp Họa Tiết', 650000, 'so_mi/AO SO MI NAM CAO CAP HOA TIET.jpg', '2019-11-15 13:14:57', '2019-12-13 17:01:11'),
(32, 2, 1, 'Áo Sơ Mi Nam Cao Cấp Kẻ Ghi Sáng', 700000, 'so_mi/AO SO MI NAM CAO CAP KE GHI SANG.jpg', '2019-11-15 13:14:57', '2019-12-13 17:01:11'),
(33, 3, 1, 'Cà Vạt Đẹp VTCV0013', 350000, 'caravat/CA VAT DEP VTCV0013.jpg', '2019-11-15 13:42:47', '2019-12-13 17:01:11'),
(34, 3, 1, 'Cà Vạt Đẹp VTCV0031', 350000, 'caravat/CA VAT DEP VTCV0031.jpg', '2019-11-15 13:42:47', '2019-12-13 17:01:11'),
(35, 3, 1, 'Cà Vạt Đẹp VTCV0034', 350000, 'caravat/CA VAT DEP VTCV0034.jpg', '2019-11-15 13:42:47', '2019-12-13 17:01:11'),
(36, 3, 1, 'Cà Vạt Đẹp VTCV0038', 350000, 'caravat/CA VAT DEP VTCV0038.jpg', '2019-11-15 13:42:47', '2019-12-13 17:01:11'),
(37, 3, 1, 'Cà Vạt Đẹp VTCV0039', 350000, 'caravat/CA VAT DEP VTCV0039.jpg', '2019-11-15 13:42:47', '2019-12-13 17:01:11'),
(38, 3, 1, 'Cà Vạt Đẹp VTCV0045', 350000, 'caravat/CA VAT DEP VTCV0045.jpg', '2019-11-15 13:42:47', '2019-12-13 17:01:11'),
(39, 3, 1, 'Cà Vạt Đẹp VTCV0046', 350000, 'caravat/CA VAT DEP VTCV0046.jpg', '2019-11-15 13:42:47', '2019-12-13 17:01:11'),
(40, 3, 1, 'Cà Vạt Nam VTCV0011', 350000, 'caravat/CA VAT NAM VTCV0011.jpg', '2019-11-15 13:42:47', '2019-12-13 17:01:11'),
(41, 3, 1, 'Cà Vạt Nam VTCV0012', 350000, 'caravat/CA VAT NAM VTCV0012.jpg', '2019-11-15 13:42:47', '2019-12-13 17:01:11'),
(42, 3, 1, 'Cà Vạt Nam VTCV0018', 350000, 'caravat/CA VAT NAM VTCV0018.jpg', '2019-11-15 13:42:47', '2019-12-13 17:01:11'),
(43, 3, 1, 'Cà Vạt Nam VTCV0027', 350000, 'caravat/CA VAT NAM VTCV0027.jpg', '2019-11-15 13:42:47', '2019-12-13 17:01:11'),
(44, 3, 1, 'Cà Vạt Nam VTCV0028', 350000, 'caravat/CA VAT NAM VTCV0028.jpg', '2019-11-15 13:42:47', '2019-12-13 17:01:12'),
(45, 3, 1, 'Cà Vạt Nam VTCV0041', 350000, 'caravat/CA VAT NAM VTCV0041.jpg', '2019-11-15 13:42:47', '2019-12-13 17:01:12'),
(46, 3, 1, 'Cà Vạt Nam VTCV0048', 350000, 'caravat/CA VAT NAM VTCV0048.jpg', '2019-11-15 13:42:47', '2019-12-13 17:01:12'),
(47, 3, 1, 'Cà Vạt Nam VTCV0049', 350000, 'caravat/CA VAT NAM VTCV0049.jpg', '2019-11-15 13:42:47', '2019-12-13 17:01:12'),
(48, 3, 1, 'Cà Vạt VTCV0038', 350000, 'caravat/CA VAT VTCV0038.jpg', '2019-11-15 13:42:47', '2019-12-13 17:01:12'),
(49, 4, 1, 'Nơ 250', 250000, 'no/NO 250.jpg', '2019-11-15 13:43:32', '2019-12-13 17:01:12'),
(50, 4, 1, 'Nơ Cài VEST VTN0039', 250000, 'no/NO CAI VEST VTN0039.jpg', '2019-11-15 13:43:32', '2019-12-13 17:01:12'),
(51, 4, 1, 'Nơ Cài VEST VTN0040', 250000, 'no/NO CAI VEST VTN0040.jpg', '2019-11-15 13:43:32', '2019-12-13 17:01:12'),
(52, 4, 1, 'Nơ Cài VEST VTN0041', 250000, 'no/NO CAI VEST VTN0041.jpg', '2019-11-15 13:43:32', '2019-12-13 17:01:12'),
(53, 4, 1, 'Nơ Cài VEST VTN0044', 250000, 'no/NO CAI VEST VTN0044.jpg', '2019-11-15 13:43:32', '2019-12-13 17:01:12'),
(54, 4, 1, 'Nơ Cài VEST VTN0045', 250000, 'no/NO CAI VEST VTN0045.jpg', '2019-11-15 13:43:32', '2019-12-13 17:01:12'),
(55, 4, 1, 'Nơ Cài VEST VTN0048', 250000, 'no/NO CAI VEST VTN0048.jpg', '2019-11-15 13:43:32', '2019-12-13 17:01:12'),
(56, 4, 1, 'Nơ Cài VEST VTN0051', 250000, 'no/NO CAI VEST VTN0051.jpg', '2019-11-15 13:43:32', '2019-12-13 17:01:12'),
(57, 4, 1, 'Nơ Cài VEST VTN0052', 250000, 'no/NO CAI VEST VTN0052.jpg', '2019-11-15 13:43:32', '2019-12-13 17:01:12'),
(58, 4, 1, 'Nơ Cài VEST VTN0053', 250000, 'no/NO CAI VEST VTN0053.jpg', '2019-11-15 13:43:32', '2019-12-13 17:01:12'),
(59, 4, 1, 'Nơ Cài VEST VTN0065', 250000, 'no/NO CAI VEST VTN0065.jpg', '2019-11-15 13:43:32', '2019-12-13 17:01:12'),
(60, 5, 1, 'Khăn Cài Túi Áo VEST VTK0025', 150000, 'khan_cai_vest/KHAN AO VEST VTK0025.jpg', '2019-11-15 13:43:32', '2019-12-13 17:01:12'),
(61, 5, 1, 'Khăn Cài Túi Áo VEST VTK0026', 150000, 'khan_cai_vest/KHAN AO VEST VTK0026.jpg', '2019-11-15 13:43:32', '2019-12-13 17:01:12'),
(62, 5, 1, 'Khăn Cài Túi Áo VEST VTK0027', 150000, 'khan_cai_vest/KHAN AO VEST VTK0027.jpg', '2019-11-15 13:43:32', '2019-12-13 17:01:12'),
(63, 5, 1, 'Khăn Cài Túi Áo VEST VTK0028', 150000, 'khan_cai_vest/KHAN AO VEST VTK0028.jpg', '2019-11-15 13:43:32', '2019-12-13 17:01:12'),
(64, 5, 1, 'Khăn Cài Túi Áo VEST VTK0031', 150000, 'khan_cai_vest/KHAN AO VEST VTK0031.jpg', '2019-11-15 13:43:32', '2019-12-13 17:01:12'),
(65, 5, 1, 'Khăn Cài Túi Áo VEST VTK0033', 150000, 'khan_cai_vest/KHAN AO VEST VTK0033.jpg', '2019-11-15 13:43:37', '2019-12-13 17:01:12'),
(66, 5, 1, 'Khăn Cài Túi Áo VEST VTK0034', 150000, 'khan_cai_vest/KHAN AO VEST VTK0034.jpg', '2019-11-15 13:43:37', '2019-12-13 17:01:12'),
(67, 5, 1, 'Khăn Cài Túi Áo VEST VTK0035', 150000, 'khan_cai_vest/KHAN AO VEST VTK0035.jpg', '2019-11-15 13:43:37', '2019-12-13 17:01:13'),
(68, 5, 1, 'Khăn Cài Túi Áo VEST VTK0038', 150000, 'khan_cai_vest/KHAN AO VEST VTK0038.jpg', '2019-11-15 13:43:37', '2019-12-13 17:01:13'),
(69, 5, 1, 'Khăn Cài Túi Áo VEST VTK0039', 150000, 'khan_cai_vest/KHAN AO VEST VTK0039.jpg', '2019-11-15 13:43:37', '2019-12-13 17:01:13'),
(70, 5, 1, 'Khăn Cài Túi Áo VEST VTK0008', 150000, 'khan_cai_vest/KHAN CAI TUI AO VEST VTK0008.jpg', '2019-11-15 13:43:37', '2019-12-13 17:01:13'),
(71, 5, 1, 'Khăn Cài Túi Áo VEST VTK0009', 150000, 'khan_cai_vest/KHAN CAI TUI AO VEST VTK0009.jpg', '2019-11-15 13:43:37', '2019-12-13 17:01:13'),
(72, 5, 1, 'Khăn Cài Túi Áo VEST VTK0011', 150000, 'khan_cai_vest/KHAN CAI TUI AO VEST VTK0011.jpg', '2019-11-15 13:43:37', '2019-12-13 17:01:13'),
(73, 5, 1, 'Khăn Cài Túi Áo VEST VTK0012', 150000, 'khan_cai_vest/KHAN CAI TUI AO VEST VTK0012.jpg', '2019-11-15 13:43:37', '2019-12-13 17:01:13'),
(74, 5, 1, 'Khăn Cài Túi Áo VEST VTK0013', 150000, 'khan_cai_vest/KHAN CAI TUI AO VEST VTK0013.jpg', '2019-11-15 13:43:37', '2019-12-13 17:01:13'),
(75, 5, 1, 'Khăn Cài Túi Áo VEST VTK0014', 150000, 'khan_cai_vest/KHAN CAI TUI AO VEST VTK0014.jpg', '2019-11-15 13:43:37', '2019-12-13 17:01:13'),
(76, 6, 1, 'Giày Âu Nam Chấm Nhỏ TAG GUCCI', 1650000, 'giay_da/GIAY AU NAM CHAM NHO TAG GUCCI.jpg', '2019-11-15 13:43:37', '2019-12-13 17:01:13'),
(77, 6, 1, 'Giày Âu Nam Đen TAG Trắng VTC STORE', 1650000, 'giay_da/GIAY AU NAM DEN TAG TRANG VTC STORE.jpg', '2019-11-15 13:43:37', '2019-12-13 17:01:13'),
(78, 6, 1, 'Giày Âu Nam Đen Thừng Kép', 1600000, 'giay_da/GIAY AU NAM DEN THUNG KEP.jpg', '2019-11-15 13:43:37', '2019-12-13 17:01:13'),
(79, 6, 1, 'Giày Âu Nam Nâu Họa Tiết Thừng Kép', 1600000, 'giay_da/GIAY AU NAM NAU HOA TIET THUNG KEP.jpg', '2019-11-15 13:43:37', '2019-12-13 17:01:14'),
(80, 6, 1, 'Giày Công Sở Nam Đen Bóng TAG Ngang', 1700000, 'giay_da/GIAY CONG SO NAM ĐEN BONG TAG NGANG.jpg', '2019-11-15 13:43:37', '2019-12-13 17:01:14'),
(81, 6, 1, 'Giày Da Đen Vân Cá Sấu', 1600000, 'giay_da/GIAY DA DEN VAN CA SAU.jpg', '2019-11-15 16:04:48', '2019-12-13 17:01:14'),
(82, 6, 1, 'Giày Da Nam Công Sở Nâu Quai Ngang', 1550000, 'giay_da/GIAY DA NAM CONG SO NAU QUAI NGANG.jpg', '2019-11-15 16:04:48', '2019-12-13 17:01:14'),
(83, 6, 1, 'Giày Da Nam Đen Sần Mới', 1650000, 'giay_da/GIAY DA NAM DEN SAN MOI.jpg', '2019-11-15 16:04:48', '2019-12-13 17:01:14'),
(84, 6, 1, 'Giày Da Nam Đen TAG Ngang VTC STORE', 1650000, 'giay_da/GIAY DA NAM DEN TAG NGANG VTC STORE.jpg', '2019-11-15 16:04:48', '2019-12-13 17:01:15'),
(85, 6, 1, 'Giày Da Nam Đen Thừng VTC STORE', 1600000, 'giay_da/GIAY DA NAM DEN THUNG VTC STORE.jpg', '2019-11-15 16:04:48', '2019-12-13 17:01:15'),
(86, 6, 1, 'Giày Da Nam Đẹp Đen Sần TAG Đen', 1650000, 'giay_da/GIAY DA NAM DEP DEN SAN TAG ĐEN.jpg', '2019-11-15 16:04:48', '2019-12-13 17:01:15'),
(87, 6, 1, 'Giày Da Nam Đẹp Phối Nhung', 1700000, 'giay_da/GIAY DA NAM DEP PHOI NHUNG.jpg', '2019-11-15 16:04:48', '2019-12-13 17:01:15'),
(88, 6, 1, 'Giày Da Nam Sần VTC STORE', 1550000, 'giay_da/GIAY DA NAM SAN VTC STORE.jpg', '2019-11-15 16:04:48', '2019-12-13 17:01:15'),
(89, 6, 1, 'Giày Lười Da Nam Đen Sần TAG Vàng', 1600000, 'giay_da/GIAY LUOI DA NAM DEN SAN TAG VÀNG.jpg', '2019-11-15 16:04:48', '2019-12-13 17:01:16'),
(90, 6, 1, 'Giày Lười Nam Đen Bóng TAG Quai Sần', 1650000, 'giay_da/GIAY LUOI NAM DEN BONG TAG QUAI SẦN.jpg', '2019-11-15 16:04:48', '2019-12-13 17:01:16'),
(91, 6, 1, 'Giày Lười Nam Đen VTC STORE', 1800000, 'giay_da/GIAY LUOI NAM DEN VTC STORE.jpg', '2019-11-15 16:04:48', '2019-12-13 17:01:16'),
(92, 7, 1, 'Áo Da Đen Cổ Lông', 1500000, 'ao_da/DEN CO LONG.jpg', '2019-11-15 17:01:34', '2019-12-13 17:01:16'),
(93, 7, 1, 'Áo Da Đen TXVT7258D', 1500000, 'ao_da/DEN TXVT7258D.jpg', '2019-11-15 17:01:34', '2019-12-13 17:01:17'),
(94, 7, 1, 'Áo Da Ghi AKBB909G', 1500000, 'ao_da/GHI AKBB909G.jpg', '2019-11-15 17:01:34', '2019-12-13 17:01:17'),
(95, 7, 1, 'Áo Da Ghi VT9928G', 1500000, 'ao_da/GHI VT9928G.jpg', '2019-11-15 17:01:34', '2019-12-13 17:01:17'),
(96, 7, 1, 'Áo Da Màu Mận Cổ Lông', 1500000, 'ao_da/MAU MAN CO LONG.jpg', '2019-11-15 17:01:34', '2019-12-13 17:01:17'),
(97, 7, 1, 'Áo Da Màu Mận', 1500000, 'ao_da/MAU MAN.jpg', '2019-11-15 17:01:34', '2019-12-13 17:01:17'),
(98, 7, 1, 'Áo Da Nâu VT9912N', 1500000, 'ao_da/NAU VT9912N.jpg', '2019-11-15 17:01:34', '2019-12-13 17:01:17'),
(99, 7, 1, 'Áo Da Nâu VT9915N', 1500000, 'ao_da/NAU VT9915N.jpg', '2019-11-15 17:01:34', '2019-12-13 17:01:18'),
(100, 7, 1, 'Áo Da Nâu VT9918N', 1500000, 'ao_da/NAU VT9918N.jpg', '2019-11-15 17:01:34', '2019-12-13 17:01:18'),
(101, 7, 1, 'Áo Da Trắng AKBB909T', 1500000, 'ao_da/TRANG AKBB909T.jpg', '2019-11-15 17:01:34', '2019-12-13 17:01:18'),
(102, 7, 1, 'Áo Da Trắng AKBB951T', 1500000, 'ao_da/TRANG AKBB951T.jpg', '2019-11-15 17:01:34', '2019-12-13 17:01:18'),
(103, 7, 1, 'Áo Da Xanh 9920X', 1500000, 'ao_da/XANH 9920X.jpg', '2019-11-15 17:01:34', '2019-12-13 17:01:18'),
(104, 7, 1, 'Áo Da Xanh VT9912X', 1500000, 'ao_da/XANH VT9912X.jpg', '2019-11-15 17:01:34', '2019-12-13 17:01:18'),
(105, 8, 1, 'Quần Âu Cao Cấp Kẻ Nhỏ', 700000, 'quan_au/QUAN AU CAO CAP KE NHO.jpg', '2019-11-15 17:46:10', '2019-12-13 17:01:19'),
(106, 8, 1, 'Quần Âu Cao Cấp Xanh Ánh', 700000, 'quan_au/QUAN AU CAO CAP XANH ANH.jpg', '2019-11-15 17:46:10', '2019-12-13 17:01:19'),
(107, 8, 1, 'Quần Âu Cao Cấp Xanh Rêu', 600000, 'quan_au/QUAN AU CAO CAP XANH REU.jpg', '2019-11-15 17:46:10', '2019-12-13 17:01:19'),
(108, 8, 1, 'Quần Âu Đen', 600000, 'quan_au/QUAN AU DEN.jpg', '2019-11-15 17:46:10', '2019-12-13 17:01:19'),
(109, 8, 1, 'Quần Âu Hàn Quốc Ghi Sáng', 600000, 'quan_au/QUAN AU HAN QUOC GHI SANG.jpg', '2019-11-15 17:46:10', '2019-12-13 17:01:19'),
(110, 8, 1, 'Quần Âu Kẻ Ô Xanh Đen', 700000, 'quan_au/QUAN AU KE O XANH DEN.jpg', '2019-11-15 17:46:10', '2019-12-13 17:01:19'),
(111, 8, 1, 'Quần Âu Nam Xanh', 700000, 'quan_au/QUAN AU NAM XANH.jpg', '2019-11-15 17:46:10', '2019-12-13 17:01:20'),
(112, 8, 1, 'Quần Âu Nam Be Xước', 700000, 'quan_au/QUAN AU NAM BE XUOC.jpg', '2019-11-15 17:46:10', '2019-12-13 17:01:20'),
(113, 8, 1, 'Quần Âu Nam Cao Cấp Nâu Kẻ', 750000, 'quan_au/QUAN AU NAM CAO CAP NAU KE.jpg', '2019-11-15 17:46:10', '2019-12-13 17:01:20'),
(114, 8, 1, 'Quần Âu Nam Đen Kẻ LH38', 700000, 'quan_au/QUAN AU NAM DEN KE LH38.jpg', '2019-11-15 17:46:10', '2019-12-13 17:01:20'),
(115, 8, 1, 'Quần Âu Nam Đen Kẻ', 700000, 'quan_au/QUAN AU NAM DEN KE.jpg', '2019-11-15 17:46:10', '2019-12-13 17:01:20'),
(116, 8, 1, 'Quần Âu Nam Đẹp Ghi Kẻ', 700000, 'quan_au/QUAN AU NAM DEP GHI KE.jpg', '2019-11-15 17:46:10', '2019-12-13 17:01:20'),
(117, 8, 1, 'Quần Âu Nam Đẹp Kẻ Ghi', 700000, 'quan_au/QUAN AU NAM DEP KE GHI.jpg', '2019-11-15 17:46:10', '2019-12-13 17:01:21'),
(118, 8, 1, 'Quần Âu Nam Đẹp Kẻ Xanh Đỏ', 700000, 'quan_au/QUAN AU NAM DEP KE XANH DO.jpg', '2019-11-15 17:46:10', '2019-12-13 17:01:21'),
(119, 8, 1, 'Quần Âu Nam Đẹp Tím Sẫm', 600000, 'quan_au/QUAN AU NAM DEP TIM SAM.jpg', '2019-11-15 17:46:10', '2019-12-13 17:01:21'),
(120, 8, 1, 'Quần Âu Nam Đẹp Xanh Cốm', 700000, 'quan_au/QUAN AU NAM DEP XANH COM.jpg', '2019-11-15 17:46:10', '2019-12-13 17:01:21'),
(124, 1, 1, 'sdasd', 1231231, 'vest', '2019-12-13 17:37:15', '2019-12-13 17:37:15');

-- --------------------------------------------------------

--
-- Table structure for table `product_size`
--

CREATE TABLE `product_size` (
  `id` bigint(20) NOT NULL,
  `product_id` bigint(20) NOT NULL,
  `size_id` bigint(20) NOT NULL,
  `quantity_stock` bigint(11) NOT NULL,
  `created_at` datetime NOT NULL,
  `updated_at` datetime NOT NULL
) ENGINE=InnoDB DEFAULT CHARSET=utf8;

--
-- Dumping data for table `product_size`
--

INSERT INTO `product_size` (`id`, `product_id`, `size_id`, `quantity_stock`, `created_at`, `updated_at`) VALUES
(5, 1, 1, 2, '2019-11-18 16:11:22', '2019-11-18 16:11:22'),
(6, 1, 2, 1, '2019-11-18 16:11:22', '2019-11-18 16:11:22'),
(7, 1, 3, 1, '2019-11-18 16:11:22', '2019-11-18 16:11:22'),
(8, 1, 4, 1, '2019-11-18 16:11:22', '2019-11-18 16:11:22'),
(9, 2, 1, 2, '2019-11-18 16:11:22', '2019-11-18 16:11:22'),
(10, 2, 2, 2, '2019-11-18 16:11:22', '2019-11-18 16:11:22'),
(11, 2, 3, 1, '2019-11-18 16:11:22', '2019-11-18 16:11:22'),
(12, 2, 4, 1, '2019-11-18 16:11:22', '2019-11-18 16:11:22'),
(13, 3, 1, 2, '2019-11-18 16:11:22', '2019-11-18 16:11:22'),
(14, 3, 2, 2, '2019-11-18 16:11:22', '2019-11-18 16:11:22'),
(15, 3, 3, 2, '2019-11-18 16:11:22', '2019-11-18 16:11:22'),
(16, 3, 4, 1, '2019-11-18 16:11:22', '2019-11-18 16:11:22'),
(17, 4, 1, 2, '2019-11-18 16:11:22', '2019-11-18 16:11:22'),
(18, 4, 2, 2, '2019-11-18 16:11:22', '2019-11-18 16:11:22'),
(19, 4, 3, 1, '2019-11-18 16:11:22', '2019-11-18 16:11:22'),
(20, 4, 4, 1, '2019-11-18 16:11:22', '2019-11-18 16:11:22'),
(21, 5, 1, 2, '2019-11-18 16:11:22', '2019-11-18 16:11:22'),
(22, 5, 2, 1, '2019-11-18 16:11:22', '2019-11-18 16:11:22'),
(23, 5, 3, 1, '2019-11-18 16:11:22', '2019-11-18 16:11:22'),
(24, 5, 4, 1, '2019-11-18 16:11:22', '2019-11-18 16:11:22'),
(25, 6, 1, 2, '2019-11-18 16:11:22', '2019-11-18 16:11:22'),
(26, 6, 2, 2, '2019-11-18 16:11:22', '2019-11-18 16:11:22'),
(27, 6, 3, 1, '2019-11-18 16:11:22', '2019-11-18 16:11:22'),
(28, 6, 4, 1, '2019-11-18 16:11:22', '2019-11-18 16:11:22'),
(29, 7, 1, 3, '2019-11-18 16:11:22', '2019-11-18 16:11:22'),
(30, 7, 2, 2, '2019-11-18 16:11:22', '2019-11-18 16:11:22'),
(31, 7, 3, 2, '2019-11-18 16:11:22', '2019-11-18 16:11:22'),
(32, 7, 4, 1, '2019-11-18 16:11:22', '2019-11-18 16:11:22'),
(33, 8, 1, 3, '2019-11-18 16:11:22', '2019-11-18 16:11:22'),
(34, 8, 2, 3, '2019-11-18 16:11:22', '2019-11-18 16:11:22'),
(35, 8, 3, 2, '2019-11-18 16:11:22', '2019-11-18 16:11:22'),
(36, 8, 4, 1, '2019-11-18 16:11:22', '2019-11-18 16:11:22'),
(37, 9, 1, 3, '2019-11-18 16:11:22', '2019-11-18 16:11:22'),
(38, 9, 2, 2, '2019-11-18 16:11:22', '2019-11-18 16:11:22'),
(39, 9, 3, 2, '2019-11-18 16:11:22', '2019-11-18 16:11:22'),
(40, 9, 4, 1, '2019-11-18 16:11:22', '2019-11-18 16:11:22'),
(41, 10, 1, 2, '2019-11-18 16:11:22', '2019-11-18 16:11:22'),
(42, 10, 2, 2, '2019-11-18 16:11:22', '2019-11-18 16:11:22'),
(43, 10, 3, 2, '2019-11-18 16:11:22', '2019-11-18 16:11:22'),
(44, 10, 4, 1, '2019-11-18 16:11:22', '2019-11-18 16:11:22'),
(45, 11, 1, 1, '2019-11-18 16:11:22', '2019-11-18 16:11:22'),
(46, 11, 2, 1, '2019-11-18 16:11:22', '2019-11-18 16:11:22'),
(47, 11, 3, 1, '2019-11-18 16:11:22', '2019-11-18 16:11:22'),
(48, 11, 4, 1, '2019-11-18 16:11:22', '2019-11-18 16:11:22'),
(49, 12, 1, 2, '2019-11-18 16:11:22', '2019-11-18 16:11:22'),
(50, 12, 2, 2, '2019-11-18 16:11:22', '2019-11-18 16:11:22'),
(51, 12, 3, 1, '2019-11-18 16:11:22', '2019-11-18 16:11:22'),
(52, 12, 4, 1, '2019-11-18 16:11:22', '2019-11-18 16:11:22'),
(53, 13, 1, 3, '2019-11-18 16:11:22', '2019-11-18 16:11:22'),
(54, 13, 2, 3, '2019-11-18 16:11:22', '2019-11-18 16:11:22'),
(55, 13, 3, 2, '2019-11-18 16:11:22', '2019-11-18 16:11:22'),
(56, 13, 4, 1, '2019-11-18 16:11:22', '2019-11-18 16:11:22'),
(57, 14, 1, 2, '2019-11-18 16:11:22', '2019-11-18 16:11:22'),
(58, 14, 2, 1, '2019-11-18 16:11:22', '2019-11-18 16:11:22'),
(59, 14, 3, 1, '2019-11-18 16:11:22', '2019-11-18 16:11:22'),
(60, 14, 4, 1, '2019-11-18 16:11:22', '2019-11-18 16:11:22'),
(61, 15, 1, 2, '2019-11-18 16:11:22', '2019-11-18 16:11:22'),
(62, 15, 2, 2, '2019-11-18 16:11:22', '2019-11-18 16:11:22'),
(63, 15, 3, 1, '2019-11-18 16:11:22', '2019-11-18 16:11:22'),
(64, 15, 4, 1, '2019-11-18 16:11:22', '2019-11-18 16:11:22'),
(65, 16, 1, 2, '2019-11-18 16:11:22', '2019-11-18 16:11:22'),
(66, 16, 2, 1, '2019-11-18 16:11:22', '2019-11-18 16:11:22'),
(67, 16, 3, 1, '2019-11-18 16:11:22', '2019-11-18 16:11:22'),
(68, 16, 4, 1, '2019-11-18 16:11:22', '2019-11-18 16:11:22'),
(69, 17, 1, 1, '2019-11-18 16:11:22', '2019-11-18 16:11:22'),
(70, 17, 2, 2, '2019-11-18 16:11:22', '2019-11-18 16:11:22'),
(71, 17, 3, 1, '2019-11-18 16:11:22', '2019-11-18 16:11:22'),
(72, 17, 4, 1, '2019-11-18 16:11:22', '2019-11-18 16:11:22'),
(73, 18, 1, 1, '2019-11-18 16:11:22', '2019-11-18 16:11:22'),
(74, 18, 2, 2, '2019-11-18 16:11:22', '2019-11-18 16:11:22'),
(75, 18, 3, 1, '2019-11-18 16:11:22', '2019-11-18 16:11:22'),
(76, 18, 4, 1, '2019-11-18 16:11:22', '2019-11-18 16:11:22'),
(77, 19, 1, 1, '2019-11-18 16:11:22', '2019-11-18 16:11:22'),
(78, 19, 2, 2, '2019-11-18 16:11:22', '2019-11-18 16:11:22'),
(79, 19, 3, 1, '2019-11-18 16:11:22', '2019-11-18 16:11:22'),
(80, 19, 4, 1, '2019-11-18 16:11:22', '2019-11-18 16:11:22'),
(81, 20, 1, 1, '2019-11-18 16:11:22', '2019-11-18 16:11:22'),
(82, 20, 2, 2, '2019-11-18 16:11:22', '2019-11-18 16:11:22'),
(83, 20, 3, 1, '2019-11-18 16:11:22', '2019-11-18 16:11:22'),
(84, 20, 4, 1, '2019-11-18 16:11:22', '2019-11-18 16:11:22'),
(85, 21, 1, 1, '2019-11-18 16:11:22', '2019-11-18 16:11:22'),
(86, 21, 2, 2, '2019-11-18 16:11:22', '2019-11-18 16:11:22'),
(87, 21, 3, 1, '2019-11-18 16:11:22', '2019-11-18 16:11:22'),
(88, 21, 4, 1, '2019-11-18 16:11:22', '2019-11-18 16:11:22'),
(89, 22, 1, 1, '2019-11-18 16:11:22', '2019-11-18 16:11:22'),
(90, 22, 2, 2, '2019-11-18 16:11:22', '2019-11-18 16:11:22'),
(91, 22, 3, 1, '2019-11-18 16:11:22', '2019-11-18 16:11:22'),
(92, 22, 4, 1, '2019-11-18 16:11:22', '2019-11-18 16:11:22'),
(93, 23, 1, 1, '2019-11-18 16:11:22', '2019-11-18 16:11:22'),
(94, 23, 2, 2, '2019-11-18 16:11:22', '2019-11-18 16:11:22'),
(95, 23, 3, 1, '2019-11-18 16:11:22', '2019-11-18 16:11:22'),
(96, 23, 4, 1, '2019-11-18 16:11:22', '2019-11-18 16:11:22'),
(97, 24, 1, 1, '2019-11-18 16:11:22', '2019-11-18 16:11:22'),
(98, 24, 2, 2, '2019-11-18 16:11:22', '2019-11-18 16:11:22'),
(99, 24, 3, 1, '2019-11-18 16:11:22', '2019-11-18 16:11:22'),
(100, 24, 4, 1, '2019-11-18 16:11:22', '2019-11-18 16:11:22'),
(101, 25, 1, 1, '2019-11-18 16:11:22', '2019-11-18 16:11:22'),
(102, 25, 2, 2, '2019-11-18 16:11:22', '2019-11-18 16:11:22'),
(103, 25, 3, 1, '2019-11-18 16:11:22', '2019-11-18 16:11:22'),
(104, 25, 4, 1, '2019-11-18 16:11:22', '2019-11-18 16:11:22'),
(105, 26, 1, 1, '2019-11-18 16:11:22', '2019-11-18 16:11:22'),
(106, 26, 2, 2, '2019-11-18 16:11:22', '2019-11-18 16:11:22'),
(107, 26, 3, 1, '2019-11-18 16:11:22', '2019-11-18 16:11:22'),
(108, 26, 4, 1, '2019-11-18 16:11:22', '2019-11-18 16:11:22'),
(109, 27, 1, 1, '2019-11-18 16:11:22', '2019-11-18 16:11:22'),
(110, 27, 2, 2, '2019-11-18 16:11:22', '2019-11-18 16:11:22'),
(111, 27, 3, 1, '2019-11-18 16:11:22', '2019-11-18 16:11:22'),
(112, 27, 4, 1, '2019-11-18 16:11:22', '2019-11-18 16:11:22'),
(113, 28, 1, 1, '2019-11-18 16:11:22', '2019-11-18 16:11:22'),
(114, 28, 2, 2, '2019-11-18 16:11:22', '2019-11-18 16:11:22'),
(115, 28, 3, 1, '2019-11-18 16:11:22', '2019-11-18 16:11:22'),
(116, 28, 4, 1, '2019-11-18 16:11:22', '2019-11-18 16:11:22'),
(117, 29, 1, 1, '2019-11-18 16:11:22', '2019-11-18 16:11:22'),
(118, 29, 2, 2, '2019-11-18 16:11:22', '2019-11-18 16:11:22'),
(119, 29, 3, 1, '2019-11-18 16:11:22', '2019-11-18 16:11:22'),
(120, 29, 4, 1, '2019-11-18 16:11:22', '2019-11-18 16:11:22'),
(121, 30, 1, 1, '2019-11-18 16:11:22', '2019-11-18 16:11:22'),
(122, 30, 2, 2, '2019-11-18 16:11:22', '2019-11-18 16:11:22'),
(123, 30, 3, 1, '2019-11-18 16:11:22', '2019-11-18 16:11:22'),
(124, 30, 4, 1, '2019-11-18 16:11:22', '2019-11-18 16:11:22'),
(125, 31, 1, 1, '2019-11-18 16:11:22', '2019-11-18 16:11:22'),
(126, 31, 2, 2, '2019-11-18 16:11:22', '2019-11-18 16:11:22'),
(127, 31, 3, 1, '2019-11-18 16:11:22', '2019-11-18 16:11:22'),
(128, 31, 4, 1, '2019-11-18 16:11:22', '2019-11-18 16:11:22'),
(129, 32, 1, 1, '2019-11-18 16:11:22', '2019-11-18 16:11:22'),
(130, 32, 2, 2, '2019-11-18 16:11:22', '2019-11-18 16:11:22'),
(131, 32, 3, 1, '2019-11-18 16:11:22', '2019-11-18 16:11:22'),
(132, 32, 4, 1, '2019-11-18 16:11:22', '2019-11-18 16:11:22'),
(133, 76, 5, 2, '2019-11-18 16:11:22', '2019-11-18 16:11:22'),
(134, 76, 6, 2, '2019-11-18 16:11:22', '2019-11-18 16:11:22'),
(135, 76, 7, 2, '2019-11-18 16:11:22', '2019-11-18 16:11:22'),
(136, 76, 8, 2, '2019-11-18 16:11:22', '2019-11-18 16:11:22'),
(137, 76, 9, 2, '2019-11-18 16:11:22', '2019-11-18 16:11:22'),
(138, 77, 5, 2, '2019-11-18 16:11:22', '2019-11-18 16:11:22'),
(139, 77, 6, 2, '2019-11-18 16:11:22', '2019-11-18 16:11:22'),
(140, 77, 7, 2, '2019-11-18 16:11:22', '2019-11-18 16:11:22'),
(141, 77, 8, 2, '2019-11-18 16:11:22', '2019-11-18 16:11:22'),
(142, 77, 9, 2, '2019-11-18 16:11:22', '2019-11-18 16:11:22'),
(143, 78, 5, 2, '2019-11-18 16:11:22', '2019-11-18 16:11:22'),
(144, 78, 6, 2, '2019-11-18 16:11:22', '2019-11-18 16:11:22'),
(145, 78, 7, 2, '2019-11-18 16:11:22', '2019-11-18 16:11:22'),
(146, 78, 8, 2, '2019-11-18 16:11:22', '2019-11-18 16:11:22'),
(147, 78, 9, 2, '2019-11-18 16:11:22', '2019-11-18 16:11:22'),
(148, 79, 5, 2, '2019-11-18 16:11:22', '2019-11-18 16:11:22'),
(149, 79, 6, 2, '2019-11-18 16:11:22', '2019-11-18 16:11:22'),
(150, 79, 7, 2, '2019-11-18 16:11:22', '2019-11-18 16:11:22'),
(151, 79, 8, 2, '2019-11-18 16:11:22', '2019-11-18 16:11:22'),
(152, 79, 9, 2, '2019-11-18 16:11:22', '2019-11-18 16:11:22'),
(153, 80, 5, 2, '2019-11-18 16:11:22', '2019-11-18 16:11:22'),
(154, 80, 6, 2, '2019-11-18 16:11:22', '2019-11-18 16:11:22'),
(155, 80, 7, 2, '2019-11-18 16:11:22', '2019-11-18 16:11:22'),
(156, 80, 8, 2, '2019-11-18 16:11:22', '2019-11-18 16:11:22'),
(157, 80, 9, 2, '2019-11-18 16:11:22', '2019-11-18 16:11:22'),
(158, 81, 5, 2, '2019-11-18 16:11:22', '2019-11-18 16:11:22'),
(159, 81, 6, 2, '2019-11-18 16:11:22', '2019-11-18 16:11:22'),
(160, 81, 7, 2, '2019-11-18 16:11:22', '2019-11-18 16:11:22'),
(161, 81, 8, 2, '2019-11-18 16:11:22', '2019-11-18 16:11:22'),
(162, 81, 9, 2, '2019-11-18 16:11:22', '2019-11-18 16:11:22'),
(163, 82, 5, 2, '2019-11-18 16:11:22', '2019-11-18 16:11:22'),
(164, 82, 6, 2, '2019-11-18 16:11:22', '2019-11-18 16:11:22'),
(165, 82, 7, 2, '2019-11-18 16:11:22', '2019-11-18 16:11:22'),
(166, 82, 8, 2, '2019-11-18 16:11:22', '2019-11-18 16:11:22'),
(167, 82, 9, 2, '2019-11-18 16:11:22', '2019-11-18 16:11:22'),
(168, 83, 5, 2, '2019-11-18 16:11:22', '2019-11-18 16:11:22'),
(169, 83, 6, 2, '2019-11-18 16:11:22', '2019-11-18 16:11:22'),
(170, 83, 7, 2, '2019-11-18 16:11:22', '2019-11-18 16:11:22'),
(171, 83, 8, 2, '2019-11-18 16:11:22', '2019-11-18 16:11:22'),
(172, 83, 9, 2, '2019-11-18 16:11:22', '2019-11-18 16:11:22'),
(173, 84, 5, 2, '2019-11-18 16:11:22', '2019-11-18 16:11:22'),
(174, 84, 6, 2, '2019-11-18 16:11:22', '2019-11-18 16:11:22'),
(175, 84, 7, 2, '2019-11-18 16:11:22', '2019-11-18 16:11:22'),
(176, 84, 8, 2, '2019-11-18 16:11:22', '2019-11-18 16:11:22'),
(177, 84, 9, 2, '2019-11-18 16:11:22', '2019-11-18 16:11:22'),
(178, 85, 5, 2, '2019-11-18 16:11:22', '2019-11-18 16:11:22'),
(179, 85, 6, 2, '2019-11-18 16:11:22', '2019-11-18 16:11:22'),
(180, 85, 7, 2, '2019-11-18 16:11:22', '2019-11-18 16:11:22'),
(181, 85, 8, 2, '2019-11-18 16:11:22', '2019-11-18 16:11:22'),
(182, 85, 9, 2, '2019-11-18 16:11:22', '2019-11-18 16:11:22'),
(183, 86, 5, 2, '2019-11-18 16:11:22', '2019-11-18 16:11:22'),
(184, 86, 6, 2, '2019-11-18 16:11:22', '2019-11-18 16:11:22'),
(185, 86, 7, 2, '2019-11-18 16:11:22', '2019-11-18 16:11:22'),
(186, 86, 8, 2, '2019-11-18 16:11:22', '2019-11-18 16:11:22'),
(187, 86, 9, 2, '2019-11-18 16:11:22', '2019-11-18 16:11:22'),
(188, 87, 5, 2, '2019-11-18 16:11:22', '2019-11-18 16:11:22'),
(189, 87, 6, 2, '2019-11-18 16:11:22', '2019-11-18 16:11:22'),
(190, 87, 7, 2, '2019-11-18 16:11:22', '2019-11-18 16:11:22'),
(191, 87, 8, 2, '2019-11-18 16:11:22', '2019-11-18 16:11:22'),
(192, 87, 9, 2, '2019-11-18 16:11:22', '2019-11-18 16:11:22'),
(193, 88, 5, 2, '2019-11-18 16:11:22', '2019-11-18 16:11:22'),
(194, 88, 6, 2, '2019-11-18 16:11:22', '2019-11-18 16:11:22'),
(195, 88, 7, 2, '2019-11-18 16:11:22', '2019-11-18 16:11:22'),
(196, 88, 8, 2, '2019-11-18 16:11:22', '2019-11-18 16:11:22'),
(197, 88, 9, 2, '2019-11-18 16:11:22', '2019-11-18 16:11:22'),
(198, 89, 5, 2, '2019-11-18 16:11:22', '2019-11-18 16:11:22'),
(199, 89, 6, 2, '2019-11-18 16:11:22', '2019-11-18 16:11:22'),
(200, 89, 7, 2, '2019-11-18 16:11:22', '2019-11-18 16:11:22'),
(201, 89, 8, 2, '2019-11-18 16:11:22', '2019-11-18 16:11:22'),
(202, 89, 9, 2, '2019-11-18 16:11:22', '2019-11-18 16:11:22'),
(203, 90, 5, 2, '2019-11-18 16:11:22', '2019-11-18 16:11:22'),
(204, 90, 6, 2, '2019-11-18 16:11:22', '2019-11-18 16:11:22'),
(205, 90, 7, 2, '2019-11-18 16:11:22', '2019-11-18 16:11:22'),
(206, 90, 8, 2, '2019-11-18 16:11:22', '2019-11-18 16:11:22'),
(207, 90, 9, 2, '2019-11-18 16:11:22', '2019-11-18 16:11:22'),
(208, 91, 5, 2, '2019-11-18 16:11:22', '2019-11-18 16:11:22'),
(209, 91, 6, 2, '2019-11-18 16:11:22', '2019-11-18 16:11:22'),
(210, 91, 7, 2, '2019-11-18 16:11:22', '2019-11-18 16:11:22'),
(211, 91, 8, 2, '2019-11-18 16:11:22', '2019-11-18 16:11:22'),
(212, 91, 9, 2, '2019-11-18 16:11:22', '2019-11-18 16:11:22'),
(213, 92, 1, 2, '2019-11-18 16:11:22', '2019-11-18 16:11:22'),
(214, 92, 2, 2, '2019-11-18 16:11:22', '2019-11-18 16:11:22'),
(215, 92, 3, 2, '2019-11-18 16:11:22', '2019-11-18 16:11:22'),
(216, 92, 4, 2, '2019-11-18 16:11:22', '2019-11-18 16:11:22'),
(217, 93, 1, 2, '2019-11-18 16:11:22', '2019-11-18 16:11:22'),
(218, 93, 2, 2, '2019-11-18 16:11:22', '2019-11-18 16:11:22'),
(219, 93, 3, 2, '2019-11-18 16:11:22', '2019-11-18 16:11:22'),
(220, 93, 4, 2, '2019-11-18 16:11:22', '2019-11-18 16:11:22'),
(221, 94, 1, 2, '2019-11-18 16:11:22', '2019-11-18 16:11:22'),
(222, 94, 2, 2, '2019-11-18 16:11:22', '2019-11-18 16:11:22'),
(223, 94, 3, 2, '2019-11-18 16:11:22', '2019-11-18 16:11:22'),
(224, 94, 4, 2, '2019-11-18 16:11:22', '2019-11-18 16:11:22'),
(225, 95, 1, 2, '2019-11-18 16:11:22', '2019-11-18 16:11:22'),
(226, 95, 2, 2, '2019-11-18 16:11:22', '2019-11-18 16:11:22'),
(227, 95, 3, 2, '2019-11-18 16:11:22', '2019-11-18 16:11:22'),
(228, 95, 4, 2, '2019-11-18 16:11:22', '2019-11-18 16:11:22'),
(229, 96, 1, 2, '2019-11-18 16:11:22', '2019-11-18 16:11:22'),
(230, 96, 2, 2, '2019-11-18 16:11:22', '2019-11-18 16:11:22'),
(231, 96, 3, 2, '2019-11-18 16:11:22', '2019-11-18 16:11:22'),
(232, 96, 4, 2, '2019-11-18 16:11:22', '2019-11-18 16:11:22'),
(233, 97, 1, 2, '2019-11-18 16:11:22', '2019-11-18 16:11:22'),
(234, 97, 2, 2, '2019-11-18 16:11:22', '2019-11-18 16:11:22'),
(235, 97, 3, 2, '2019-11-18 16:11:22', '2019-11-18 16:11:22'),
(236, 97, 4, 2, '2019-11-18 16:11:22', '2019-11-18 16:11:22'),
(237, 98, 1, 2, '2019-11-18 16:11:22', '2019-11-18 16:11:22'),
(238, 98, 2, 2, '2019-11-18 16:11:22', '2019-11-18 16:11:22'),
(239, 98, 3, 2, '2019-11-18 16:11:22', '2019-11-18 16:11:22'),
(240, 98, 4, 2, '2019-11-18 16:11:22', '2019-11-18 16:11:22'),
(241, 99, 1, 2, '2019-11-18 16:11:22', '2019-11-18 16:11:22'),
(242, 99, 2, 2, '2019-11-18 16:11:22', '2019-11-18 16:11:22'),
(243, 99, 3, 2, '2019-11-18 16:11:22', '2019-11-18 16:11:22'),
(244, 99, 4, 2, '2019-11-18 16:11:22', '2019-11-18 16:11:22'),
(245, 100, 1, 2, '2019-11-18 16:11:22', '2019-11-18 16:11:22'),
(246, 100, 2, 2, '2019-11-18 16:11:22', '2019-11-18 16:11:22'),
(247, 100, 3, 2, '2019-11-18 16:11:22', '2019-11-18 16:11:22'),
(248, 100, 4, 2, '2019-11-18 16:11:22', '2019-11-18 16:11:22'),
(249, 101, 1, 2, '2019-11-18 16:11:22', '2019-11-18 16:11:22'),
(250, 101, 2, 2, '2019-11-18 16:11:22', '2019-11-18 16:11:22'),
(251, 101, 3, 2, '2019-11-18 16:11:22', '2019-11-18 16:11:22'),
(252, 101, 4, 2, '2019-11-18 16:11:22', '2019-11-18 16:11:22'),
(253, 102, 1, 2, '2019-11-18 16:11:22', '2019-11-18 16:11:22'),
(254, 102, 2, 2, '2019-11-18 16:11:22', '2019-11-18 16:11:22'),
(255, 102, 3, 2, '2019-11-18 16:11:22', '2019-11-18 16:11:22'),
(256, 102, 4, 2, '2019-11-18 16:11:22', '2019-11-18 16:11:22'),
(257, 103, 1, 2, '2019-11-18 16:11:22', '2019-11-18 16:11:22'),
(258, 103, 2, 2, '2019-11-18 16:11:22', '2019-11-18 16:11:22'),
(259, 103, 3, 2, '2019-11-18 16:11:22', '2019-11-18 16:11:22'),
(260, 103, 4, 2, '2019-11-18 16:11:22', '2019-11-18 16:11:22'),
(261, 104, 1, 2, '2019-11-18 16:11:22', '2019-11-18 16:11:22'),
(262, 104, 2, 2, '2019-11-18 16:11:22', '2019-11-18 16:11:22'),
(263, 104, 3, 2, '2019-11-18 16:11:22', '2019-11-18 16:11:22'),
(264, 104, 4, 2, '2019-11-18 16:11:22', '2019-11-18 16:11:22'),
(265, 105, 1, 1, '2019-11-18 16:11:22', '2019-11-18 16:11:22'),
(266, 105, 2, 1, '2019-11-18 16:11:22', '2019-11-18 16:11:22'),
(267, 105, 3, 1, '2019-11-18 16:11:22', '2019-11-18 16:11:22'),
(268, 105, 4, 1, '2019-11-18 16:11:22', '2019-11-18 16:11:22'),
(269, 106, 1, 1, '2019-11-18 16:11:22', '2019-11-18 16:11:22'),
(270, 106, 2, 1, '2019-11-18 16:11:22', '2019-11-18 16:11:22'),
(271, 106, 3, 1, '2019-11-18 16:11:22', '2019-11-18 16:11:22'),
(272, 106, 4, 1, '2019-11-18 16:11:22', '2019-11-18 16:11:22'),
(273, 107, 1, 1, '2019-11-18 16:11:22', '2019-11-18 16:11:22'),
(274, 107, 2, 1, '2019-11-18 16:11:22', '2019-11-18 16:11:22'),
(275, 107, 3, 1, '2019-11-18 16:11:22', '2019-11-18 16:11:22'),
(276, 107, 4, 1, '2019-11-18 16:11:22', '2019-11-18 16:11:22'),
(277, 108, 1, 1, '2019-11-18 16:11:22', '2019-11-18 16:11:22'),
(278, 108, 2, 1, '2019-11-18 16:11:22', '2019-11-18 16:11:22'),
(279, 108, 3, 1, '2019-11-18 16:11:22', '2019-11-18 16:11:22'),
(280, 108, 4, 1, '2019-11-18 16:11:22', '2019-11-18 16:11:22'),
(281, 109, 1, 1, '2019-11-18 16:11:22', '2019-11-18 16:11:22'),
(282, 109, 2, 1, '2019-11-18 16:11:22', '2019-11-18 16:11:22'),
(283, 109, 3, 1, '2019-11-18 16:11:22', '2019-11-18 16:11:22'),
(284, 109, 4, 1, '2019-11-18 16:11:22', '2019-11-18 16:11:22'),
(285, 110, 1, 1, '2019-11-18 16:11:22', '2019-11-18 16:11:22'),
(286, 110, 2, 1, '2019-11-18 16:11:22', '2019-11-18 16:11:22'),
(287, 110, 3, 1, '2019-11-18 16:11:22', '2019-11-18 16:11:22'),
(288, 110, 4, 1, '2019-11-18 16:11:22', '2019-11-18 16:11:22'),
(289, 111, 1, 1, '2019-11-18 16:11:22', '2019-11-18 16:11:22'),
(290, 111, 2, 1, '2019-11-18 16:11:22', '2019-11-18 16:11:22'),
(291, 111, 3, 1, '2019-11-18 16:11:22', '2019-11-18 16:11:22'),
(292, 111, 4, 1, '2019-11-18 16:11:22', '2019-11-18 16:11:22'),
(293, 112, 1, 1, '2019-11-18 16:11:22', '2019-11-18 16:11:22'),
(294, 112, 2, 1, '2019-11-18 16:11:22', '2019-11-18 16:11:22'),
(295, 112, 3, 1, '2019-11-18 16:11:22', '2019-11-18 16:11:22'),
(296, 112, 4, 1, '2019-11-18 16:11:22', '2019-11-18 16:11:22'),
(297, 113, 1, 1, '2019-11-18 16:11:22', '2019-11-18 16:11:22'),
(298, 113, 2, 1, '2019-11-18 16:11:22', '2019-11-18 16:11:22'),
(299, 113, 3, 1, '2019-11-18 16:11:22', '2019-11-18 16:11:22'),
(300, 113, 4, 1, '2019-11-18 16:11:22', '2019-11-18 16:11:22'),
(301, 114, 1, 1, '2019-11-18 16:11:22', '2019-11-18 16:11:22'),
(302, 114, 2, 1, '2019-11-18 16:11:22', '2019-11-18 16:11:22'),
(303, 114, 3, 1, '2019-11-18 16:11:22', '2019-11-18 16:11:22'),
(304, 114, 4, 1, '2019-11-18 16:11:22', '2019-11-18 16:11:22'),
(305, 115, 1, 1, '2019-11-18 16:11:22', '2019-11-18 16:11:22'),
(306, 115, 2, 1, '2019-11-18 16:11:22', '2019-11-18 16:11:22'),
(307, 115, 3, 1, '2019-11-18 16:11:22', '2019-11-18 16:11:22'),
(308, 115, 4, 1, '2019-11-18 16:11:22', '2019-11-18 16:11:22'),
(309, 116, 1, 1, '2019-11-18 16:11:22', '2019-11-18 16:11:22'),
(310, 116, 2, 1, '2019-11-18 16:11:22', '2019-11-18 16:11:22'),
(311, 116, 3, 1, '2019-11-18 16:11:22', '2019-11-18 16:11:22'),
(312, 116, 4, 1, '2019-11-18 16:11:22', '2019-11-18 16:11:22'),
(313, 117, 1, 1, '2019-11-18 16:11:22', '2019-11-18 16:11:22'),
(314, 117, 2, 1, '2019-11-18 16:11:22', '2019-11-18 16:11:22'),
(315, 117, 3, 1, '2019-11-18 16:11:22', '2019-11-18 16:11:22'),
(316, 117, 4, 1, '2019-11-18 16:11:22', '2019-11-18 16:11:22'),
(317, 118, 1, 1, '2019-11-18 16:11:22', '2019-11-18 16:11:22'),
(318, 118, 2, 1, '2019-11-18 16:11:22', '2019-11-18 16:11:22'),
(319, 118, 3, 1, '2019-11-18 16:11:22', '2019-11-18 16:11:22'),
(320, 118, 4, 1, '2019-11-18 16:11:22', '2019-11-18 16:11:22'),
(321, 119, 1, 1, '2019-11-18 16:11:22', '2019-11-18 16:11:22'),
(322, 119, 2, 1, '2019-11-18 16:11:22', '2019-11-18 16:11:22'),
(323, 119, 3, 1, '2019-11-18 16:11:22', '2019-11-18 16:11:22'),
(324, 119, 4, 1, '2019-11-18 16:11:22', '2019-11-18 16:11:22'),
(329, 120, 1, 1, '2019-11-18 17:05:07', '2019-11-18 17:05:07'),
(330, 120, 2, 1, '2019-11-18 17:05:07', '2019-11-18 17:05:07'),
(331, 120, 3, 1, '2019-11-18 17:05:07', '2019-11-18 17:05:07'),
(332, 120, 4, 1, '2019-11-18 17:05:07', '2019-11-18 17:05:07'),
(333, 33, 10, 5, '2019-11-21 15:11:51', '2019-11-21 15:11:54'),
(334, 34, 10, 5, '2019-11-21 15:12:17', '2019-11-21 15:12:20'),
(335, 35, 10, 5, '2019-11-21 15:12:51', '2019-11-21 15:12:55'),
(336, 36, 10, 5, '2019-11-21 15:13:22', '2019-11-21 15:13:29'),
(337, 37, 10, 5, '2019-11-21 15:14:52', '2019-11-21 15:14:57'),
(338, 38, 10, 5, '2019-11-21 15:15:15', '2019-11-21 15:15:18'),
(339, 39, 10, 5, '2019-11-21 15:24:07', '2019-11-21 15:24:07'),
(340, 40, 10, 5, '2019-11-21 15:24:07', '2019-11-21 15:24:07'),
(341, 41, 10, 5, '2019-11-21 15:24:07', '2019-11-21 15:24:07'),
(342, 42, 10, 5, '2019-11-21 15:24:07', '2019-11-21 15:24:07'),
(343, 43, 10, 5, '2019-11-21 15:24:07', '2019-11-21 15:24:07'),
(344, 44, 10, 5, '2019-11-21 15:24:07', '2019-11-21 15:24:07'),
(345, 45, 10, 5, '2019-11-21 15:24:07', '2019-11-21 15:24:07'),
(346, 46, 10, 5, '2019-11-21 15:24:07', '2019-11-21 15:24:07'),
(347, 47, 10, 5, '2019-11-21 15:24:07', '2019-11-21 15:24:07'),
(348, 48, 10, 5, '2019-11-21 15:24:07', '2019-11-21 15:24:07'),
(349, 49, 10, 5, '2019-11-21 15:24:07', '2019-11-21 15:24:07'),
(350, 50, 10, 5, '2019-11-21 15:24:07', '2019-11-21 15:24:07'),
(351, 51, 10, 5, '2019-11-21 15:24:07', '2019-11-21 15:24:07'),
(352, 52, 10, 5, '2019-11-21 15:24:07', '2019-11-21 15:24:07'),
(353, 53, 10, 5, '2019-11-21 15:24:07', '2019-11-21 15:24:07'),
(354, 54, 10, 5, '2019-11-21 15:24:07', '2019-11-21 15:24:07'),
(355, 55, 10, 5, '2019-11-21 15:24:07', '2019-11-21 15:24:07'),
(356, 56, 10, 5, '2019-11-21 15:24:07', '2019-11-21 15:24:07'),
(357, 57, 10, 5, '2019-11-21 15:24:07', '2019-11-21 15:24:07'),
(358, 58, 10, 5, '2019-11-21 15:24:07', '2019-11-21 15:24:07'),
(359, 59, 10, 5, '2019-11-21 15:24:07', '2019-11-21 15:24:07'),
(360, 60, 10, 5, '2019-11-21 15:24:07', '2019-11-21 15:24:07'),
(361, 61, 10, 5, '2019-11-21 15:24:07', '2019-11-21 15:24:07'),
(362, 62, 10, 5, '2019-11-21 15:24:07', '2019-11-21 15:24:07'),
(363, 63, 10, 5, '2019-11-21 15:24:07', '2019-11-21 15:24:07'),
(364, 64, 10, 5, '2019-11-21 15:24:07', '2019-11-21 15:24:07'),
(365, 65, 10, 5, '2019-11-21 15:24:07', '2019-11-21 15:24:07'),
(366, 66, 10, 5, '2019-11-21 15:24:07', '2019-11-21 15:24:07'),
(367, 67, 10, 5, '2019-11-21 15:24:07', '2019-11-21 15:24:07'),
(368, 68, 10, 5, '2019-11-21 15:24:07', '2019-11-21 15:24:07'),
(369, 69, 10, 5, '2019-11-21 15:24:07', '2019-11-21 15:24:07'),
(370, 70, 10, 5, '2019-11-21 15:24:07', '2019-11-21 15:24:07'),
(371, 71, 10, 5, '2019-11-21 15:24:07', '2019-11-21 15:24:07'),
(372, 72, 10, 5, '2019-11-21 15:24:07', '2019-11-21 15:24:07'),
(373, 73, 10, 5, '2019-11-21 15:24:07', '2019-11-21 15:24:07'),
(374, 74, 10, 5, '2019-11-21 15:24:07', '2019-11-21 15:24:07'),
(375, 75, 10, 5, '2019-11-21 15:24:07', '2019-11-21 15:24:07');

-- --------------------------------------------------------

--
-- Table structure for table `sizes`
--

CREATE TABLE `sizes` (
  `id` bigint(20) NOT NULL,
  `name` varchar(10) NOT NULL,
  `created_at` datetime NOT NULL,
  `updated_at` datetime NOT NULL
) ENGINE=InnoDB DEFAULT CHARSET=utf8;

--
-- Dumping data for table `sizes`
--

INSERT INTO `sizes` (`id`, `name`, `created_at`, `updated_at`) VALUES
(1, 'L', '2019-11-18 15:43:46', '2019-11-18 15:43:46'),
(2, 'M', '2019-11-18 15:43:46', '2019-11-18 15:43:46'),
(3, 'XL', '2019-11-18 15:43:46', '2019-11-18 15:43:46'),
(4, 'XXL', '2019-11-18 15:43:46', '2019-11-18 15:43:46'),
(5, '39', '2019-11-18 15:43:46', '2019-11-18 15:43:46'),
(6, '40', '2019-11-18 15:43:46', '2019-11-18 15:43:46'),
(7, '41', '2019-11-18 15:43:46', '2019-11-18 15:43:46'),
(8, '42', '2019-11-18 15:43:46', '2019-11-18 15:43:46'),
(9, '43', '2019-11-18 15:43:46', '2019-11-18 15:43:46'),
(10, 'Only Size', '2019-11-21 15:09:35', '2019-11-21 15:09:38');

-- --------------------------------------------------------

--
-- Table structure for table `users`
--

CREATE TABLE `users` (
  `id` bigint(20) NOT NULL,
  `name` varchar(60) NOT NULL,
  `address` varchar(255) NOT NULL,
  `phone_number` varchar(20) NOT NULL,
  `email` varchar(100) NOT NULL,
  `password` varchar(255) NOT NULL,
  `role` int(11) NOT NULL,
  `created_at` datetime NOT NULL,
  `updated_at` datetime NOT NULL
) ENGINE=InnoDB DEFAULT CHARSET=utf8;

--
-- Dumping data for table `users`
--

INSERT INTO `users` (`id`, `name`, `address`, `phone_number`, `email`, `password`, `role`, `created_at`, `updated_at`) VALUES
(1, 'Admin', 'HN', '0987654321', 'admin@gmail.com', '$2y$10$1osan5eHLH12TJyJP5MEruOUXsY6PGp4hBdOdEv/LKkO4figw.mAu', 1, '2019-11-13 19:04:43', '2019-12-03 22:09:19'),
(17, 'Ngô Đức Nam', 'HN', '0356969828', 'nam@gmail.com', '$2y$10$oe1/l6GuglSMjczkiVluA.VMoEEYguD9.DxIU7u06sOhn5mUWIoMS', 2, '2019-11-13 22:49:21', '2019-11-19 23:44:21'),
(18, 'nam', 'ádad', '0356969828', 'duc@gmail.com', '$2y$10$XO3GlOjjv19AOfG2yCiOmu7ckHZ6NFsAmHdWU2saDHPs9FWdI1E6u', 2, '2019-11-27 14:08:14', '2019-11-27 14:08:14');

--
-- Indexes for dumped tables
--

--
-- Indexes for table `brands`
--
ALTER TABLE `brands`
  ADD PRIMARY KEY (`id`);

--
-- Indexes for table `carts`
--
ALTER TABLE `carts`
  ADD PRIMARY KEY (`id`);

--
-- Indexes for table `categories`
--
ALTER TABLE `categories`
  ADD PRIMARY KEY (`id`);

--
-- Indexes for table `comments`
--
ALTER TABLE `comments`
  ADD PRIMARY KEY (`id`);

--
-- Indexes for table `orders`
--
ALTER TABLE `orders`
  ADD PRIMARY KEY (`id`);

--
-- Indexes for table `order_details`
--
ALTER TABLE `order_details`
  ADD PRIMARY KEY (`id`);

--
-- Indexes for table `partners`
--
ALTER TABLE `partners`
  ADD PRIMARY KEY (`id`),
  ADD KEY `email_unique` (`email`);

--
-- Indexes for table `products`
--
ALTER TABLE `products`
  ADD PRIMARY KEY (`id`);

--
-- Indexes for table `product_size`
--
ALTER TABLE `product_size`
  ADD PRIMARY KEY (`id`);

--
-- Indexes for table `sizes`
--
ALTER TABLE `sizes`
  ADD PRIMARY KEY (`id`);

--
-- Indexes for table `users`
--
ALTER TABLE `users`
  ADD PRIMARY KEY (`id`),
  ADD UNIQUE KEY `email_unique` (`email`);

--
-- AUTO_INCREMENT for dumped tables
--

--
-- AUTO_INCREMENT for table `brands`
--
ALTER TABLE `brands`
  MODIFY `id` bigint(20) NOT NULL AUTO_INCREMENT, AUTO_INCREMENT=2;

--
-- AUTO_INCREMENT for table `carts`
--
ALTER TABLE `carts`
  MODIFY `id` bigint(20) NOT NULL AUTO_INCREMENT, AUTO_INCREMENT=6;

--
-- AUTO_INCREMENT for table `categories`
--
ALTER TABLE `categories`
  MODIFY `id` bigint(20) NOT NULL AUTO_INCREMENT, AUTO_INCREMENT=9;

--
-- AUTO_INCREMENT for table `comments`
--
ALTER TABLE `comments`
  MODIFY `id` bigint(20) NOT NULL AUTO_INCREMENT, AUTO_INCREMENT=23;

--
-- AUTO_INCREMENT for table `orders`
--
ALTER TABLE `orders`
  MODIFY `id` bigint(20) NOT NULL AUTO_INCREMENT, AUTO_INCREMENT=14;

--
-- AUTO_INCREMENT for table `order_details`
--
ALTER TABLE `order_details`
  MODIFY `id` bigint(20) NOT NULL AUTO_INCREMENT, AUTO_INCREMENT=2207;

--
-- AUTO_INCREMENT for table `partners`
--
ALTER TABLE `partners`
  MODIFY `id` bigint(20) NOT NULL AUTO_INCREMENT, AUTO_INCREMENT=5;

--
-- AUTO_INCREMENT for table `products`
--
ALTER TABLE `products`
  MODIFY `id` bigint(20) NOT NULL AUTO_INCREMENT, AUTO_INCREMENT=125;

--
-- AUTO_INCREMENT for table `product_size`
--
ALTER TABLE `product_size`
  MODIFY `id` bigint(20) NOT NULL AUTO_INCREMENT, AUTO_INCREMENT=376;

--
-- AUTO_INCREMENT for table `sizes`
--
ALTER TABLE `sizes`
  MODIFY `id` bigint(20) NOT NULL AUTO_INCREMENT, AUTO_INCREMENT=11;

--
-- AUTO_INCREMENT for table `users`
--
ALTER TABLE `users`
  MODIFY `id` bigint(20) NOT NULL AUTO_INCREMENT, AUTO_INCREMENT=19;
COMMIT;

/*!40101 SET CHARACTER_SET_CLIENT=@OLD_CHARACTER_SET_CLIENT */;
/*!40101 SET CHARACTER_SET_RESULTS=@OLD_CHARACTER_SET_RESULTS */;
/*!40101 SET COLLATION_CONNECTION=@OLD_COLLATION_CONNECTION */;
