-- phpMyAdmin SQL Dump
-- version 4.8.3
-- https://www.phpmyadmin.net/
--
-- Host: localhost:7888
-- Generation Time: Dec 15, 2019 at 06:19 PM
-- Server version: 5.7.24-log
-- PHP Version: 7.2.10

SET SQL_MODE = "NO_AUTO_VALUE_ON_ZERO";
SET AUTOCOMMIT = 0;
START TRANSACTION;
SET time_zone = "+00:00";


/*!40101 SET @OLD_CHARACTER_SET_CLIENT=@@CHARACTER_SET_CLIENT */;
/*!40101 SET @OLD_CHARACTER_SET_RESULTS=@@CHARACTER_SET_RESULTS */;
/*!40101 SET @OLD_COLLATION_CONNECTION=@@COLLATION_CONNECTION */;
/*!40101 SET NAMES utf8mb4 */;

--
-- Database: `vtcs_dev`
--

-- --------------------------------------------------------

--
-- Table structure for table `brands`
--

CREATE TABLE `brands` (
  `id` bigint(20) NOT NULL,
  `name` varchar(60) NOT NULL,
  `created_at` datetime NOT NULL,
  `updated_at` datetime NOT NULL
) ENGINE=InnoDB DEFAULT CHARSET=utf8;

--
-- Dumping data for table `brands`
--

INSERT INTO `brands` (`id`, `name`, `created_at`, `updated_at`) VALUES
(1, 'Adam', '2019-11-18 15:10:03', '2019-11-18 15:10:03');

-- --------------------------------------------------------

--
-- Table structure for table `carts`
--

CREATE TABLE `carts` (
  `id` bigint(20) NOT NULL,
  `user_id` bigint(20) NOT NULL,
  `product_id` bigint(20) NOT NULL,
  `size_id` bigint(10) NOT NULL,
  `quantity` bigint(11) NOT NULL,
  `created_at` datetime NOT NULL,
  `updated_at` datetime NOT NULL
) ENGINE=InnoDB DEFAULT CHARSET=utf8;

-- --------------------------------------------------------

--
-- Table structure for table `categories`
--

CREATE TABLE `categories` (
  `id` bigint(20) NOT NULL,
  `name` varchar(60) NOT NULL,
  `created_at` datetime NOT NULL,
  `updated_at` datetime NOT NULL
) ENGINE=InnoDB DEFAULT CHARSET=utf8;

--
-- Dumping data for table `categories`
--

INSERT INTO `categories` (`id`, `name`, `created_at`, `updated_at`) VALUES
(1, 'VEST', '2019-11-18 15:20:21', '2019-11-18 15:20:21'),
(2, 'SƠ MI', '2019-11-18 15:20:21', '2019-11-18 15:20:21'),
(3, 'CARAVAT', '2019-11-18 15:20:21', '2019-11-18 15:20:21'),
(4, 'NƠ', '2019-11-18 15:20:21', '2019-11-18 15:20:21'),
(5, 'KHĂN CÀI VEST', '2019-11-18 15:20:21', '2019-11-18 15:20:21'),
(6, 'GIÀY DA', '2019-11-18 15:20:21', '2019-11-18 15:20:21'),
(7, 'ÁO DA', '2019-11-18 15:20:21', '2019-11-18 15:20:21'),
(8, 'QUẦN ÂU', '2019-11-18 15:20:21', '2019-11-18 15:20:21');

-- --------------------------------------------------------

--
-- Table structure for table `comments`
--

CREATE TABLE `comments` (
  `id` bigint(20) NOT NULL,
  `user_id` bigint(20) NOT NULL,
  `product_id` bigint(20) NOT NULL,
  `content` varchar(255) NOT NULL,
  `active` varchar(255) NOT NULL,
  `created_at` datetime NOT NULL,
  `updated_at` datetime NOT NULL
) ENGINE=InnoDB DEFAULT CHARSET=utf8;

--
-- Dumping data for table `comments`
--

INSERT INTO `comments` (`id`, `user_id`, `product_id`, `content`, `active`, `created_at`, `updated_at`) VALUES
(1, 17, 4, 'kjshdfkjdfshkjsd', 'Bật', '2019-11-22 16:56:37', '2019-11-22 16:56:37'),
(2, 17, 93, 'ok', 'Bật', '2019-11-22 17:10:38', '2019-12-03 22:45:59'),
(3, 17, 9, 'ok', 'Bật', '2019-11-22 17:10:46', '2019-11-22 17:10:46'),
(4, 17, 1, 'asdasd', 'Bật', '2019-11-22 18:08:58', '2019-11-22 18:08:58'),
(5, 17, 1, 'asljdalksdj', 'Bật', '2019-11-22 18:09:04', '2019-11-22 18:09:04'),
(6, 17, 16, 'sdflksjfklsjf', 'Bật', '2019-11-24 18:27:44', '2019-11-24 18:27:44'),
(7, 17, 16, 'lsdjflsdf', 'Bật', '2019-11-24 18:29:07', '2019-11-24 18:29:07'),
(8, 17, 16, 'aaaaaa', 'Bật', '2019-11-24 19:54:33', '2019-11-24 19:54:33'),
(9, 17, 16, 'sdfsdfsdf', 'Bật', '2019-11-24 20:06:31', '2019-11-24 20:06:31'),
(10, 17, 1, 'ádasdasd', 'Bật', '2019-11-24 20:07:09', '2019-11-24 20:07:09'),
(11, 17, 16, 'sdfsdf', 'Bật', '2019-11-24 20:07:32', '2019-11-24 20:07:32'),
(12, 17, 16, 'sdfsdf', 'Bật', '2019-11-24 20:07:59', '2019-11-24 20:07:59'),
(13, 17, 16, 'lfkjdslkfjslkdf', 'Bật', '2019-11-24 20:08:07', '2019-11-24 20:08:07'),
(14, 17, 16, 'asdasd', 'Bật', '2019-11-24 23:58:44', '2019-11-24 23:58:44'),
(15, 17, 16, 'aaaaaaaaaaaaaaa', 'Bật', '2019-11-24 23:58:53', '2019-11-24 23:58:53'),
(16, 17, 2, 'aaaa', 'Bật', '2019-11-25 02:20:18', '2019-11-25 02:20:18'),
(17, 17, 5, 'ahihi', 'Bật', '2019-11-25 14:15:31', '2019-11-25 14:15:31'),
(18, 17, 31, 'đẹp đấy', 'Bật', '2019-11-27 03:27:53', '2019-11-27 03:27:53'),
(19, 17, 2, 'uuuuuuuuuuuuu', 'Bật', '2019-11-27 03:35:18', '2019-11-27 03:35:18'),
(20, 17, 92, 'kjasdkljaf', 'Bật', '2019-11-27 14:17:16', '2019-12-04 15:36:24'),
(21, 17, 93, 'skdlfjdsklfjlksdjflsdjflksdjlkfjsdfjdslkfjksdjfklsdjfklsfd', 'Bật', '2019-11-27 14:25:01', '2019-12-04 15:27:06'),
(22, 17, 93, 'ksdjfskldjfklsd', 'Bật', '2019-11-27 14:27:54', '2019-12-04 15:27:14');

-- --------------------------------------------------------

--
-- Table structure for table `orders`
--

CREATE TABLE `orders` (
  `id` bigint(20) NOT NULL,
  `user_id` bigint(20) NOT NULL,
  `partner_id` bigint(20) NOT NULL,
  `status` varchar(50) NOT NULL,
  `created_at` datetime NOT NULL,
  `updated_at` datetime NOT NULL
) ENGINE=InnoDB DEFAULT CHARSET=utf8;

--
-- Dumping data for table `orders`
--

INSERT INTO `orders` (`id`, `user_id`, `partner_id`, `status`, `created_at`, `updated_at`) VALUES
(17, 17, 3, 'Đang xử lý', '2019-12-14 03:12:24', '2019-12-14 03:12:24'),
(18, 17, 3, 'Đang xử lý', '2019-12-14 03:31:28', '2019-12-14 03:31:28'),
(19, 17, 3, 'Đang xử lý', '2019-12-14 03:35:32', '2019-12-14 03:35:32');

-- --------------------------------------------------------

--
-- Table structure for table `order_details`
--

CREATE TABLE `order_details` (
  `id` bigint(20) NOT NULL,
  `order_id` bigint(20) NOT NULL,
  `product_id` bigint(20) NOT NULL,
  `size_name` varchar(20) NOT NULL,
  `price` double NOT NULL,
  `quantity` bigint(20) NOT NULL,
  `created_at` datetime NOT NULL,
  `updated_at` datetime NOT NULL
) ENGINE=InnoDB DEFAULT CHARSET=utf8;

--
-- Dumping data for table `order_details`
--

INSERT INTO `order_details` (`id`, `order_id`, `product_id`, `size_name`, `price`, `quantity`, `created_at`, `updated_at`) VALUES
(1001, 8, 18, 'L', 650000, 1, '2019-12-13 16:45:15', '2019-12-13 16:45:15'),
(1002, 8, 18, 'L', 650000, 1, '2019-12-13 16:45:15', '2019-12-13 16:45:15'),
(1003, 8, 18, 'L', 650000, 1, '2019-12-13 16:45:15', '2019-12-13 16:45:15'),
(1004, 8, 18, 'L', 650000, 1, '2019-12-13 16:45:16', '2019-12-13 16:45:16'),
(1005, 8, 18, 'L', 650000, 1, '2019-12-13 16:45:16', '2019-12-13 16:45:16'),
(1006, 8, 18, 'L', 650000, 1, '2019-12-13 16:45:16', '2019-12-13 16:45:16'),
(1007, 8, 18, 'L', 650000, 1, '2019-12-13 16:45:16', '2019-12-13 16:45:16'),
(1008, 8, 18, 'L', 650000, 1, '2019-12-13 16:45:16', '2019-12-13 16:45:16'),
(1009, 8, 18, 'L', 650000, 1, '2019-12-13 16:45:16', '2019-12-13 16:45:16'),
(1010, 8, 18, 'L', 650000, 1, '2019-12-13 16:45:16', '2019-12-13 16:45:16'),
(1011, 8, 18, 'L', 650000, 1, '2019-12-13 16:45:16', '2019-12-13 16:45:16'),
(1012, 8, 18, 'L', 650000, 1, '2019-12-13 16:45:16', '2019-12-13 16:45:16'),
(1013, 8, 18, 'L', 650000, 1, '2019-12-13 16:45:16', '2019-12-13 16:45:16'),
(1014, 8, 18, 'L', 650000, 1, '2019-12-13 16:45:16', '2019-12-13 16:45:16'),
(1015, 8, 18, 'L', 650000, 1, '2019-12-13 16:45:16', '2019-12-13 16:45:16'),
(1016, 8, 18, 'L', 650000, 1, '2019-12-13 16:45:16', '2019-12-13 16:45:16'),
(1017, 8, 18, 'L', 650000, 1, '2019-12-13 16:45:16', '2019-12-13 16:45:16'),
(1018, 8, 18, 'L', 650000, 1, '2019-12-13 16:45:16', '2019-12-13 16:45:16'),
(1019, 8, 18, 'L', 650000, 1, '2019-12-13 16:45:16', '2019-12-13 16:45:16'),
(1020, 8, 18, 'L', 650000, 1, '2019-12-13 16:45:16', '2019-12-13 16:45:16'),
(1021, 8, 18, 'L', 650000, 1, '2019-12-13 16:45:16', '2019-12-13 16:45:16'),
(1022, 8, 18, 'L', 650000, 1, '2019-12-13 16:45:16', '2019-12-13 16:45:16'),
(1023, 8, 18, 'L', 650000, 1, '2019-12-13 16:45:16', '2019-12-13 16:45:16'),
(1024, 8, 18, 'L', 650000, 1, '2019-12-13 16:45:16', '2019-12-13 16:45:16'),
(1025, 8, 18, 'L', 650000, 1, '2019-12-13 16:45:17', '2019-12-13 16:45:17'),
(1026, 8, 18, 'L', 650000, 1, '2019-12-13 16:45:17', '2019-12-13 16:45:17'),
(1027, 8, 18, 'L', 650000, 1, '2019-12-13 16:45:17', '2019-12-13 16:45:17'),
(1028, 8, 18, 'L', 650000, 1, '2019-12-13 16:45:17', '2019-12-13 16:45:17'),
(1029, 8, 18, 'L', 650000, 1, '2019-12-13 16:45:17', '2019-12-13 16:45:17'),
(1030, 8, 18, 'L', 650000, 1, '2019-12-13 16:45:17', '2019-12-13 16:45:17'),
(1031, 8, 18, 'L', 650000, 1, '2019-12-13 16:45:17', '2019-12-13 16:45:17'),
(1032, 8, 18, 'L', 650000, 1, '2019-12-13 16:45:17', '2019-12-13 16:45:17'),
(1033, 8, 18, 'L', 650000, 1, '2019-12-13 16:45:17', '2019-12-13 16:45:17'),
(1034, 8, 18, 'L', 650000, 1, '2019-12-13 16:45:17', '2019-12-13 16:45:17'),
(1035, 8, 18, 'L', 650000, 1, '2019-12-13 16:45:17', '2019-12-13 16:45:17'),
(1036, 8, 18, 'L', 650000, 1, '2019-12-13 16:45:17', '2019-12-13 16:45:17'),
(1037, 8, 18, 'L', 650000, 1, '2019-12-13 16:45:17', '2019-12-13 16:45:17'),
(1038, 8, 18, 'L', 650000, 1, '2019-12-13 16:45:17', '2019-12-13 16:45:17'),
(1039, 8, 18, 'L', 650000, 1, '2019-12-13 16:45:17', '2019-12-13 16:45:17'),
(1040, 8, 18, 'L', 650000, 1, '2019-12-13 16:45:17', '2019-12-13 16:45:17'),
(1041, 8, 18, 'L', 650000, 1, '2019-12-13 16:45:17', '2019-12-13 16:45:17'),
(1042, 8, 18, 'L', 650000, 1, '2019-12-13 16:45:17', '2019-12-13 16:45:17'),
(1043, 8, 18, 'L', 650000, 1, '2019-12-13 16:45:17', '2019-12-13 16:45:17'),
(1044, 8, 18, 'L', 650000, 1, '2019-12-13 16:45:17', '2019-12-13 16:45:17'),
(1045, 8, 18, 'L', 650000, 1, '2019-12-13 16:45:18', '2019-12-13 16:45:18'),
(1046, 8, 18, 'L', 650000, 1, '2019-12-13 16:45:18', '2019-12-13 16:45:18'),
(1047, 8, 18, 'L', 650000, 1, '2019-12-13 16:45:18', '2019-12-13 16:45:18'),
(1048, 8, 18, 'L', 650000, 1, '2019-12-13 16:45:18', '2019-12-13 16:45:18'),
(1049, 8, 18, 'L', 650000, 1, '2019-12-13 16:45:18', '2019-12-13 16:45:18'),
(1050, 8, 18, 'L', 650000, 1, '2019-12-13 16:45:18', '2019-12-13 16:45:18'),
(1051, 8, 18, 'L', 650000, 1, '2019-12-13 16:45:18', '2019-12-13 16:45:18'),
(1052, 8, 18, 'L', 650000, 1, '2019-12-13 16:45:18', '2019-12-13 16:45:18'),
(1053, 8, 18, 'L', 650000, 1, '2019-12-13 16:45:18', '2019-12-13 16:45:18'),
(1054, 8, 18, 'L', 650000, 1, '2019-12-13 16:45:18', '2019-12-13 16:45:18'),
(1055, 8, 18, 'L', 650000, 1, '2019-12-13 16:45:18', '2019-12-13 16:45:18'),
(1056, 8, 18, 'L', 650000, 1, '2019-12-13 16:45:18', '2019-12-13 16:45:18'),
(1057, 8, 18, 'L', 650000, 1, '2019-12-13 16:45:18', '2019-12-13 16:45:18'),
(1058, 8, 18, 'L', 650000, 1, '2019-12-13 16:45:18', '2019-12-13 16:45:18'),
(1059, 8, 18, 'L', 650000, 1, '2019-12-13 16:45:18', '2019-12-13 16:45:18'),
(1060, 8, 18, 'L', 650000, 1, '2019-12-13 16:45:18', '2019-12-13 16:45:18'),
(1061, 8, 18, 'L', 650000, 1, '2019-12-13 16:45:18', '2019-12-13 16:45:18'),
(1062, 8, 18, 'L', 650000, 1, '2019-12-13 16:45:18', '2019-12-13 16:45:18'),
(1063, 8, 18, 'L', 650000, 1, '2019-12-13 16:45:18', '2019-12-13 16:45:18'),
(1064, 8, 18, 'L', 650000, 1, '2019-12-13 16:45:18', '2019-12-13 16:45:18'),
(1065, 8, 18, 'L', 650000, 1, '2019-12-13 16:45:18', '2019-12-13 16:45:18'),
(1066, 8, 18, 'L', 650000, 1, '2019-12-13 16:45:18', '2019-12-13 16:45:18'),
(1067, 8, 18, 'L', 650000, 1, '2019-12-13 16:45:19', '2019-12-13 16:45:19'),
(1068, 8, 18, 'L', 650000, 1, '2019-12-13 16:45:19', '2019-12-13 16:45:19'),
(1069, 8, 18, 'L', 650000, 1, '2019-12-13 16:45:19', '2019-12-13 16:45:19'),
(1070, 8, 18, 'L', 650000, 1, '2019-12-13 16:45:19', '2019-12-13 16:45:19'),
(1071, 8, 18, 'L', 650000, 1, '2019-12-13 16:45:19', '2019-12-13 16:45:19'),
(1072, 8, 18, 'L', 650000, 1, '2019-12-13 16:45:19', '2019-12-13 16:45:19'),
(1073, 8, 18, 'L', 650000, 1, '2019-12-13 16:45:19', '2019-12-13 16:45:19'),
(1074, 8, 18, 'L', 650000, 1, '2019-12-13 16:45:19', '2019-12-13 16:45:19'),
(1075, 8, 18, 'L', 650000, 1, '2019-12-13 16:45:19', '2019-12-13 16:45:19'),
(1076, 8, 18, 'L', 650000, 1, '2019-12-13 16:45:19', '2019-12-13 16:45:19'),
(1077, 8, 18, 'L', 650000, 1, '2019-12-13 16:45:19', '2019-12-13 16:45:19'),
(1078, 8, 18, 'L', 650000, 1, '2019-12-13 16:45:19', '2019-12-13 16:45:19'),
(1079, 8, 18, 'L', 650000, 1, '2019-12-13 16:45:19', '2019-12-13 16:45:19'),
(1080, 8, 18, 'L', 650000, 1, '2019-12-13 16:45:19', '2019-12-13 16:45:19'),
(1081, 8, 18, 'L', 650000, 1, '2019-12-13 16:45:19', '2019-12-13 16:45:19'),
(1082, 8, 18, 'L', 650000, 1, '2019-12-13 16:45:19', '2019-12-13 16:45:19'),
(1083, 8, 18, 'L', 650000, 1, '2019-12-13 16:45:19', '2019-12-13 16:45:19'),
(1084, 8, 18, 'L', 650000, 1, '2019-12-13 16:45:19', '2019-12-13 16:45:19'),
(1085, 8, 18, 'L', 650000, 1, '2019-12-13 16:45:19', '2019-12-13 16:45:19'),
(1086, 8, 18, 'L', 650000, 1, '2019-12-13 16:45:19', '2019-12-13 16:45:19'),
(1087, 8, 18, 'L', 650000, 1, '2019-12-13 16:45:20', '2019-12-13 16:45:20'),
(1088, 8, 18, 'L', 650000, 1, '2019-12-13 16:45:20', '2019-12-13 16:45:20'),
(1089, 8, 18, 'L', 650000, 1, '2019-12-13 16:45:20', '2019-12-13 16:45:20'),
(1090, 8, 18, 'L', 650000, 1, '2019-12-13 16:45:20', '2019-12-13 16:45:20'),
(1091, 8, 18, 'L', 650000, 1, '2019-12-13 16:45:20', '2019-12-13 16:45:20'),
(1092, 8, 18, 'L', 650000, 1, '2019-12-13 16:45:20', '2019-12-13 16:45:20'),
(1093, 8, 18, 'L', 650000, 1, '2019-12-13 16:45:20', '2019-12-13 16:45:20'),
(1094, 8, 18, 'L', 650000, 1, '2019-12-13 16:45:20', '2019-12-13 16:45:20'),
(1095, 8, 18, 'L', 650000, 1, '2019-12-13 16:45:20', '2019-12-13 16:45:20'),
(1096, 8, 18, 'L', 650000, 1, '2019-12-13 16:45:20', '2019-12-13 16:45:20'),
(1097, 8, 18, 'L', 650000, 1, '2019-12-13 16:45:20', '2019-12-13 16:45:20'),
(1098, 8, 18, 'L', 650000, 1, '2019-12-13 16:45:20', '2019-12-13 16:45:20'),
(1099, 8, 18, 'L', 650000, 1, '2019-12-13 16:45:20', '2019-12-13 16:45:20'),
(1100, 8, 18, 'L', 650000, 1, '2019-12-13 16:45:20', '2019-12-13 16:45:20'),
(1101, 8, 18, 'L', 650000, 1, '2019-12-13 16:45:20', '2019-12-13 16:45:20'),
(1102, 10, 18, 'L', 1300000, 2, '2019-12-13 16:51:44', '2019-12-13 16:51:44'),
(1103, 10, 18, 'L', 1300000, 2, '2019-12-13 16:51:44', '2019-12-13 16:51:44'),
(1104, 10, 18, 'L', 1300000, 2, '2019-12-13 16:51:44', '2019-12-13 16:51:44'),
(1105, 10, 18, 'L', 1300000, 2, '2019-12-13 16:51:44', '2019-12-13 16:51:44'),
(1106, 10, 18, 'L', 1300000, 2, '2019-12-13 16:51:44', '2019-12-13 16:51:44'),
(1107, 10, 18, 'L', 1300000, 2, '2019-12-13 16:51:44', '2019-12-13 16:51:44'),
(1108, 10, 18, 'L', 1300000, 2, '2019-12-13 16:51:44', '2019-12-13 16:51:44'),
(1109, 10, 18, 'L', 1300000, 2, '2019-12-13 16:51:44', '2019-12-13 16:51:44'),
(1110, 10, 18, 'L', 1300000, 2, '2019-12-13 16:51:44', '2019-12-13 16:51:44'),
(1111, 10, 18, 'L', 1300000, 2, '2019-12-13 16:51:44', '2019-12-13 16:51:44'),
(1112, 10, 18, 'L', 1300000, 2, '2019-12-13 16:51:44', '2019-12-13 16:51:44'),
(1113, 10, 18, 'L', 1300000, 2, '2019-12-13 16:51:44', '2019-12-13 16:51:44'),
(1114, 10, 18, 'L', 1300000, 2, '2019-12-13 16:51:45', '2019-12-13 16:51:45'),
(1115, 10, 18, 'L', 1300000, 2, '2019-12-13 16:51:45', '2019-12-13 16:51:45'),
(1116, 10, 18, 'L', 1300000, 2, '2019-12-13 16:51:45', '2019-12-13 16:51:45'),
(1117, 10, 18, 'L', 1300000, 2, '2019-12-13 16:51:45', '2019-12-13 16:51:45'),
(1118, 10, 18, 'L', 1300000, 2, '2019-12-13 16:51:45', '2019-12-13 16:51:45'),
(1119, 10, 18, 'L', 1300000, 2, '2019-12-13 16:51:45', '2019-12-13 16:51:45'),
(1120, 10, 18, 'L', 1300000, 2, '2019-12-13 16:51:45', '2019-12-13 16:51:45'),
(1121, 10, 18, 'L', 1300000, 2, '2019-12-13 16:51:45', '2019-12-13 16:51:45'),
(1122, 10, 18, 'L', 1300000, 2, '2019-12-13 16:51:45', '2019-12-13 16:51:45'),
(1123, 10, 18, 'L', 1300000, 2, '2019-12-13 16:51:45', '2019-12-13 16:51:45'),
(1124, 10, 18, 'L', 1300000, 2, '2019-12-13 16:51:45', '2019-12-13 16:51:45'),
(1125, 10, 18, 'L', 1300000, 2, '2019-12-13 16:51:45', '2019-12-13 16:51:45'),
(1126, 10, 18, 'L', 1300000, 2, '2019-12-13 16:51:45', '2019-12-13 16:51:45'),
(1127, 10, 18, 'L', 1300000, 2, '2019-12-13 16:51:45', '2019-12-13 16:51:45'),
(1128, 10, 18, 'L', 1300000, 2, '2019-12-13 16:51:45', '2019-12-13 16:51:45'),
(1129, 10, 18, 'L', 1300000, 2, '2019-12-13 16:51:45', '2019-12-13 16:51:45'),
(1130, 10, 18, 'L', 1300000, 2, '2019-12-13 16:51:45', '2019-12-13 16:51:45'),
(1131, 10, 18, 'L', 1300000, 2, '2019-12-13 16:51:45', '2019-12-13 16:51:45'),
(1132, 10, 18, 'L', 1300000, 2, '2019-12-13 16:51:45', '2019-12-13 16:51:45'),
(1133, 10, 18, 'L', 1300000, 2, '2019-12-13 16:51:45', '2019-12-13 16:51:45'),
(1134, 10, 18, 'L', 1300000, 2, '2019-12-13 16:51:45', '2019-12-13 16:51:45'),
(1135, 10, 18, 'L', 1300000, 2, '2019-12-13 16:51:45', '2019-12-13 16:51:45'),
(1136, 10, 18, 'L', 1300000, 2, '2019-12-13 16:51:46', '2019-12-13 16:51:46'),
(1137, 10, 18, 'L', 1300000, 2, '2019-12-13 16:51:46', '2019-12-13 16:51:46'),
(1138, 10, 18, 'L', 1300000, 2, '2019-12-13 16:51:46', '2019-12-13 16:51:46'),
(1139, 10, 18, 'L', 1300000, 2, '2019-12-13 16:51:46', '2019-12-13 16:51:46'),
(1140, 10, 18, 'L', 1300000, 2, '2019-12-13 16:51:46', '2019-12-13 16:51:46'),
(1141, 10, 18, 'L', 1300000, 2, '2019-12-13 16:51:46', '2019-12-13 16:51:46'),
(1142, 10, 18, 'L', 1300000, 2, '2019-12-13 16:51:46', '2019-12-13 16:51:46'),
(1143, 10, 18, 'L', 1300000, 2, '2019-12-13 16:51:46', '2019-12-13 16:51:46'),
(1144, 10, 18, 'L', 1300000, 2, '2019-12-13 16:51:46', '2019-12-13 16:51:46'),
(1145, 10, 18, 'L', 1300000, 2, '2019-12-13 16:51:46', '2019-12-13 16:51:46'),
(1146, 10, 18, 'L', 1300000, 2, '2019-12-13 16:51:46', '2019-12-13 16:51:46'),
(1147, 10, 18, 'L', 1300000, 2, '2019-12-13 16:51:46', '2019-12-13 16:51:46'),
(1148, 10, 18, 'L', 1300000, 2, '2019-12-13 16:51:46', '2019-12-13 16:51:46'),
(1149, 10, 18, 'L', 1300000, 2, '2019-12-13 16:51:46', '2019-12-13 16:51:46'),
(1150, 10, 18, 'L', 1300000, 2, '2019-12-13 16:51:46', '2019-12-13 16:51:46'),
(1151, 10, 18, 'L', 1300000, 2, '2019-12-13 16:51:46', '2019-12-13 16:51:46'),
(1152, 10, 18, 'L', 1300000, 2, '2019-12-13 16:51:46', '2019-12-13 16:51:46'),
(1153, 10, 18, 'L', 1300000, 2, '2019-12-13 16:51:46', '2019-12-13 16:51:46'),
(1154, 10, 18, 'L', 1300000, 2, '2019-12-13 16:51:46', '2019-12-13 16:51:46'),
(1155, 10, 18, 'L', 1300000, 2, '2019-12-13 16:51:46', '2019-12-13 16:51:46'),
(1156, 10, 18, 'L', 1300000, 2, '2019-12-13 16:51:46', '2019-12-13 16:51:46'),
(1157, 10, 18, 'L', 1300000, 2, '2019-12-13 16:51:46', '2019-12-13 16:51:46'),
(1158, 10, 18, 'L', 1300000, 2, '2019-12-13 16:51:46', '2019-12-13 16:51:46'),
(1159, 10, 18, 'L', 1300000, 2, '2019-12-13 16:51:46', '2019-12-13 16:51:46'),
(1160, 10, 18, 'L', 1300000, 2, '2019-12-13 16:51:47', '2019-12-13 16:51:47'),
(1161, 10, 18, 'L', 1300000, 2, '2019-12-13 16:51:47', '2019-12-13 16:51:47'),
(1162, 10, 18, 'L', 1300000, 2, '2019-12-13 16:51:47', '2019-12-13 16:51:47'),
(1163, 10, 18, 'L', 1300000, 2, '2019-12-13 16:51:47', '2019-12-13 16:51:47'),
(1164, 10, 18, 'L', 1300000, 2, '2019-12-13 16:51:47', '2019-12-13 16:51:47'),
(1165, 10, 18, 'L', 1300000, 2, '2019-12-13 16:51:47', '2019-12-13 16:51:47'),
(1166, 10, 18, 'L', 1300000, 2, '2019-12-13 16:51:47', '2019-12-13 16:51:47'),
(1167, 10, 18, 'L', 1300000, 2, '2019-12-13 16:51:47', '2019-12-13 16:51:47'),
(1168, 10, 18, 'L', 1300000, 2, '2019-12-13 16:51:47', '2019-12-13 16:51:47'),
(1169, 10, 18, 'L', 1300000, 2, '2019-12-13 16:51:47', '2019-12-13 16:51:47'),
(1170, 10, 18, 'L', 1300000, 2, '2019-12-13 16:51:47', '2019-12-13 16:51:47'),
(1171, 10, 18, 'L', 1300000, 2, '2019-12-13 16:51:47', '2019-12-13 16:51:47'),
(1172, 10, 18, 'L', 1300000, 2, '2019-12-13 16:51:47', '2019-12-13 16:51:47'),
(1173, 10, 18, 'L', 1300000, 2, '2019-12-13 16:51:47', '2019-12-13 16:51:47'),
(1174, 10, 18, 'L', 1300000, 2, '2019-12-13 16:51:47', '2019-12-13 16:51:47'),
(1175, 10, 18, 'L', 1300000, 2, '2019-12-13 16:51:47', '2019-12-13 16:51:47'),
(1176, 10, 18, 'L', 1300000, 2, '2019-12-13 16:51:47', '2019-12-13 16:51:47'),
(1177, 10, 18, 'L', 1300000, 2, '2019-12-13 16:51:47', '2019-12-13 16:51:47'),
(1178, 10, 18, 'L', 1300000, 2, '2019-12-13 16:51:47', '2019-12-13 16:51:47'),
(1179, 10, 18, 'L', 1300000, 2, '2019-12-13 16:51:47', '2019-12-13 16:51:47'),
(1180, 10, 18, 'L', 1300000, 2, '2019-12-13 16:51:47', '2019-12-13 16:51:47'),
(1181, 10, 18, 'L', 1300000, 2, '2019-12-13 16:51:47', '2019-12-13 16:51:47'),
(1182, 10, 18, 'L', 1300000, 2, '2019-12-13 16:51:47', '2019-12-13 16:51:47'),
(1183, 10, 18, 'L', 1300000, 2, '2019-12-13 16:51:48', '2019-12-13 16:51:48'),
(1184, 10, 18, 'L', 1300000, 2, '2019-12-13 16:51:48', '2019-12-13 16:51:48'),
(1185, 10, 18, 'L', 1300000, 2, '2019-12-13 16:51:48', '2019-12-13 16:51:48'),
(1186, 10, 18, 'L', 1300000, 2, '2019-12-13 16:51:48', '2019-12-13 16:51:48'),
(1187, 10, 18, 'L', 1300000, 2, '2019-12-13 16:51:48', '2019-12-13 16:51:48'),
(1188, 10, 18, 'L', 1300000, 2, '2019-12-13 16:51:48', '2019-12-13 16:51:48'),
(1189, 10, 18, 'L', 1300000, 2, '2019-12-13 16:51:48', '2019-12-13 16:51:48'),
(1190, 10, 18, 'L', 1300000, 2, '2019-12-13 16:51:48', '2019-12-13 16:51:48'),
(1191, 10, 18, 'L', 1300000, 2, '2019-12-13 16:51:48', '2019-12-13 16:51:48'),
(1192, 10, 18, 'L', 1300000, 2, '2019-12-13 16:51:48', '2019-12-13 16:51:48'),
(1193, 10, 18, 'L', 1300000, 2, '2019-12-13 16:51:48', '2019-12-13 16:51:48'),
(1194, 10, 18, 'L', 1300000, 2, '2019-12-13 16:51:48', '2019-12-13 16:51:48'),
(1195, 10, 18, 'L', 1300000, 2, '2019-12-13 16:51:48', '2019-12-13 16:51:48'),
(1196, 10, 18, 'L', 1300000, 2, '2019-12-13 16:51:48', '2019-12-13 16:51:48'),
(1197, 10, 18, 'L', 1300000, 2, '2019-12-13 16:51:48', '2019-12-13 16:51:48'),
(1198, 10, 18, 'L', 1300000, 2, '2019-12-13 16:51:48', '2019-12-13 16:51:48'),
(1199, 10, 18, 'L', 1300000, 2, '2019-12-13 16:51:48', '2019-12-13 16:51:48'),
(1200, 10, 18, 'L', 1300000, 2, '2019-12-13 16:51:48', '2019-12-13 16:51:48'),
(1201, 10, 18, 'L', 1300000, 2, '2019-12-13 16:51:48', '2019-12-13 16:51:48'),
(1202, 10, 18, 'L', 1300000, 2, '2019-12-13 16:51:48', '2019-12-13 16:51:48'),
(1203, 10, 18, 'L', 1300000, 2, '2019-12-13 16:51:48', '2019-12-13 16:51:48'),
(1204, 10, 18, 'L', 1300000, 2, '2019-12-13 16:51:49', '2019-12-13 16:51:49'),
(1205, 10, 18, 'L', 1300000, 2, '2019-12-13 16:51:49', '2019-12-13 16:51:49'),
(1206, 10, 18, 'L', 1300000, 2, '2019-12-13 16:51:49', '2019-12-13 16:51:49'),
(1207, 10, 18, 'L', 1300000, 2, '2019-12-13 16:51:49', '2019-12-13 16:51:49'),
(1208, 10, 18, 'L', 1300000, 2, '2019-12-13 16:51:49', '2019-12-13 16:51:49'),
(1209, 10, 18, 'L', 1300000, 2, '2019-12-13 16:51:49', '2019-12-13 16:51:49'),
(1210, 10, 18, 'L', 1300000, 2, '2019-12-13 16:51:49', '2019-12-13 16:51:49'),
(1211, 10, 18, 'L', 1300000, 2, '2019-12-13 16:51:49', '2019-12-13 16:51:49'),
(1212, 10, 18, 'L', 1300000, 2, '2019-12-13 16:51:49', '2019-12-13 16:51:49'),
(1213, 10, 18, 'L', 1300000, 2, '2019-12-13 16:51:49', '2019-12-13 16:51:49'),
(1214, 10, 18, 'L', 1300000, 2, '2019-12-13 16:51:49', '2019-12-13 16:51:49'),
(1215, 10, 18, 'L', 1300000, 2, '2019-12-13 16:51:49', '2019-12-13 16:51:49'),
(1216, 10, 18, 'L', 1300000, 2, '2019-12-13 16:51:49', '2019-12-13 16:51:49'),
(1217, 10, 18, 'L', 1300000, 2, '2019-12-13 16:51:49', '2019-12-13 16:51:49'),
(1218, 10, 18, 'L', 1300000, 2, '2019-12-13 16:51:49', '2019-12-13 16:51:49'),
(1219, 10, 18, 'L', 1300000, 2, '2019-12-13 16:51:49', '2019-12-13 16:51:49'),
(1220, 10, 18, 'L', 1300000, 2, '2019-12-13 16:51:49', '2019-12-13 16:51:49'),
(1221, 10, 18, 'L', 1300000, 2, '2019-12-13 16:51:49', '2019-12-13 16:51:49'),
(1222, 10, 18, 'L', 1300000, 2, '2019-12-13 16:51:49', '2019-12-13 16:51:49'),
(1223, 10, 18, 'L', 1300000, 2, '2019-12-13 16:51:49', '2019-12-13 16:51:49'),
(1224, 10, 18, 'L', 1300000, 2, '2019-12-13 16:51:49', '2019-12-13 16:51:49'),
(1225, 10, 18, 'L', 1300000, 2, '2019-12-13 16:51:49', '2019-12-13 16:51:49'),
(1226, 10, 18, 'L', 1300000, 2, '2019-12-13 16:51:49', '2019-12-13 16:51:49'),
(1227, 10, 18, 'L', 1300000, 2, '2019-12-13 16:51:49', '2019-12-13 16:51:49'),
(1228, 10, 18, 'L', 1300000, 2, '2019-12-13 16:51:49', '2019-12-13 16:51:49'),
(1229, 10, 18, 'L', 1300000, 2, '2019-12-13 16:51:49', '2019-12-13 16:51:49'),
(1230, 10, 18, 'L', 1300000, 2, '2019-12-13 16:51:49', '2019-12-13 16:51:49'),
(1231, 10, 18, 'L', 1300000, 2, '2019-12-13 16:51:50', '2019-12-13 16:51:50'),
(1232, 10, 18, 'L', 1300000, 2, '2019-12-13 16:51:50', '2019-12-13 16:51:50'),
(1233, 10, 18, 'L', 1300000, 2, '2019-12-13 16:51:50', '2019-12-13 16:51:50'),
(1234, 10, 18, 'L', 1300000, 2, '2019-12-13 16:51:50', '2019-12-13 16:51:50'),
(1235, 10, 18, 'L', 1300000, 2, '2019-12-13 16:51:50', '2019-12-13 16:51:50'),
(1236, 10, 18, 'L', 1300000, 2, '2019-12-13 16:51:50', '2019-12-13 16:51:50'),
(1237, 10, 18, 'L', 1300000, 2, '2019-12-13 16:51:50', '2019-12-13 16:51:50'),
(1238, 10, 18, 'L', 1300000, 2, '2019-12-13 16:51:50', '2019-12-13 16:51:50'),
(1239, 10, 18, 'L', 1300000, 2, '2019-12-13 16:51:50', '2019-12-13 16:51:50'),
(1240, 10, 18, 'L', 1300000, 2, '2019-12-13 16:51:50', '2019-12-13 16:51:50'),
(1241, 10, 18, 'L', 1300000, 2, '2019-12-13 16:51:50', '2019-12-13 16:51:50'),
(1242, 10, 18, 'L', 1300000, 2, '2019-12-13 16:51:50', '2019-12-13 16:51:50'),
(1243, 10, 18, 'L', 1300000, 2, '2019-12-13 16:51:50', '2019-12-13 16:51:50'),
(1244, 10, 18, 'L', 1300000, 2, '2019-12-13 16:51:50', '2019-12-13 16:51:50'),
(1245, 10, 18, 'L', 1300000, 2, '2019-12-13 16:51:50', '2019-12-13 16:51:50'),
(1246, 10, 18, 'L', 1300000, 2, '2019-12-13 16:51:50', '2019-12-13 16:51:50'),
(1247, 10, 18, 'L', 1300000, 2, '2019-12-13 16:51:50', '2019-12-13 16:51:50'),
(1248, 10, 18, 'L', 1300000, 2, '2019-12-13 16:51:50', '2019-12-13 16:51:50'),
(1249, 10, 18, 'L', 1300000, 2, '2019-12-13 16:51:50', '2019-12-13 16:51:50'),
(1250, 10, 18, 'L', 1300000, 2, '2019-12-13 16:51:50', '2019-12-13 16:51:50'),
(1251, 10, 18, 'L', 1300000, 2, '2019-12-13 16:51:50', '2019-12-13 16:51:50'),
(1252, 10, 18, 'L', 1300000, 2, '2019-12-13 16:51:50', '2019-12-13 16:51:50'),
(1253, 10, 18, 'L', 1300000, 2, '2019-12-13 16:51:51', '2019-12-13 16:51:51'),
(1254, 10, 18, 'L', 1300000, 2, '2019-12-13 16:51:51', '2019-12-13 16:51:51'),
(1255, 10, 18, 'L', 1300000, 2, '2019-12-13 16:51:51', '2019-12-13 16:51:51'),
(1256, 10, 18, 'L', 1300000, 2, '2019-12-13 16:51:51', '2019-12-13 16:51:51'),
(1257, 10, 18, 'L', 1300000, 2, '2019-12-13 16:51:51', '2019-12-13 16:51:51'),
(1258, 10, 18, 'L', 1300000, 2, '2019-12-13 16:51:51', '2019-12-13 16:51:51'),
(1259, 10, 18, 'L', 1300000, 2, '2019-12-13 16:51:51', '2019-12-13 16:51:51'),
(1260, 10, 18, 'L', 1300000, 2, '2019-12-13 16:51:51', '2019-12-13 16:51:51'),
(1261, 10, 18, 'L', 1300000, 2, '2019-12-13 16:51:51', '2019-12-13 16:51:51'),
(1262, 10, 18, 'L', 1300000, 2, '2019-12-13 16:51:51', '2019-12-13 16:51:51'),
(1263, 10, 18, 'L', 1300000, 2, '2019-12-13 16:51:51', '2019-12-13 16:51:51'),
(1264, 10, 18, 'L', 1300000, 2, '2019-12-13 16:51:51', '2019-12-13 16:51:51'),
(1265, 10, 18, 'L', 1300000, 2, '2019-12-13 16:51:51', '2019-12-13 16:51:51'),
(1266, 10, 18, 'L', 1300000, 2, '2019-12-13 16:51:51', '2019-12-13 16:51:51'),
(1267, 10, 18, 'L', 1300000, 2, '2019-12-13 16:51:51', '2019-12-13 16:51:51'),
(1268, 10, 18, 'L', 1300000, 2, '2019-12-13 16:51:51', '2019-12-13 16:51:51'),
(1269, 10, 18, 'L', 1300000, 2, '2019-12-13 16:51:51', '2019-12-13 16:51:51'),
(1270, 10, 18, 'L', 1300000, 2, '2019-12-13 16:51:51', '2019-12-13 16:51:51'),
(1271, 10, 18, 'L', 1300000, 2, '2019-12-13 16:51:51', '2019-12-13 16:51:51'),
(1272, 10, 18, 'L', 1300000, 2, '2019-12-13 16:51:51', '2019-12-13 16:51:51'),
(1273, 10, 18, 'L', 1300000, 2, '2019-12-13 16:51:51', '2019-12-13 16:51:51'),
(1274, 10, 18, 'L', 1300000, 2, '2019-12-13 16:51:51', '2019-12-13 16:51:51'),
(1275, 10, 18, 'L', 1300000, 2, '2019-12-13 16:51:52', '2019-12-13 16:51:52'),
(1276, 10, 18, 'L', 1300000, 2, '2019-12-13 16:51:52', '2019-12-13 16:51:52'),
(1277, 10, 18, 'L', 1300000, 2, '2019-12-13 16:51:52', '2019-12-13 16:51:52'),
(1278, 10, 18, 'L', 1300000, 2, '2019-12-13 16:51:52', '2019-12-13 16:51:52'),
(1279, 10, 18, 'L', 1300000, 2, '2019-12-13 16:51:52', '2019-12-13 16:51:52'),
(1280, 10, 18, 'L', 1300000, 2, '2019-12-13 16:51:52', '2019-12-13 16:51:52'),
(1281, 10, 18, 'L', 1300000, 2, '2019-12-13 16:51:52', '2019-12-13 16:51:52'),
(1282, 10, 18, 'L', 1300000, 2, '2019-12-13 16:51:52', '2019-12-13 16:51:52'),
(1283, 10, 18, 'L', 1300000, 2, '2019-12-13 16:51:52', '2019-12-13 16:51:52'),
(1284, 10, 18, 'L', 1300000, 2, '2019-12-13 16:51:52', '2019-12-13 16:51:52'),
(1285, 10, 18, 'L', 1300000, 2, '2019-12-13 16:51:52', '2019-12-13 16:51:52'),
(1286, 10, 18, 'L', 1300000, 2, '2019-12-13 16:51:52', '2019-12-13 16:51:52'),
(1287, 10, 18, 'L', 1300000, 2, '2019-12-13 16:51:52', '2019-12-13 16:51:52'),
(1288, 10, 18, 'L', 1300000, 2, '2019-12-13 16:51:52', '2019-12-13 16:51:52'),
(1289, 10, 18, 'L', 1300000, 2, '2019-12-13 16:51:52', '2019-12-13 16:51:52'),
(1290, 10, 18, 'L', 1300000, 2, '2019-12-13 16:51:52', '2019-12-13 16:51:52'),
(1291, 10, 18, 'L', 1300000, 2, '2019-12-13 16:51:52', '2019-12-13 16:51:52'),
(1292, 10, 18, 'L', 1300000, 2, '2019-12-13 16:51:52', '2019-12-13 16:51:52'),
(1293, 10, 18, 'L', 1300000, 2, '2019-12-13 16:51:52', '2019-12-13 16:51:52'),
(1294, 10, 18, 'L', 1300000, 2, '2019-12-13 16:51:52', '2019-12-13 16:51:52'),
(1295, 10, 18, 'L', 1300000, 2, '2019-12-13 16:51:52', '2019-12-13 16:51:52'),
(1296, 10, 18, 'L', 1300000, 2, '2019-12-13 16:51:52', '2019-12-13 16:51:52'),
(1297, 10, 18, 'L', 1300000, 2, '2019-12-13 16:51:52', '2019-12-13 16:51:52'),
(1298, 10, 18, 'L', 1300000, 2, '2019-12-13 16:51:52', '2019-12-13 16:51:52'),
(1299, 10, 18, 'L', 1300000, 2, '2019-12-13 16:51:53', '2019-12-13 16:51:53'),
(1300, 10, 18, 'L', 1300000, 2, '2019-12-13 16:51:53', '2019-12-13 16:51:53'),
(1301, 10, 18, 'L', 1300000, 2, '2019-12-13 16:51:53', '2019-12-13 16:51:53'),
(1302, 10, 18, 'L', 1300000, 2, '2019-12-13 16:51:53', '2019-12-13 16:51:53'),
(1303, 10, 18, 'L', 1300000, 2, '2019-12-13 16:51:53', '2019-12-13 16:51:53'),
(1304, 10, 18, 'L', 1300000, 2, '2019-12-13 16:51:53', '2019-12-13 16:51:53'),
(1305, 10, 18, 'L', 1300000, 2, '2019-12-13 16:51:53', '2019-12-13 16:51:53'),
(1306, 10, 18, 'L', 1300000, 2, '2019-12-13 16:51:53', '2019-12-13 16:51:53'),
(1307, 10, 18, 'L', 1300000, 2, '2019-12-13 16:51:53', '2019-12-13 16:51:53'),
(1308, 10, 18, 'L', 1300000, 2, '2019-12-13 16:51:53', '2019-12-13 16:51:53'),
(1309, 10, 18, 'L', 1300000, 2, '2019-12-13 16:51:53', '2019-12-13 16:51:53'),
(1310, 10, 18, 'L', 1300000, 2, '2019-12-13 16:51:53', '2019-12-13 16:51:53'),
(1311, 10, 18, 'L', 1300000, 2, '2019-12-13 16:51:53', '2019-12-13 16:51:53'),
(1312, 10, 18, 'L', 1300000, 2, '2019-12-13 16:51:53', '2019-12-13 16:51:53'),
(1313, 10, 18, 'L', 1300000, 2, '2019-12-13 16:51:53', '2019-12-13 16:51:53'),
(1314, 10, 18, 'L', 1300000, 2, '2019-12-13 16:51:53', '2019-12-13 16:51:53'),
(1315, 10, 18, 'L', 1300000, 2, '2019-12-13 16:51:53', '2019-12-13 16:51:53'),
(1316, 10, 18, 'L', 1300000, 2, '2019-12-13 16:51:53', '2019-12-13 16:51:53'),
(1317, 10, 18, 'L', 1300000, 2, '2019-12-13 16:51:53', '2019-12-13 16:51:53'),
(1318, 10, 18, 'L', 1300000, 2, '2019-12-13 16:51:53', '2019-12-13 16:51:53'),
(1319, 10, 18, 'L', 1300000, 2, '2019-12-13 16:51:53', '2019-12-13 16:51:53'),
(1320, 10, 18, 'L', 1300000, 2, '2019-12-13 16:51:53', '2019-12-13 16:51:53'),
(1321, 10, 18, 'L', 1300000, 2, '2019-12-13 16:51:54', '2019-12-13 16:51:54'),
(1322, 10, 18, 'L', 1300000, 2, '2019-12-13 16:51:54', '2019-12-13 16:51:54'),
(1323, 10, 18, 'L', 1300000, 2, '2019-12-13 16:51:54', '2019-12-13 16:51:54'),
(1324, 10, 18, 'L', 1300000, 2, '2019-12-13 16:51:54', '2019-12-13 16:51:54'),
(1325, 10, 18, 'L', 1300000, 2, '2019-12-13 16:51:54', '2019-12-13 16:51:54'),
(1326, 10, 18, 'L', 1300000, 2, '2019-12-13 16:51:54', '2019-12-13 16:51:54'),
(1327, 10, 18, 'L', 1300000, 2, '2019-12-13 16:51:54', '2019-12-13 16:51:54'),
(1328, 10, 18, 'L', 1300000, 2, '2019-12-13 16:51:54', '2019-12-13 16:51:54'),
(1329, 10, 18, 'L', 1300000, 2, '2019-12-13 16:51:54', '2019-12-13 16:51:54'),
(1330, 10, 18, 'L', 1300000, 2, '2019-12-13 16:51:54', '2019-12-13 16:51:54'),
(1331, 10, 18, 'L', 1300000, 2, '2019-12-13 16:51:54', '2019-12-13 16:51:54'),
(1332, 10, 18, 'L', 1300000, 2, '2019-12-13 16:51:54', '2019-12-13 16:51:54'),
(1333, 10, 18, 'L', 1300000, 2, '2019-12-13 16:51:54', '2019-12-13 16:51:54'),
(1334, 10, 18, 'L', 1300000, 2, '2019-12-13 16:51:54', '2019-12-13 16:51:54'),
(1335, 10, 18, 'L', 1300000, 2, '2019-12-13 16:51:54', '2019-12-13 16:51:54'),
(1336, 10, 18, 'L', 1300000, 2, '2019-12-13 16:51:54', '2019-12-13 16:51:54'),
(1337, 10, 18, 'L', 1300000, 2, '2019-12-13 16:51:54', '2019-12-13 16:51:54'),
(1338, 10, 18, 'L', 1300000, 2, '2019-12-13 16:51:54', '2019-12-13 16:51:54'),
(1339, 10, 18, 'L', 1300000, 2, '2019-12-13 16:51:54', '2019-12-13 16:51:54'),
(1340, 10, 18, 'L', 1300000, 2, '2019-12-13 16:51:54', '2019-12-13 16:51:54'),
(1341, 10, 18, 'L', 1300000, 2, '2019-12-13 16:51:54', '2019-12-13 16:51:54'),
(1342, 10, 18, 'L', 1300000, 2, '2019-12-13 16:51:54', '2019-12-13 16:51:54'),
(1343, 10, 18, 'L', 1300000, 2, '2019-12-13 16:51:54', '2019-12-13 16:51:54'),
(1344, 10, 18, 'L', 1300000, 2, '2019-12-13 16:51:54', '2019-12-13 16:51:54'),
(1345, 10, 18, 'L', 1300000, 2, '2019-12-13 16:51:54', '2019-12-13 16:51:54'),
(1346, 10, 18, 'L', 1300000, 2, '2019-12-13 16:51:55', '2019-12-13 16:51:55'),
(1347, 10, 18, 'L', 1300000, 2, '2019-12-13 16:51:55', '2019-12-13 16:51:55'),
(1348, 10, 18, 'L', 1300000, 2, '2019-12-13 16:51:55', '2019-12-13 16:51:55'),
(1349, 10, 18, 'L', 1300000, 2, '2019-12-13 16:51:55', '2019-12-13 16:51:55'),
(1350, 10, 18, 'L', 1300000, 2, '2019-12-13 16:51:55', '2019-12-13 16:51:55'),
(1351, 10, 18, 'L', 1300000, 2, '2019-12-13 16:51:55', '2019-12-13 16:51:55'),
(1352, 10, 18, 'L', 1300000, 2, '2019-12-13 16:51:55', '2019-12-13 16:51:55'),
(1353, 10, 18, 'L', 1300000, 2, '2019-12-13 16:51:55', '2019-12-13 16:51:55'),
(1354, 10, 18, 'L', 1300000, 2, '2019-12-13 16:51:55', '2019-12-13 16:51:55'),
(1355, 10, 18, 'L', 1300000, 2, '2019-12-13 16:51:55', '2019-12-13 16:51:55'),
(1356, 10, 18, 'L', 1300000, 2, '2019-12-13 16:51:55', '2019-12-13 16:51:55'),
(1357, 10, 18, 'L', 1300000, 2, '2019-12-13 16:51:55', '2019-12-13 16:51:55'),
(1358, 10, 18, 'L', 1300000, 2, '2019-12-13 16:51:55', '2019-12-13 16:51:55'),
(1359, 10, 18, 'L', 1300000, 2, '2019-12-13 16:51:55', '2019-12-13 16:51:55'),
(1360, 10, 18, 'L', 1300000, 2, '2019-12-13 16:51:55', '2019-12-13 16:51:55'),
(1361, 10, 18, 'L', 1300000, 2, '2019-12-13 16:51:55', '2019-12-13 16:51:55'),
(1362, 10, 18, 'L', 1300000, 2, '2019-12-13 16:51:55', '2019-12-13 16:51:55'),
(1363, 10, 18, 'L', 1300000, 2, '2019-12-13 16:51:55', '2019-12-13 16:51:55'),
(1364, 10, 18, 'L', 1300000, 2, '2019-12-13 16:51:55', '2019-12-13 16:51:55'),
(1365, 10, 18, 'L', 1300000, 2, '2019-12-13 16:51:55', '2019-12-13 16:51:55'),
(1366, 10, 18, 'L', 1300000, 2, '2019-12-13 16:51:55', '2019-12-13 16:51:55'),
(1367, 10, 18, 'L', 1300000, 2, '2019-12-13 16:51:55', '2019-12-13 16:51:55'),
(1368, 10, 18, 'L', 1300000, 2, '2019-12-13 16:51:56', '2019-12-13 16:51:56'),
(1369, 10, 18, 'L', 1300000, 2, '2019-12-13 16:51:56', '2019-12-13 16:51:56'),
(1370, 10, 18, 'L', 1300000, 2, '2019-12-13 16:51:56', '2019-12-13 16:51:56'),
(1371, 10, 18, 'L', 1300000, 2, '2019-12-13 16:51:56', '2019-12-13 16:51:56'),
(1372, 10, 18, 'L', 1300000, 2, '2019-12-13 16:51:56', '2019-12-13 16:51:56'),
(1373, 10, 18, 'L', 1300000, 2, '2019-12-13 16:51:56', '2019-12-13 16:51:56'),
(1374, 10, 18, 'L', 1300000, 2, '2019-12-13 16:51:56', '2019-12-13 16:51:56'),
(1375, 10, 18, 'L', 1300000, 2, '2019-12-13 16:51:56', '2019-12-13 16:51:56'),
(1376, 10, 18, 'L', 1300000, 2, '2019-12-13 16:51:56', '2019-12-13 16:51:56'),
(1377, 10, 18, 'L', 1300000, 2, '2019-12-13 16:51:56', '2019-12-13 16:51:56'),
(1378, 10, 18, 'L', 1300000, 2, '2019-12-13 16:51:56', '2019-12-13 16:51:56'),
(1379, 10, 18, 'L', 1300000, 2, '2019-12-13 16:51:56', '2019-12-13 16:51:56'),
(1380, 10, 18, 'L', 1300000, 2, '2019-12-13 16:51:56', '2019-12-13 16:51:56'),
(1381, 10, 18, 'L', 1300000, 2, '2019-12-13 16:51:56', '2019-12-13 16:51:56'),
(1382, 10, 18, 'L', 1300000, 2, '2019-12-13 16:51:56', '2019-12-13 16:51:56'),
(1383, 10, 18, 'L', 1300000, 2, '2019-12-13 16:51:56', '2019-12-13 16:51:56'),
(1384, 10, 18, 'L', 1300000, 2, '2019-12-13 16:51:56', '2019-12-13 16:51:56'),
(1385, 10, 18, 'L', 1300000, 2, '2019-12-13 16:51:56', '2019-12-13 16:51:56'),
(1386, 10, 18, 'L', 1300000, 2, '2019-12-13 16:51:56', '2019-12-13 16:51:56'),
(1387, 10, 18, 'L', 1300000, 2, '2019-12-13 16:51:56', '2019-12-13 16:51:56'),
(1388, 10, 18, 'L', 1300000, 2, '2019-12-13 16:51:56', '2019-12-13 16:51:56'),
(1389, 10, 18, 'L', 1300000, 2, '2019-12-13 16:51:56', '2019-12-13 16:51:56'),
(1390, 10, 18, 'L', 1300000, 2, '2019-12-13 16:51:56', '2019-12-13 16:51:56'),
(1391, 10, 18, 'L', 1300000, 2, '2019-12-13 16:51:56', '2019-12-13 16:51:56'),
(1392, 10, 18, 'L', 1300000, 2, '2019-12-13 16:51:56', '2019-12-13 16:51:56'),
(1393, 10, 18, 'L', 1300000, 2, '2019-12-13 16:51:57', '2019-12-13 16:51:57'),
(1394, 10, 18, 'L', 1300000, 2, '2019-12-13 16:51:57', '2019-12-13 16:51:57'),
(1395, 10, 18, 'L', 1300000, 2, '2019-12-13 16:51:57', '2019-12-13 16:51:57'),
(1396, 10, 18, 'L', 1300000, 2, '2019-12-13 16:51:57', '2019-12-13 16:51:57'),
(1397, 10, 18, 'L', 1300000, 2, '2019-12-13 16:51:57', '2019-12-13 16:51:57'),
(1398, 10, 18, 'L', 1300000, 2, '2019-12-13 16:51:57', '2019-12-13 16:51:57'),
(1399, 10, 18, 'L', 1300000, 2, '2019-12-13 16:51:57', '2019-12-13 16:51:57'),
(1400, 10, 18, 'L', 1300000, 2, '2019-12-13 16:51:57', '2019-12-13 16:51:57'),
(1401, 10, 18, 'L', 1300000, 2, '2019-12-13 16:51:57', '2019-12-13 16:51:57'),
(1402, 10, 18, 'L', 1300000, 2, '2019-12-13 16:51:57', '2019-12-13 16:51:57'),
(1403, 10, 18, 'L', 1300000, 2, '2019-12-13 16:51:57', '2019-12-13 16:51:57'),
(1404, 10, 18, 'L', 1300000, 2, '2019-12-13 16:51:57', '2019-12-13 16:51:57'),
(1405, 10, 18, 'L', 1300000, 2, '2019-12-13 16:51:57', '2019-12-13 16:51:57'),
(1406, 10, 18, 'L', 1300000, 2, '2019-12-13 16:51:57', '2019-12-13 16:51:57'),
(1407, 10, 18, 'L', 1300000, 2, '2019-12-13 16:51:57', '2019-12-13 16:51:57'),
(1408, 10, 18, 'L', 1300000, 2, '2019-12-13 16:51:57', '2019-12-13 16:51:57'),
(1409, 10, 18, 'L', 1300000, 2, '2019-12-13 16:51:57', '2019-12-13 16:51:57'),
(1410, 10, 18, 'L', 1300000, 2, '2019-12-13 16:51:57', '2019-12-13 16:51:57'),
(1411, 10, 18, 'L', 1300000, 2, '2019-12-13 16:51:57', '2019-12-13 16:51:57'),
(1412, 10, 18, 'L', 1300000, 2, '2019-12-13 16:51:57', '2019-12-13 16:51:57'),
(1413, 10, 18, 'L', 1300000, 2, '2019-12-13 16:51:57', '2019-12-13 16:51:57'),
(1414, 10, 18, 'L', 1300000, 2, '2019-12-13 16:51:57', '2019-12-13 16:51:57'),
(1415, 10, 18, 'L', 1300000, 2, '2019-12-13 16:51:57', '2019-12-13 16:51:57'),
(1416, 10, 18, 'L', 1300000, 2, '2019-12-13 16:51:58', '2019-12-13 16:51:58'),
(1417, 10, 18, 'L', 1300000, 2, '2019-12-13 16:51:58', '2019-12-13 16:51:58'),
(1418, 10, 18, 'L', 1300000, 2, '2019-12-13 16:51:58', '2019-12-13 16:51:58'),
(1419, 10, 18, 'L', 1300000, 2, '2019-12-13 16:51:58', '2019-12-13 16:51:58'),
(1420, 10, 18, 'L', 1300000, 2, '2019-12-13 16:51:58', '2019-12-13 16:51:58'),
(1421, 10, 18, 'L', 1300000, 2, '2019-12-13 16:51:58', '2019-12-13 16:51:58'),
(1422, 10, 18, 'L', 1300000, 2, '2019-12-13 16:51:58', '2019-12-13 16:51:58'),
(1423, 10, 18, 'L', 1300000, 2, '2019-12-13 16:51:58', '2019-12-13 16:51:58'),
(1424, 10, 18, 'L', 1300000, 2, '2019-12-13 16:51:58', '2019-12-13 16:51:58'),
(1425, 10, 18, 'L', 1300000, 2, '2019-12-13 16:51:58', '2019-12-13 16:51:58'),
(1426, 10, 18, 'L', 1300000, 2, '2019-12-13 16:51:58', '2019-12-13 16:51:58'),
(1427, 10, 18, 'L', 1300000, 2, '2019-12-13 16:51:58', '2019-12-13 16:51:58'),
(1428, 10, 18, 'L', 1300000, 2, '2019-12-13 16:51:58', '2019-12-13 16:51:58'),
(1429, 10, 18, 'L', 1300000, 2, '2019-12-13 16:51:58', '2019-12-13 16:51:58'),
(1430, 10, 18, 'L', 1300000, 2, '2019-12-13 16:51:58', '2019-12-13 16:51:58'),
(1431, 10, 18, 'L', 1300000, 2, '2019-12-13 16:51:58', '2019-12-13 16:51:58'),
(1432, 10, 18, 'L', 1300000, 2, '2019-12-13 16:51:58', '2019-12-13 16:51:58'),
(1433, 10, 18, 'L', 1300000, 2, '2019-12-13 16:51:58', '2019-12-13 16:51:58'),
(1434, 10, 18, 'L', 1300000, 2, '2019-12-13 16:51:58', '2019-12-13 16:51:58'),
(1435, 10, 18, 'L', 1300000, 2, '2019-12-13 16:51:58', '2019-12-13 16:51:58'),
(1436, 10, 18, 'L', 1300000, 2, '2019-12-13 16:51:58', '2019-12-13 16:51:58'),
(1437, 10, 18, 'L', 1300000, 2, '2019-12-13 16:51:58', '2019-12-13 16:51:58'),
(1438, 10, 18, 'L', 1300000, 2, '2019-12-13 16:51:58', '2019-12-13 16:51:58'),
(1439, 10, 18, 'L', 1300000, 2, '2019-12-13 16:51:58', '2019-12-13 16:51:58'),
(1440, 10, 18, 'L', 1300000, 2, '2019-12-13 16:51:59', '2019-12-13 16:51:59'),
(1441, 10, 18, 'L', 1300000, 2, '2019-12-13 16:51:59', '2019-12-13 16:51:59'),
(1442, 10, 18, 'L', 1300000, 2, '2019-12-13 16:51:59', '2019-12-13 16:51:59'),
(1443, 10, 18, 'L', 1300000, 2, '2019-12-13 16:51:59', '2019-12-13 16:51:59'),
(1444, 10, 18, 'L', 1300000, 2, '2019-12-13 16:51:59', '2019-12-13 16:51:59'),
(1445, 10, 18, 'L', 1300000, 2, '2019-12-13 16:51:59', '2019-12-13 16:51:59'),
(1446, 10, 18, 'L', 1300000, 2, '2019-12-13 16:51:59', '2019-12-13 16:51:59'),
(1447, 10, 18, 'L', 1300000, 2, '2019-12-13 16:51:59', '2019-12-13 16:51:59'),
(1448, 10, 18, 'L', 1300000, 2, '2019-12-13 16:51:59', '2019-12-13 16:51:59'),
(1449, 10, 18, 'L', 1300000, 2, '2019-12-13 16:51:59', '2019-12-13 16:51:59'),
(1450, 10, 18, 'L', 1300000, 2, '2019-12-13 16:51:59', '2019-12-13 16:51:59'),
(1451, 10, 18, 'L', 1300000, 2, '2019-12-13 16:51:59', '2019-12-13 16:51:59'),
(1452, 10, 18, 'L', 1300000, 2, '2019-12-13 16:51:59', '2019-12-13 16:51:59'),
(1453, 10, 18, 'L', 1300000, 2, '2019-12-13 16:51:59', '2019-12-13 16:51:59'),
(1454, 10, 18, 'L', 1300000, 2, '2019-12-13 16:51:59', '2019-12-13 16:51:59'),
(1455, 10, 18, 'L', 1300000, 2, '2019-12-13 16:51:59', '2019-12-13 16:51:59'),
(1456, 10, 18, 'L', 1300000, 2, '2019-12-13 16:51:59', '2019-12-13 16:51:59'),
(1457, 10, 18, 'L', 1300000, 2, '2019-12-13 16:51:59', '2019-12-13 16:51:59'),
(1458, 10, 18, 'L', 1300000, 2, '2019-12-13 16:51:59', '2019-12-13 16:51:59'),
(1459, 10, 18, 'L', 1300000, 2, '2019-12-13 16:51:59', '2019-12-13 16:51:59'),
(1460, 10, 18, 'L', 1300000, 2, '2019-12-13 16:51:59', '2019-12-13 16:51:59'),
(1461, 10, 18, 'L', 1300000, 2, '2019-12-13 16:52:00', '2019-12-13 16:52:00'),
(1462, 10, 18, 'L', 1300000, 2, '2019-12-13 16:52:00', '2019-12-13 16:52:00'),
(1463, 10, 18, 'L', 1300000, 2, '2019-12-13 16:52:00', '2019-12-13 16:52:00'),
(1464, 10, 18, 'L', 1300000, 2, '2019-12-13 16:52:00', '2019-12-13 16:52:00'),
(1465, 10, 18, 'L', 1300000, 2, '2019-12-13 16:52:00', '2019-12-13 16:52:00'),
(1466, 10, 18, 'L', 1300000, 2, '2019-12-13 16:52:00', '2019-12-13 16:52:00'),
(1467, 10, 18, 'L', 1300000, 2, '2019-12-13 16:52:00', '2019-12-13 16:52:00'),
(1468, 10, 18, 'L', 1300000, 2, '2019-12-13 16:52:00', '2019-12-13 16:52:00'),
(1469, 10, 18, 'L', 1300000, 2, '2019-12-13 16:55:19', '2019-12-13 16:55:19'),
(1470, 10, 18, 'L', 1300000, 2, '2019-12-13 16:55:19', '2019-12-13 16:55:19'),
(1471, 10, 18, 'L', 1300000, 2, '2019-12-13 16:55:19', '2019-12-13 16:55:19'),
(1472, 10, 18, 'L', 1300000, 2, '2019-12-13 16:55:19', '2019-12-13 16:55:19'),
(1473, 10, 18, 'L', 1300000, 2, '2019-12-13 16:55:19', '2019-12-13 16:55:19'),
(1474, 10, 18, 'L', 1300000, 2, '2019-12-13 16:55:19', '2019-12-13 16:55:19'),
(1475, 10, 18, 'L', 1300000, 2, '2019-12-13 16:55:19', '2019-12-13 16:55:19'),
(1476, 10, 18, 'L', 1300000, 2, '2019-12-13 16:55:19', '2019-12-13 16:55:19'),
(1477, 10, 18, 'L', 1300000, 2, '2019-12-13 16:55:19', '2019-12-13 16:55:19'),
(1478, 10, 18, 'L', 1300000, 2, '2019-12-13 16:55:19', '2019-12-13 16:55:19'),
(1479, 10, 18, 'L', 1300000, 2, '2019-12-13 16:55:19', '2019-12-13 16:55:19'),
(1480, 10, 18, 'L', 1300000, 2, '2019-12-13 16:55:19', '2019-12-13 16:55:19'),
(1481, 10, 18, 'L', 1300000, 2, '2019-12-13 16:55:19', '2019-12-13 16:55:19'),
(1482, 10, 18, 'L', 1300000, 2, '2019-12-13 16:55:19', '2019-12-13 16:55:19'),
(1483, 10, 18, 'L', 1300000, 2, '2019-12-13 16:55:19', '2019-12-13 16:55:19'),
(1484, 10, 18, 'L', 1300000, 2, '2019-12-13 16:55:19', '2019-12-13 16:55:19'),
(1485, 10, 18, 'L', 1300000, 2, '2019-12-13 16:55:19', '2019-12-13 16:55:19'),
(1486, 10, 18, 'L', 1300000, 2, '2019-12-13 16:55:19', '2019-12-13 16:55:19'),
(1487, 10, 18, 'L', 1300000, 2, '2019-12-13 16:55:19', '2019-12-13 16:55:19'),
(1488, 10, 18, 'L', 1300000, 2, '2019-12-13 16:55:19', '2019-12-13 16:55:19'),
(1489, 10, 18, 'L', 1300000, 2, '2019-12-13 16:55:19', '2019-12-13 16:55:19'),
(1490, 10, 18, 'L', 1300000, 2, '2019-12-13 16:55:20', '2019-12-13 16:55:20'),
(1491, 10, 18, 'L', 1300000, 2, '2019-12-13 16:55:20', '2019-12-13 16:55:20'),
(1492, 10, 18, 'L', 1300000, 2, '2019-12-13 16:55:20', '2019-12-13 16:55:20'),
(1493, 10, 18, 'L', 1300000, 2, '2019-12-13 16:55:20', '2019-12-13 16:55:20'),
(1494, 10, 18, 'L', 1300000, 2, '2019-12-13 16:55:20', '2019-12-13 16:55:20'),
(1495, 10, 18, 'L', 1300000, 2, '2019-12-13 16:55:20', '2019-12-13 16:55:20'),
(1496, 10, 18, 'L', 1300000, 2, '2019-12-13 16:55:20', '2019-12-13 16:55:20'),
(1497, 10, 18, 'L', 1300000, 2, '2019-12-13 16:55:20', '2019-12-13 16:55:20'),
(1498, 10, 18, 'L', 1300000, 2, '2019-12-13 16:55:20', '2019-12-13 16:55:20'),
(1499, 10, 18, 'L', 1300000, 2, '2019-12-13 16:55:20', '2019-12-13 16:55:20'),
(1500, 10, 18, 'L', 1300000, 2, '2019-12-13 16:55:20', '2019-12-13 16:55:20'),
(1501, 10, 18, 'L', 1300000, 2, '2019-12-13 16:55:20', '2019-12-13 16:55:20'),
(1502, 10, 18, 'L', 1300000, 2, '2019-12-13 16:55:20', '2019-12-13 16:55:20'),
(1503, 10, 18, 'L', 1300000, 2, '2019-12-13 16:55:20', '2019-12-13 16:55:20'),
(1504, 10, 18, 'L', 1300000, 2, '2019-12-13 16:55:20', '2019-12-13 16:55:20'),
(1505, 10, 18, 'L', 1300000, 2, '2019-12-13 16:55:20', '2019-12-13 16:55:20'),
(1506, 10, 18, 'L', 1300000, 2, '2019-12-13 16:55:20', '2019-12-13 16:55:20'),
(1507, 10, 18, 'L', 1300000, 2, '2019-12-13 16:55:20', '2019-12-13 16:55:20'),
(1508, 10, 18, 'L', 1300000, 2, '2019-12-13 16:55:20', '2019-12-13 16:55:20'),
(1509, 10, 18, 'L', 1300000, 2, '2019-12-13 16:55:20', '2019-12-13 16:55:20'),
(1510, 10, 18, 'L', 1300000, 2, '2019-12-13 16:55:20', '2019-12-13 16:55:20'),
(1511, 10, 18, 'L', 1300000, 2, '2019-12-13 16:55:20', '2019-12-13 16:55:20'),
(1512, 10, 18, 'L', 1300000, 2, '2019-12-13 16:55:20', '2019-12-13 16:55:20'),
(1513, 10, 18, 'L', 1300000, 2, '2019-12-13 16:55:20', '2019-12-13 16:55:20'),
(1514, 10, 18, 'L', 1300000, 2, '2019-12-13 16:55:20', '2019-12-13 16:55:20'),
(1515, 10, 18, 'L', 1300000, 2, '2019-12-13 16:55:21', '2019-12-13 16:55:21'),
(1516, 10, 18, 'L', 1300000, 2, '2019-12-13 16:55:21', '2019-12-13 16:55:21'),
(1517, 10, 18, 'L', 1300000, 2, '2019-12-13 16:55:21', '2019-12-13 16:55:21'),
(1518, 10, 18, 'L', 1300000, 2, '2019-12-13 16:55:21', '2019-12-13 16:55:21'),
(1519, 10, 18, 'L', 1300000, 2, '2019-12-13 16:55:21', '2019-12-13 16:55:21'),
(1520, 10, 18, 'L', 1300000, 2, '2019-12-13 16:55:21', '2019-12-13 16:55:21'),
(1521, 10, 18, 'L', 1300000, 2, '2019-12-13 16:55:21', '2019-12-13 16:55:21'),
(1522, 10, 18, 'L', 1300000, 2, '2019-12-13 16:55:21', '2019-12-13 16:55:21'),
(1523, 10, 18, 'L', 1300000, 2, '2019-12-13 16:55:21', '2019-12-13 16:55:21'),
(1524, 10, 18, 'L', 1300000, 2, '2019-12-13 16:55:21', '2019-12-13 16:55:21'),
(1525, 10, 18, 'L', 1300000, 2, '2019-12-13 16:55:21', '2019-12-13 16:55:21'),
(1526, 10, 18, 'L', 1300000, 2, '2019-12-13 16:55:21', '2019-12-13 16:55:21'),
(1527, 10, 18, 'L', 1300000, 2, '2019-12-13 16:55:21', '2019-12-13 16:55:21'),
(1528, 10, 18, 'L', 1300000, 2, '2019-12-13 16:55:21', '2019-12-13 16:55:21'),
(1529, 10, 18, 'L', 1300000, 2, '2019-12-13 16:55:21', '2019-12-13 16:55:21'),
(1530, 10, 18, 'L', 1300000, 2, '2019-12-13 16:55:21', '2019-12-13 16:55:21'),
(1531, 10, 18, 'L', 1300000, 2, '2019-12-13 16:55:21', '2019-12-13 16:55:21'),
(1532, 10, 18, 'L', 1300000, 2, '2019-12-13 16:55:21', '2019-12-13 16:55:21'),
(1533, 10, 18, 'L', 1300000, 2, '2019-12-13 16:55:21', '2019-12-13 16:55:21'),
(1534, 10, 18, 'L', 1300000, 2, '2019-12-13 16:55:21', '2019-12-13 16:55:21'),
(1535, 10, 18, 'L', 1300000, 2, '2019-12-13 16:55:21', '2019-12-13 16:55:21'),
(1536, 10, 18, 'L', 1300000, 2, '2019-12-13 16:55:21', '2019-12-13 16:55:21'),
(1537, 10, 18, 'L', 1300000, 2, '2019-12-13 16:55:21', '2019-12-13 16:55:21'),
(1538, 10, 18, 'L', 1300000, 2, '2019-12-13 16:55:22', '2019-12-13 16:55:22'),
(1539, 10, 18, 'L', 1300000, 2, '2019-12-13 16:55:22', '2019-12-13 16:55:22'),
(1540, 10, 18, 'L', 1300000, 2, '2019-12-13 16:55:22', '2019-12-13 16:55:22'),
(1541, 10, 18, 'L', 1300000, 2, '2019-12-13 16:55:22', '2019-12-13 16:55:22'),
(1542, 10, 18, 'L', 1300000, 2, '2019-12-13 16:55:22', '2019-12-13 16:55:22'),
(1543, 10, 18, 'L', 1300000, 2, '2019-12-13 16:55:22', '2019-12-13 16:55:22'),
(1544, 10, 18, 'L', 1300000, 2, '2019-12-13 16:55:22', '2019-12-13 16:55:22'),
(1545, 10, 18, 'L', 1300000, 2, '2019-12-13 16:55:22', '2019-12-13 16:55:22'),
(1546, 10, 18, 'L', 1300000, 2, '2019-12-13 16:55:22', '2019-12-13 16:55:22'),
(1547, 10, 18, 'L', 1300000, 2, '2019-12-13 16:55:22', '2019-12-13 16:55:22'),
(1548, 10, 18, 'L', 1300000, 2, '2019-12-13 16:55:22', '2019-12-13 16:55:22'),
(1549, 10, 18, 'L', 1300000, 2, '2019-12-13 16:55:22', '2019-12-13 16:55:22'),
(1550, 10, 18, 'L', 1300000, 2, '2019-12-13 16:55:22', '2019-12-13 16:55:22'),
(1551, 10, 18, 'L', 1300000, 2, '2019-12-13 16:55:22', '2019-12-13 16:55:22'),
(1552, 10, 18, 'L', 1300000, 2, '2019-12-13 16:55:22', '2019-12-13 16:55:22'),
(1553, 10, 18, 'L', 1300000, 2, '2019-12-13 16:55:22', '2019-12-13 16:55:22'),
(1554, 10, 18, 'L', 1300000, 2, '2019-12-13 16:55:22', '2019-12-13 16:55:22'),
(1555, 10, 18, 'L', 1300000, 2, '2019-12-13 16:55:22', '2019-12-13 16:55:22'),
(1556, 10, 18, 'L', 1300000, 2, '2019-12-13 16:55:22', '2019-12-13 16:55:22'),
(1557, 10, 18, 'L', 1300000, 2, '2019-12-13 16:55:22', '2019-12-13 16:55:22'),
(1558, 10, 18, 'L', 1300000, 2, '2019-12-13 16:55:22', '2019-12-13 16:55:22'),
(1559, 10, 18, 'L', 1300000, 2, '2019-12-13 16:55:22', '2019-12-13 16:55:22'),
(1560, 10, 18, 'L', 1300000, 2, '2019-12-13 16:55:22', '2019-12-13 16:55:22'),
(1561, 10, 18, 'L', 1300000, 2, '2019-12-13 16:55:22', '2019-12-13 16:55:22'),
(1562, 10, 18, 'L', 1300000, 2, '2019-12-13 16:55:22', '2019-12-13 16:55:22'),
(1563, 10, 18, 'L', 1300000, 2, '2019-12-13 16:55:23', '2019-12-13 16:55:23'),
(1564, 10, 18, 'L', 1300000, 2, '2019-12-13 16:55:23', '2019-12-13 16:55:23'),
(1565, 10, 18, 'L', 1300000, 2, '2019-12-13 16:55:23', '2019-12-13 16:55:23'),
(1566, 10, 18, 'L', 1300000, 2, '2019-12-13 16:55:23', '2019-12-13 16:55:23'),
(1567, 10, 18, 'L', 1300000, 2, '2019-12-13 16:55:23', '2019-12-13 16:55:23'),
(1568, 10, 18, 'L', 1300000, 2, '2019-12-13 16:55:23', '2019-12-13 16:55:23'),
(1569, 10, 18, 'L', 1300000, 2, '2019-12-13 16:55:23', '2019-12-13 16:55:23'),
(1570, 10, 18, 'L', 1300000, 2, '2019-12-13 16:55:23', '2019-12-13 16:55:23'),
(1571, 10, 18, 'L', 1300000, 2, '2019-12-13 16:55:23', '2019-12-13 16:55:23'),
(1572, 10, 18, 'L', 1300000, 2, '2019-12-13 16:55:23', '2019-12-13 16:55:23'),
(1573, 10, 18, 'L', 1300000, 2, '2019-12-13 16:55:23', '2019-12-13 16:55:23'),
(1574, 10, 18, 'L', 1300000, 2, '2019-12-13 16:55:23', '2019-12-13 16:55:23'),
(1575, 10, 18, 'L', 1300000, 2, '2019-12-13 16:55:23', '2019-12-13 16:55:23'),
(1576, 10, 18, 'L', 1300000, 2, '2019-12-13 16:55:23', '2019-12-13 16:55:23'),
(1577, 10, 18, 'L', 1300000, 2, '2019-12-13 16:55:23', '2019-12-13 16:55:23'),
(1578, 10, 18, 'L', 1300000, 2, '2019-12-13 16:55:23', '2019-12-13 16:55:23'),
(1579, 10, 18, 'L', 1300000, 2, '2019-12-13 16:55:23', '2019-12-13 16:55:23'),
(1580, 10, 18, 'L', 1300000, 2, '2019-12-13 16:55:23', '2019-12-13 16:55:23'),
(1581, 10, 18, 'L', 1300000, 2, '2019-12-13 16:55:23', '2019-12-13 16:55:23'),
(1582, 10, 18, 'L', 1300000, 2, '2019-12-13 16:55:23', '2019-12-13 16:55:23'),
(1583, 10, 18, 'L', 1300000, 2, '2019-12-13 16:55:23', '2019-12-13 16:55:23'),
(1584, 10, 18, 'L', 1300000, 2, '2019-12-13 16:55:23', '2019-12-13 16:55:23'),
(1585, 10, 18, 'L', 1300000, 2, '2019-12-13 16:55:24', '2019-12-13 16:55:24'),
(1586, 10, 18, 'L', 1300000, 2, '2019-12-13 16:55:24', '2019-12-13 16:55:24'),
(1587, 10, 18, 'L', 1300000, 2, '2019-12-13 16:55:24', '2019-12-13 16:55:24'),
(1588, 10, 18, 'L', 1300000, 2, '2019-12-13 16:55:24', '2019-12-13 16:55:24'),
(1589, 10, 18, 'L', 1300000, 2, '2019-12-13 16:55:24', '2019-12-13 16:55:24'),
(1590, 10, 18, 'L', 1300000, 2, '2019-12-13 16:55:24', '2019-12-13 16:55:24'),
(1591, 10, 18, 'L', 1300000, 2, '2019-12-13 16:55:24', '2019-12-13 16:55:24'),
(1592, 10, 18, 'L', 1300000, 2, '2019-12-13 16:55:24', '2019-12-13 16:55:24'),
(1593, 10, 18, 'L', 1300000, 2, '2019-12-13 16:55:24', '2019-12-13 16:55:24'),
(1594, 10, 18, 'L', 1300000, 2, '2019-12-13 16:55:24', '2019-12-13 16:55:24'),
(1595, 10, 18, 'L', 1300000, 2, '2019-12-13 16:55:24', '2019-12-13 16:55:24'),
(1596, 10, 18, 'L', 1300000, 2, '2019-12-13 16:55:24', '2019-12-13 16:55:24'),
(1597, 10, 18, 'L', 1300000, 2, '2019-12-13 16:55:24', '2019-12-13 16:55:24'),
(1598, 10, 18, 'L', 1300000, 2, '2019-12-13 16:55:24', '2019-12-13 16:55:24'),
(1599, 10, 18, 'L', 1300000, 2, '2019-12-13 16:55:24', '2019-12-13 16:55:24'),
(1600, 10, 18, 'L', 1300000, 2, '2019-12-13 16:55:24', '2019-12-13 16:55:24'),
(1601, 10, 18, 'L', 1300000, 2, '2019-12-13 16:55:24', '2019-12-13 16:55:24'),
(1602, 10, 18, 'L', 1300000, 2, '2019-12-13 16:55:24', '2019-12-13 16:55:24'),
(1603, 10, 18, 'L', 1300000, 2, '2019-12-13 16:55:24', '2019-12-13 16:55:24'),
(1604, 10, 18, 'L', 1300000, 2, '2019-12-13 16:55:24', '2019-12-13 16:55:24'),
(1605, 10, 18, 'L', 1300000, 2, '2019-12-13 16:55:24', '2019-12-13 16:55:24'),
(1606, 10, 18, 'L', 1300000, 2, '2019-12-13 16:55:24', '2019-12-13 16:55:24'),
(1607, 10, 18, 'L', 1300000, 2, '2019-12-13 16:55:24', '2019-12-13 16:55:24'),
(1608, 10, 18, 'L', 1300000, 2, '2019-12-13 16:55:24', '2019-12-13 16:55:24'),
(1609, 10, 18, 'L', 1300000, 2, '2019-12-13 16:55:25', '2019-12-13 16:55:25'),
(1610, 10, 18, 'L', 1300000, 2, '2019-12-13 16:55:25', '2019-12-13 16:55:25'),
(1611, 10, 18, 'L', 1300000, 2, '2019-12-13 16:55:25', '2019-12-13 16:55:25'),
(1612, 10, 18, 'L', 1300000, 2, '2019-12-13 16:55:25', '2019-12-13 16:55:25'),
(1613, 10, 18, 'L', 1300000, 2, '2019-12-13 16:55:25', '2019-12-13 16:55:25'),
(1614, 10, 18, 'L', 1300000, 2, '2019-12-13 16:55:25', '2019-12-13 16:55:25'),
(1615, 10, 18, 'L', 1300000, 2, '2019-12-13 16:55:25', '2019-12-13 16:55:25'),
(1616, 10, 18, 'L', 1300000, 2, '2019-12-13 16:55:25', '2019-12-13 16:55:25'),
(1617, 10, 18, 'L', 1300000, 2, '2019-12-13 16:55:25', '2019-12-13 16:55:25'),
(1618, 10, 18, 'L', 1300000, 2, '2019-12-13 16:55:25', '2019-12-13 16:55:25'),
(1619, 10, 18, 'L', 1300000, 2, '2019-12-13 16:55:25', '2019-12-13 16:55:25'),
(1620, 10, 18, 'L', 1300000, 2, '2019-12-13 16:55:25', '2019-12-13 16:55:25'),
(1621, 10, 18, 'L', 1300000, 2, '2019-12-13 16:55:25', '2019-12-13 16:55:25'),
(1622, 10, 18, 'L', 1300000, 2, '2019-12-13 16:55:25', '2019-12-13 16:55:25'),
(1623, 10, 18, 'L', 1300000, 2, '2019-12-13 16:55:25', '2019-12-13 16:55:25'),
(1624, 10, 18, 'L', 1300000, 2, '2019-12-13 16:55:25', '2019-12-13 16:55:25'),
(1625, 10, 18, 'L', 1300000, 2, '2019-12-13 16:55:25', '2019-12-13 16:55:25'),
(1626, 10, 18, 'L', 1300000, 2, '2019-12-13 16:55:25', '2019-12-13 16:55:25'),
(1627, 10, 18, 'L', 1300000, 2, '2019-12-13 16:55:25', '2019-12-13 16:55:25'),
(1628, 10, 18, 'L', 1300000, 2, '2019-12-13 16:55:25', '2019-12-13 16:55:25'),
(1629, 10, 18, 'L', 1300000, 2, '2019-12-13 16:55:25', '2019-12-13 16:55:25'),
(1630, 10, 18, 'L', 1300000, 2, '2019-12-13 16:55:25', '2019-12-13 16:55:25'),
(1631, 10, 18, 'L', 1300000, 2, '2019-12-13 16:55:25', '2019-12-13 16:55:25'),
(1632, 10, 18, 'L', 1300000, 2, '2019-12-13 16:55:25', '2019-12-13 16:55:25'),
(1633, 10, 18, 'L', 1300000, 2, '2019-12-13 16:55:26', '2019-12-13 16:55:26'),
(1634, 10, 18, 'L', 1300000, 2, '2019-12-13 16:55:26', '2019-12-13 16:55:26'),
(1635, 10, 18, 'L', 1300000, 2, '2019-12-13 16:55:26', '2019-12-13 16:55:26'),
(1636, 10, 18, 'L', 1300000, 2, '2019-12-13 16:55:26', '2019-12-13 16:55:26'),
(1637, 10, 18, 'L', 1300000, 2, '2019-12-13 16:55:26', '2019-12-13 16:55:26'),
(1638, 10, 18, 'L', 1300000, 2, '2019-12-13 16:55:26', '2019-12-13 16:55:26'),
(1639, 10, 18, 'L', 1300000, 2, '2019-12-13 16:55:26', '2019-12-13 16:55:26'),
(1640, 10, 18, 'L', 1300000, 2, '2019-12-13 16:55:26', '2019-12-13 16:55:26'),
(1641, 10, 18, 'L', 1300000, 2, '2019-12-13 16:55:26', '2019-12-13 16:55:26'),
(1642, 10, 18, 'L', 1300000, 2, '2019-12-13 16:55:26', '2019-12-13 16:55:26'),
(1643, 10, 18, 'L', 1300000, 2, '2019-12-13 16:55:26', '2019-12-13 16:55:26'),
(1644, 10, 18, 'L', 1300000, 2, '2019-12-13 16:55:26', '2019-12-13 16:55:26'),
(1645, 10, 18, 'L', 1300000, 2, '2019-12-13 16:55:26', '2019-12-13 16:55:26'),
(1646, 10, 18, 'L', 1300000, 2, '2019-12-13 16:55:26', '2019-12-13 16:55:26'),
(1647, 10, 18, 'L', 1300000, 2, '2019-12-13 16:55:26', '2019-12-13 16:55:26'),
(1648, 10, 18, 'L', 1300000, 2, '2019-12-13 16:55:26', '2019-12-13 16:55:26'),
(1649, 10, 18, 'L', 1300000, 2, '2019-12-13 16:55:26', '2019-12-13 16:55:26'),
(1650, 10, 18, 'L', 1300000, 2, '2019-12-13 16:55:26', '2019-12-13 16:55:26');
INSERT INTO `order_details` (`id`, `order_id`, `product_id`, `size_name`, `price`, `quantity`, `created_at`, `updated_at`) VALUES
(1651, 10, 18, 'L', 1300000, 2, '2019-12-13 16:55:26', '2019-12-13 16:55:26'),
(1652, 10, 18, 'L', 1300000, 2, '2019-12-13 16:55:26', '2019-12-13 16:55:26'),
(1653, 10, 18, 'L', 1300000, 2, '2019-12-13 16:55:26', '2019-12-13 16:55:26'),
(1654, 10, 18, 'L', 1300000, 2, '2019-12-13 16:55:26', '2019-12-13 16:55:26'),
(1655, 10, 18, 'L', 1300000, 2, '2019-12-13 16:55:26', '2019-12-13 16:55:26'),
(1656, 10, 18, 'L', 1300000, 2, '2019-12-13 16:55:27', '2019-12-13 16:55:27'),
(1657, 10, 18, 'L', 1300000, 2, '2019-12-13 16:55:27', '2019-12-13 16:55:27'),
(1658, 10, 18, 'L', 1300000, 2, '2019-12-13 16:55:27', '2019-12-13 16:55:27'),
(1659, 10, 18, 'L', 1300000, 2, '2019-12-13 16:55:27', '2019-12-13 16:55:27'),
(1660, 10, 18, 'L', 1300000, 2, '2019-12-13 16:55:27', '2019-12-13 16:55:27'),
(1661, 10, 18, 'L', 1300000, 2, '2019-12-13 16:55:27', '2019-12-13 16:55:27'),
(1662, 10, 18, 'L', 1300000, 2, '2019-12-13 16:55:27', '2019-12-13 16:55:27'),
(1663, 10, 18, 'L', 1300000, 2, '2019-12-13 16:55:27', '2019-12-13 16:55:27'),
(1664, 10, 18, 'L', 1300000, 2, '2019-12-13 16:55:27', '2019-12-13 16:55:27'),
(1665, 10, 18, 'L', 1300000, 2, '2019-12-13 16:55:27', '2019-12-13 16:55:27'),
(1666, 10, 18, 'L', 1300000, 2, '2019-12-13 16:55:27', '2019-12-13 16:55:27'),
(1667, 10, 18, 'L', 1300000, 2, '2019-12-13 16:55:27', '2019-12-13 16:55:27'),
(1668, 10, 18, 'L', 1300000, 2, '2019-12-13 16:55:27', '2019-12-13 16:55:27'),
(1669, 10, 18, 'L', 1300000, 2, '2019-12-13 16:55:27', '2019-12-13 16:55:27'),
(1670, 10, 18, 'L', 1300000, 2, '2019-12-13 16:55:27', '2019-12-13 16:55:27'),
(1671, 10, 18, 'L', 1300000, 2, '2019-12-13 16:55:27', '2019-12-13 16:55:27'),
(1672, 10, 18, 'L', 1300000, 2, '2019-12-13 16:55:27', '2019-12-13 16:55:27'),
(1673, 10, 18, 'L', 1300000, 2, '2019-12-13 16:55:27', '2019-12-13 16:55:27'),
(1674, 10, 18, 'L', 1300000, 2, '2019-12-13 16:55:27', '2019-12-13 16:55:27'),
(1675, 10, 18, 'L', 1300000, 2, '2019-12-13 16:55:27', '2019-12-13 16:55:27'),
(1676, 10, 18, 'L', 1300000, 2, '2019-12-13 16:55:27', '2019-12-13 16:55:27'),
(1677, 10, 18, 'L', 1300000, 2, '2019-12-13 16:55:27', '2019-12-13 16:55:27'),
(1678, 10, 18, 'L', 1300000, 2, '2019-12-13 16:55:27', '2019-12-13 16:55:27'),
(1679, 10, 18, 'L', 1300000, 2, '2019-12-13 16:55:27', '2019-12-13 16:55:27'),
(1680, 10, 18, 'L', 1300000, 2, '2019-12-13 16:55:27', '2019-12-13 16:55:27'),
(1681, 10, 18, 'L', 1300000, 2, '2019-12-13 16:55:27', '2019-12-13 16:55:27'),
(1682, 10, 18, 'L', 1300000, 2, '2019-12-13 16:55:28', '2019-12-13 16:55:28'),
(1683, 10, 18, 'L', 1300000, 2, '2019-12-13 16:55:28', '2019-12-13 16:55:28'),
(1684, 10, 18, 'L', 1300000, 2, '2019-12-13 16:55:28', '2019-12-13 16:55:28'),
(1685, 10, 18, 'L', 1300000, 2, '2019-12-13 16:55:28', '2019-12-13 16:55:28'),
(1686, 10, 18, 'L', 1300000, 2, '2019-12-13 16:55:28', '2019-12-13 16:55:28'),
(1687, 10, 18, 'L', 1300000, 2, '2019-12-13 16:55:28', '2019-12-13 16:55:28'),
(1688, 10, 18, 'L', 1300000, 2, '2019-12-13 16:55:28', '2019-12-13 16:55:28'),
(1689, 10, 18, 'L', 1300000, 2, '2019-12-13 16:55:28', '2019-12-13 16:55:28'),
(1690, 10, 18, 'L', 1300000, 2, '2019-12-13 16:55:28', '2019-12-13 16:55:28'),
(1691, 10, 18, 'L', 1300000, 2, '2019-12-13 16:55:28', '2019-12-13 16:55:28'),
(1692, 10, 18, 'L', 1300000, 2, '2019-12-13 16:55:28', '2019-12-13 16:55:28'),
(1693, 10, 18, 'L', 1300000, 2, '2019-12-13 16:55:28', '2019-12-13 16:55:28'),
(1694, 10, 18, 'L', 1300000, 2, '2019-12-13 16:55:28', '2019-12-13 16:55:28'),
(1695, 10, 18, 'L', 1300000, 2, '2019-12-13 16:55:28', '2019-12-13 16:55:28'),
(1696, 10, 18, 'L', 1300000, 2, '2019-12-13 16:55:28', '2019-12-13 16:55:28'),
(1697, 10, 18, 'L', 1300000, 2, '2019-12-13 16:55:28', '2019-12-13 16:55:28'),
(1698, 10, 18, 'L', 1300000, 2, '2019-12-13 16:55:28', '2019-12-13 16:55:28'),
(1699, 10, 18, 'L', 1300000, 2, '2019-12-13 16:55:28', '2019-12-13 16:55:28'),
(1700, 10, 18, 'L', 1300000, 2, '2019-12-13 16:55:28', '2019-12-13 16:55:28'),
(1701, 10, 18, 'L', 1300000, 2, '2019-12-13 16:55:28', '2019-12-13 16:55:28'),
(1702, 10, 18, 'L', 1300000, 2, '2019-12-13 16:55:28', '2019-12-13 16:55:28'),
(1703, 10, 18, 'L', 1300000, 2, '2019-12-13 16:55:28', '2019-12-13 16:55:28'),
(1704, 10, 18, 'L', 1300000, 2, '2019-12-13 16:55:29', '2019-12-13 16:55:29'),
(1705, 10, 18, 'L', 1300000, 2, '2019-12-13 16:55:29', '2019-12-13 16:55:29'),
(1706, 10, 18, 'L', 1300000, 2, '2019-12-13 16:55:29', '2019-12-13 16:55:29'),
(1707, 10, 18, 'L', 1300000, 2, '2019-12-13 16:55:29', '2019-12-13 16:55:29'),
(1708, 10, 18, 'L', 1300000, 2, '2019-12-13 16:55:29', '2019-12-13 16:55:29'),
(1709, 10, 18, 'L', 1300000, 2, '2019-12-13 16:55:29', '2019-12-13 16:55:29'),
(1710, 10, 18, 'L', 1300000, 2, '2019-12-13 16:55:29', '2019-12-13 16:55:29'),
(1711, 10, 18, 'L', 1300000, 2, '2019-12-13 16:55:29', '2019-12-13 16:55:29'),
(1712, 10, 18, 'L', 1300000, 2, '2019-12-13 16:55:29', '2019-12-13 16:55:29'),
(1713, 10, 18, 'L', 1300000, 2, '2019-12-13 16:55:29', '2019-12-13 16:55:29'),
(1714, 10, 18, 'L', 1300000, 2, '2019-12-13 16:55:29', '2019-12-13 16:55:29'),
(1715, 10, 18, 'L', 1300000, 2, '2019-12-13 16:55:29', '2019-12-13 16:55:29'),
(1716, 10, 18, 'L', 1300000, 2, '2019-12-13 16:55:29', '2019-12-13 16:55:29'),
(1717, 10, 18, 'L', 1300000, 2, '2019-12-13 16:55:29', '2019-12-13 16:55:29'),
(1718, 10, 18, 'L', 1300000, 2, '2019-12-13 16:55:29', '2019-12-13 16:55:29'),
(1719, 10, 18, 'L', 1300000, 2, '2019-12-13 16:55:29', '2019-12-13 16:55:29'),
(1720, 10, 18, 'L', 1300000, 2, '2019-12-13 16:55:29', '2019-12-13 16:55:29'),
(1721, 10, 18, 'L', 1300000, 2, '2019-12-13 16:55:29', '2019-12-13 16:55:29'),
(1722, 10, 18, 'L', 1300000, 2, '2019-12-13 16:55:29', '2019-12-13 16:55:29'),
(1723, 10, 18, 'L', 1300000, 2, '2019-12-13 16:55:29', '2019-12-13 16:55:29'),
(1724, 10, 18, 'L', 1300000, 2, '2019-12-13 16:55:29', '2019-12-13 16:55:29'),
(1725, 10, 18, 'L', 1300000, 2, '2019-12-13 16:55:29', '2019-12-13 16:55:29'),
(1726, 10, 18, 'L', 1300000, 2, '2019-12-13 16:55:29', '2019-12-13 16:55:29'),
(1727, 10, 18, 'L', 1300000, 2, '2019-12-13 16:55:29', '2019-12-13 16:55:29'),
(1728, 10, 18, 'L', 1300000, 2, '2019-12-13 16:55:30', '2019-12-13 16:55:30'),
(1729, 10, 18, 'L', 1300000, 2, '2019-12-13 16:55:30', '2019-12-13 16:55:30'),
(1730, 10, 18, 'L', 1300000, 2, '2019-12-13 16:55:30', '2019-12-13 16:55:30'),
(1731, 10, 18, 'L', 1300000, 2, '2019-12-13 16:55:30', '2019-12-13 16:55:30'),
(1732, 10, 18, 'L', 1300000, 2, '2019-12-13 16:55:30', '2019-12-13 16:55:30'),
(1733, 10, 18, 'L', 1300000, 2, '2019-12-13 16:55:30', '2019-12-13 16:55:30'),
(1734, 10, 18, 'L', 1300000, 2, '2019-12-13 16:55:30', '2019-12-13 16:55:30'),
(1735, 10, 18, 'L', 1300000, 2, '2019-12-13 16:55:30', '2019-12-13 16:55:30'),
(1736, 10, 18, 'L', 1300000, 2, '2019-12-13 16:55:30', '2019-12-13 16:55:30'),
(1737, 10, 18, 'L', 1300000, 2, '2019-12-13 16:55:30', '2019-12-13 16:55:30'),
(1738, 10, 18, 'L', 1300000, 2, '2019-12-13 16:55:30', '2019-12-13 16:55:30'),
(1739, 10, 18, 'L', 1300000, 2, '2019-12-13 16:55:30', '2019-12-13 16:55:30'),
(1740, 10, 18, 'L', 1300000, 2, '2019-12-13 16:55:30', '2019-12-13 16:55:30'),
(1741, 10, 18, 'L', 1300000, 2, '2019-12-13 16:55:30', '2019-12-13 16:55:30'),
(1742, 10, 18, 'L', 1300000, 2, '2019-12-13 16:55:30', '2019-12-13 16:55:30'),
(1743, 10, 18, 'L', 1300000, 2, '2019-12-13 16:55:30', '2019-12-13 16:55:30'),
(1744, 10, 18, 'L', 1300000, 2, '2019-12-13 16:55:30', '2019-12-13 16:55:30'),
(1745, 10, 18, 'L', 1300000, 2, '2019-12-13 16:55:30', '2019-12-13 16:55:30'),
(1746, 10, 18, 'L', 1300000, 2, '2019-12-13 16:55:30', '2019-12-13 16:55:30'),
(1747, 10, 18, 'L', 1300000, 2, '2019-12-13 16:55:30', '2019-12-13 16:55:30'),
(1748, 10, 18, 'L', 1300000, 2, '2019-12-13 16:55:30', '2019-12-13 16:55:30'),
(1749, 10, 18, 'L', 1300000, 2, '2019-12-13 16:55:31', '2019-12-13 16:55:31'),
(1750, 10, 18, 'L', 1300000, 2, '2019-12-13 16:55:31', '2019-12-13 16:55:31'),
(1751, 10, 18, 'L', 1300000, 2, '2019-12-13 16:55:31', '2019-12-13 16:55:31'),
(1752, 10, 18, 'L', 1300000, 2, '2019-12-13 16:55:31', '2019-12-13 16:55:31'),
(1753, 10, 18, 'L', 1300000, 2, '2019-12-13 16:55:31', '2019-12-13 16:55:31'),
(1754, 10, 18, 'L', 1300000, 2, '2019-12-13 16:55:31', '2019-12-13 16:55:31'),
(1755, 10, 18, 'L', 1300000, 2, '2019-12-13 16:55:31', '2019-12-13 16:55:31'),
(1756, 10, 18, 'L', 1300000, 2, '2019-12-13 16:55:31', '2019-12-13 16:55:31'),
(1757, 10, 18, 'L', 1300000, 2, '2019-12-13 16:55:31', '2019-12-13 16:55:31'),
(1758, 10, 18, 'L', 1300000, 2, '2019-12-13 16:55:31', '2019-12-13 16:55:31'),
(1759, 10, 18, 'L', 1300000, 2, '2019-12-13 16:55:31', '2019-12-13 16:55:31'),
(1760, 10, 18, 'L', 1300000, 2, '2019-12-13 16:55:31', '2019-12-13 16:55:31'),
(1761, 10, 18, 'L', 1300000, 2, '2019-12-13 16:55:31', '2019-12-13 16:55:31'),
(1762, 10, 18, 'L', 1300000, 2, '2019-12-13 16:55:31', '2019-12-13 16:55:31'),
(1763, 10, 18, 'L', 1300000, 2, '2019-12-13 16:55:31', '2019-12-13 16:55:31'),
(1764, 10, 18, 'L', 1300000, 2, '2019-12-13 16:55:31', '2019-12-13 16:55:31'),
(1765, 10, 18, 'L', 1300000, 2, '2019-12-13 16:55:31', '2019-12-13 16:55:31'),
(1766, 10, 18, 'L', 1300000, 2, '2019-12-13 16:55:31', '2019-12-13 16:55:31'),
(1767, 10, 18, 'L', 1300000, 2, '2019-12-13 16:55:31', '2019-12-13 16:55:31'),
(1768, 10, 18, 'L', 1300000, 2, '2019-12-13 16:55:31', '2019-12-13 16:55:31'),
(1769, 10, 18, 'L', 1300000, 2, '2019-12-13 16:55:31', '2019-12-13 16:55:31'),
(1770, 10, 18, 'L', 1300000, 2, '2019-12-13 16:55:31', '2019-12-13 16:55:31'),
(1771, 10, 18, 'L', 1300000, 2, '2019-12-13 16:55:31', '2019-12-13 16:55:31'),
(1772, 10, 18, 'L', 1300000, 2, '2019-12-13 16:55:31', '2019-12-13 16:55:31'),
(1773, 10, 18, 'L', 1300000, 2, '2019-12-13 16:55:32', '2019-12-13 16:55:32'),
(1774, 10, 18, 'L', 1300000, 2, '2019-12-13 16:55:32', '2019-12-13 16:55:32'),
(1775, 10, 18, 'L', 1300000, 2, '2019-12-13 16:55:32', '2019-12-13 16:55:32'),
(1776, 10, 18, 'L', 1300000, 2, '2019-12-13 16:55:32', '2019-12-13 16:55:32'),
(1777, 10, 18, 'L', 1300000, 2, '2019-12-13 16:55:32', '2019-12-13 16:55:32'),
(1778, 10, 18, 'L', 1300000, 2, '2019-12-13 16:55:32', '2019-12-13 16:55:32'),
(1779, 10, 18, 'L', 1300000, 2, '2019-12-13 16:55:32', '2019-12-13 16:55:32'),
(1780, 10, 18, 'L', 1300000, 2, '2019-12-13 16:55:32', '2019-12-13 16:55:32'),
(1781, 10, 18, 'L', 1300000, 2, '2019-12-13 16:55:32', '2019-12-13 16:55:32'),
(1782, 10, 18, 'L', 1300000, 2, '2019-12-13 16:55:32', '2019-12-13 16:55:32'),
(1783, 10, 18, 'L', 1300000, 2, '2019-12-13 16:55:32', '2019-12-13 16:55:32'),
(1784, 10, 18, 'L', 1300000, 2, '2019-12-13 16:55:32', '2019-12-13 16:55:32'),
(1785, 10, 18, 'L', 1300000, 2, '2019-12-13 16:55:32', '2019-12-13 16:55:32'),
(1786, 10, 18, 'L', 1300000, 2, '2019-12-13 16:55:32', '2019-12-13 16:55:32'),
(1787, 10, 18, 'L', 1300000, 2, '2019-12-13 16:55:32', '2019-12-13 16:55:32'),
(1788, 10, 18, 'L', 1300000, 2, '2019-12-13 16:55:32', '2019-12-13 16:55:32'),
(1789, 10, 18, 'L', 1300000, 2, '2019-12-13 16:55:32', '2019-12-13 16:55:32'),
(1790, 10, 18, 'L', 1300000, 2, '2019-12-13 16:55:32', '2019-12-13 16:55:32'),
(1791, 10, 18, 'L', 1300000, 2, '2019-12-13 16:55:32', '2019-12-13 16:55:32'),
(1792, 10, 18, 'L', 1300000, 2, '2019-12-13 16:55:32', '2019-12-13 16:55:32'),
(1793, 10, 18, 'L', 1300000, 2, '2019-12-13 16:55:32', '2019-12-13 16:55:32'),
(1794, 10, 18, 'L', 1300000, 2, '2019-12-13 16:55:32', '2019-12-13 16:55:32'),
(1795, 10, 18, 'L', 1300000, 2, '2019-12-13 16:55:32', '2019-12-13 16:55:32'),
(1796, 10, 18, 'L', 1300000, 2, '2019-12-13 16:55:32', '2019-12-13 16:55:32'),
(1797, 10, 18, 'L', 1300000, 2, '2019-12-13 16:55:32', '2019-12-13 16:55:32'),
(1798, 10, 18, 'L', 1300000, 2, '2019-12-13 16:55:33', '2019-12-13 16:55:33'),
(1799, 10, 18, 'L', 1300000, 2, '2019-12-13 16:55:33', '2019-12-13 16:55:33'),
(1800, 10, 18, 'L', 1300000, 2, '2019-12-13 16:55:33', '2019-12-13 16:55:33'),
(1801, 10, 18, 'L', 1300000, 2, '2019-12-13 16:55:33', '2019-12-13 16:55:33'),
(1802, 10, 18, 'L', 1300000, 2, '2019-12-13 16:55:33', '2019-12-13 16:55:33'),
(1803, 10, 18, 'L', 1300000, 2, '2019-12-13 16:55:33', '2019-12-13 16:55:33'),
(1804, 10, 18, 'L', 1300000, 2, '2019-12-13 16:55:33', '2019-12-13 16:55:33'),
(1805, 10, 18, 'L', 1300000, 2, '2019-12-13 16:55:33', '2019-12-13 16:55:33'),
(1806, 10, 18, 'L', 1300000, 2, '2019-12-13 16:55:33', '2019-12-13 16:55:33'),
(1807, 10, 18, 'L', 1300000, 2, '2019-12-13 16:55:33', '2019-12-13 16:55:33'),
(1808, 10, 18, 'L', 1300000, 2, '2019-12-13 16:55:33', '2019-12-13 16:55:33'),
(1809, 10, 18, 'L', 1300000, 2, '2019-12-13 16:55:33', '2019-12-13 16:55:33'),
(1810, 10, 18, 'L', 1300000, 2, '2019-12-13 16:55:33', '2019-12-13 16:55:33'),
(1811, 10, 18, 'L', 1300000, 2, '2019-12-13 16:55:33', '2019-12-13 16:55:33'),
(1812, 10, 18, 'L', 1300000, 2, '2019-12-13 16:55:33', '2019-12-13 16:55:33'),
(1813, 10, 18, 'L', 1300000, 2, '2019-12-13 16:55:33', '2019-12-13 16:55:33'),
(1814, 10, 18, 'L', 1300000, 2, '2019-12-13 16:55:33', '2019-12-13 16:55:33'),
(1815, 10, 18, 'L', 1300000, 2, '2019-12-13 16:55:33', '2019-12-13 16:55:33'),
(1816, 10, 18, 'L', 1300000, 2, '2019-12-13 16:55:33', '2019-12-13 16:55:33'),
(1817, 10, 18, 'L', 1300000, 2, '2019-12-13 16:55:33', '2019-12-13 16:55:33'),
(1818, 10, 18, 'L', 1300000, 2, '2019-12-13 16:55:33', '2019-12-13 16:55:33'),
(1819, 10, 18, 'L', 1300000, 2, '2019-12-13 16:55:33', '2019-12-13 16:55:33'),
(1820, 10, 18, 'L', 1300000, 2, '2019-12-13 16:55:33', '2019-12-13 16:55:33'),
(1821, 10, 18, 'L', 1300000, 2, '2019-12-13 16:55:33', '2019-12-13 16:55:33'),
(1822, 10, 18, 'L', 1300000, 2, '2019-12-13 16:55:34', '2019-12-13 16:55:34'),
(1823, 10, 18, 'L', 1300000, 2, '2019-12-13 16:55:34', '2019-12-13 16:55:34'),
(1824, 10, 18, 'L', 1300000, 2, '2019-12-13 16:55:34', '2019-12-13 16:55:34'),
(1825, 10, 18, 'L', 1300000, 2, '2019-12-13 16:55:34', '2019-12-13 16:55:34'),
(1826, 10, 18, 'L', 1300000, 2, '2019-12-13 16:55:34', '2019-12-13 16:55:34'),
(1827, 10, 18, 'L', 1300000, 2, '2019-12-13 16:55:34', '2019-12-13 16:55:34'),
(1828, 10, 18, 'L', 1300000, 2, '2019-12-13 16:55:34', '2019-12-13 16:55:34'),
(1829, 10, 18, 'L', 1300000, 2, '2019-12-13 16:55:34', '2019-12-13 16:55:34'),
(1830, 10, 18, 'L', 1300000, 2, '2019-12-13 16:55:34', '2019-12-13 16:55:34'),
(1831, 10, 18, 'L', 1300000, 2, '2019-12-13 16:55:34', '2019-12-13 16:55:34'),
(1832, 10, 18, 'L', 1300000, 2, '2019-12-13 16:55:34', '2019-12-13 16:55:34'),
(1833, 10, 18, 'L', 1300000, 2, '2019-12-13 16:55:34', '2019-12-13 16:55:34'),
(1834, 10, 18, 'L', 1300000, 2, '2019-12-13 16:55:34', '2019-12-13 16:55:34'),
(1835, 10, 18, 'L', 1300000, 2, '2019-12-13 16:55:34', '2019-12-13 16:55:34'),
(1836, 10, 18, 'L', 1300000, 2, '2019-12-13 16:56:21', '2019-12-13 16:56:21'),
(1837, 10, 18, 'L', 1300000, 2, '2019-12-13 16:56:21', '2019-12-13 16:56:21'),
(1838, 10, 18, 'L', 1300000, 2, '2019-12-13 16:56:21', '2019-12-13 16:56:21'),
(1839, 10, 18, 'L', 1300000, 2, '2019-12-13 16:56:22', '2019-12-13 16:56:22'),
(1840, 10, 18, 'L', 1300000, 2, '2019-12-13 16:56:22', '2019-12-13 16:56:22'),
(1841, 10, 18, 'L', 1300000, 2, '2019-12-13 16:56:22', '2019-12-13 16:56:22'),
(1842, 10, 18, 'L', 1300000, 2, '2019-12-13 16:56:22', '2019-12-13 16:56:22'),
(1843, 10, 18, 'L', 1300000, 2, '2019-12-13 16:56:22', '2019-12-13 16:56:22'),
(1844, 10, 18, 'L', 1300000, 2, '2019-12-13 16:56:22', '2019-12-13 16:56:22'),
(1845, 10, 18, 'L', 1300000, 2, '2019-12-13 16:56:22', '2019-12-13 16:56:22'),
(1846, 10, 18, 'L', 1300000, 2, '2019-12-13 16:56:22', '2019-12-13 16:56:22'),
(1847, 10, 18, 'L', 1300000, 2, '2019-12-13 16:56:22', '2019-12-13 16:56:22'),
(1848, 10, 18, 'L', 1300000, 2, '2019-12-13 16:56:22', '2019-12-13 16:56:22'),
(1849, 10, 18, 'L', 1300000, 2, '2019-12-13 16:56:22', '2019-12-13 16:56:22'),
(1850, 10, 18, 'L', 1300000, 2, '2019-12-13 16:56:22', '2019-12-13 16:56:22'),
(1851, 10, 18, 'L', 1300000, 2, '2019-12-13 16:56:22', '2019-12-13 16:56:22'),
(1852, 10, 18, 'L', 1300000, 2, '2019-12-13 16:56:22', '2019-12-13 16:56:22'),
(1853, 10, 18, 'L', 1300000, 2, '2019-12-13 16:56:22', '2019-12-13 16:56:22'),
(1854, 10, 18, 'L', 1300000, 2, '2019-12-13 16:56:22', '2019-12-13 16:56:22'),
(1855, 10, 18, 'L', 1300000, 2, '2019-12-13 16:56:22', '2019-12-13 16:56:22'),
(1856, 10, 18, 'L', 1300000, 2, '2019-12-13 16:56:22', '2019-12-13 16:56:22'),
(1857, 10, 18, 'L', 1300000, 2, '2019-12-13 16:56:22', '2019-12-13 16:56:22'),
(1858, 10, 18, 'L', 1300000, 2, '2019-12-13 16:56:22', '2019-12-13 16:56:22'),
(1859, 10, 18, 'L', 1300000, 2, '2019-12-13 16:56:22', '2019-12-13 16:56:22'),
(1860, 10, 18, 'L', 1300000, 2, '2019-12-13 16:56:22', '2019-12-13 16:56:22'),
(1861, 10, 18, 'L', 1300000, 2, '2019-12-13 16:56:22', '2019-12-13 16:56:22'),
(1862, 10, 18, 'L', 1300000, 2, '2019-12-13 16:56:22', '2019-12-13 16:56:22'),
(1863, 10, 18, 'L', 1300000, 2, '2019-12-13 16:56:22', '2019-12-13 16:56:22'),
(1864, 10, 18, 'L', 1300000, 2, '2019-12-13 16:56:23', '2019-12-13 16:56:23'),
(1865, 10, 18, 'L', 1300000, 2, '2019-12-13 16:56:23', '2019-12-13 16:56:23'),
(1866, 10, 18, 'L', 1300000, 2, '2019-12-13 16:56:23', '2019-12-13 16:56:23'),
(1867, 10, 18, 'L', 1300000, 2, '2019-12-13 16:56:23', '2019-12-13 16:56:23'),
(1868, 10, 18, 'L', 1300000, 2, '2019-12-13 16:56:23', '2019-12-13 16:56:23'),
(1869, 10, 18, 'L', 1300000, 2, '2019-12-13 16:56:23', '2019-12-13 16:56:23'),
(1870, 10, 18, 'L', 1300000, 2, '2019-12-13 16:56:23', '2019-12-13 16:56:23'),
(1871, 10, 18, 'L', 1300000, 2, '2019-12-13 16:56:23', '2019-12-13 16:56:23'),
(1872, 10, 18, 'L', 1300000, 2, '2019-12-13 16:56:23', '2019-12-13 16:56:23'),
(1873, 10, 18, 'L', 1300000, 2, '2019-12-13 16:56:23', '2019-12-13 16:56:23'),
(1874, 10, 18, 'L', 1300000, 2, '2019-12-13 16:56:23', '2019-12-13 16:56:23'),
(1875, 10, 18, 'L', 1300000, 2, '2019-12-13 16:56:23', '2019-12-13 16:56:23'),
(1876, 10, 18, 'L', 1300000, 2, '2019-12-13 16:56:23', '2019-12-13 16:56:23'),
(1877, 10, 18, 'L', 1300000, 2, '2019-12-13 16:56:23', '2019-12-13 16:56:23'),
(1878, 10, 18, 'L', 1300000, 2, '2019-12-13 16:56:23', '2019-12-13 16:56:23'),
(1879, 10, 18, 'L', 1300000, 2, '2019-12-13 16:56:23', '2019-12-13 16:56:23'),
(1880, 10, 18, 'L', 1300000, 2, '2019-12-13 16:56:23', '2019-12-13 16:56:23'),
(1881, 10, 18, 'L', 1300000, 2, '2019-12-13 16:56:23', '2019-12-13 16:56:23'),
(1882, 10, 18, 'L', 1300000, 2, '2019-12-13 16:56:23', '2019-12-13 16:56:23'),
(1883, 10, 18, 'L', 1300000, 2, '2019-12-13 16:56:23', '2019-12-13 16:56:23'),
(1884, 10, 18, 'L', 1300000, 2, '2019-12-13 16:56:23', '2019-12-13 16:56:23'),
(1885, 10, 18, 'L', 1300000, 2, '2019-12-13 16:56:23', '2019-12-13 16:56:23'),
(1886, 10, 18, 'L', 1300000, 2, '2019-12-13 16:56:23', '2019-12-13 16:56:23'),
(1887, 10, 18, 'L', 1300000, 2, '2019-12-13 16:56:23', '2019-12-13 16:56:23'),
(1888, 10, 18, 'L', 1300000, 2, '2019-12-13 16:56:23', '2019-12-13 16:56:23'),
(1889, 10, 18, 'L', 1300000, 2, '2019-12-13 16:56:24', '2019-12-13 16:56:24'),
(1890, 10, 18, 'L', 1300000, 2, '2019-12-13 16:56:24', '2019-12-13 16:56:24'),
(1891, 10, 18, 'L', 1300000, 2, '2019-12-13 16:56:24', '2019-12-13 16:56:24'),
(1892, 10, 18, 'L', 1300000, 2, '2019-12-13 16:56:24', '2019-12-13 16:56:24'),
(1893, 10, 18, 'L', 1300000, 2, '2019-12-13 16:56:24', '2019-12-13 16:56:24'),
(1894, 10, 18, 'L', 1300000, 2, '2019-12-13 16:56:24', '2019-12-13 16:56:24'),
(1895, 10, 18, 'L', 1300000, 2, '2019-12-13 16:56:24', '2019-12-13 16:56:24'),
(1896, 10, 18, 'L', 1300000, 2, '2019-12-13 16:56:24', '2019-12-13 16:56:24'),
(1897, 10, 18, 'L', 1300000, 2, '2019-12-13 16:56:24', '2019-12-13 16:56:24'),
(1898, 10, 18, 'L', 1300000, 2, '2019-12-13 16:56:24', '2019-12-13 16:56:24'),
(1899, 10, 18, 'L', 1300000, 2, '2019-12-13 16:56:24', '2019-12-13 16:56:24'),
(1900, 10, 18, 'L', 1300000, 2, '2019-12-13 16:56:24', '2019-12-13 16:56:24'),
(1901, 10, 18, 'L', 1300000, 2, '2019-12-13 16:56:24', '2019-12-13 16:56:24'),
(1902, 10, 18, 'L', 1300000, 2, '2019-12-13 16:56:24', '2019-12-13 16:56:24'),
(1903, 10, 18, 'L', 1300000, 2, '2019-12-13 16:56:24', '2019-12-13 16:56:24'),
(1904, 10, 18, 'L', 1300000, 2, '2019-12-13 16:56:24', '2019-12-13 16:56:24'),
(1905, 10, 18, 'L', 1300000, 2, '2019-12-13 16:56:24', '2019-12-13 16:56:24'),
(1906, 10, 18, 'L', 1300000, 2, '2019-12-13 16:56:24', '2019-12-13 16:56:24'),
(1907, 10, 18, 'L', 1300000, 2, '2019-12-13 16:56:24', '2019-12-13 16:56:24'),
(1908, 10, 18, 'L', 1300000, 2, '2019-12-13 16:56:25', '2019-12-13 16:56:25'),
(1909, 10, 18, 'L', 1300000, 2, '2019-12-13 16:56:25', '2019-12-13 16:56:25'),
(1910, 10, 18, 'L', 1300000, 2, '2019-12-13 16:56:25', '2019-12-13 16:56:25'),
(1911, 10, 18, 'L', 1300000, 2, '2019-12-13 16:56:25', '2019-12-13 16:56:25'),
(1912, 10, 18, 'L', 1300000, 2, '2019-12-13 16:56:25', '2019-12-13 16:56:25'),
(1913, 10, 18, 'L', 1300000, 2, '2019-12-13 16:56:25', '2019-12-13 16:56:25'),
(1914, 10, 18, 'L', 1300000, 2, '2019-12-13 16:56:25', '2019-12-13 16:56:25'),
(1915, 10, 18, 'L', 1300000, 2, '2019-12-13 16:56:25', '2019-12-13 16:56:25'),
(1916, 10, 18, 'L', 1300000, 2, '2019-12-13 16:56:25', '2019-12-13 16:56:25'),
(1917, 10, 18, 'L', 1300000, 2, '2019-12-13 16:56:25', '2019-12-13 16:56:25'),
(1918, 10, 18, 'L', 1300000, 2, '2019-12-13 16:56:25', '2019-12-13 16:56:25'),
(1919, 10, 18, 'L', 1300000, 2, '2019-12-13 16:56:25', '2019-12-13 16:56:25'),
(1920, 10, 18, 'L', 1300000, 2, '2019-12-13 16:56:25', '2019-12-13 16:56:25'),
(1921, 10, 18, 'L', 1300000, 2, '2019-12-13 16:56:25', '2019-12-13 16:56:25'),
(1922, 10, 18, 'L', 1300000, 2, '2019-12-13 16:56:25', '2019-12-13 16:56:25'),
(1923, 10, 18, 'L', 1300000, 2, '2019-12-13 16:56:25', '2019-12-13 16:56:25'),
(1924, 10, 18, 'L', 1300000, 2, '2019-12-13 16:56:25', '2019-12-13 16:56:25'),
(1925, 10, 18, 'L', 1300000, 2, '2019-12-13 16:56:25', '2019-12-13 16:56:25'),
(1926, 10, 18, 'L', 1300000, 2, '2019-12-13 16:56:25', '2019-12-13 16:56:25'),
(1927, 10, 18, 'L', 1300000, 2, '2019-12-13 16:56:25', '2019-12-13 16:56:25'),
(1928, 10, 18, 'L', 1300000, 2, '2019-12-13 16:56:25', '2019-12-13 16:56:25'),
(1929, 10, 18, 'L', 1300000, 2, '2019-12-13 16:56:25', '2019-12-13 16:56:25'),
(1930, 10, 18, 'L', 1300000, 2, '2019-12-13 16:56:25', '2019-12-13 16:56:25'),
(1931, 10, 18, 'L', 1300000, 2, '2019-12-13 16:56:26', '2019-12-13 16:56:26'),
(1932, 10, 18, 'L', 1300000, 2, '2019-12-13 16:56:26', '2019-12-13 16:56:26'),
(1933, 10, 18, 'L', 1300000, 2, '2019-12-13 16:56:26', '2019-12-13 16:56:26'),
(1934, 10, 18, 'L', 1300000, 2, '2019-12-13 16:56:26', '2019-12-13 16:56:26'),
(1935, 10, 18, 'L', 1300000, 2, '2019-12-13 16:56:26', '2019-12-13 16:56:26'),
(1936, 10, 18, 'L', 1300000, 2, '2019-12-13 16:56:26', '2019-12-13 16:56:26'),
(1937, 10, 18, 'L', 1300000, 2, '2019-12-13 16:56:26', '2019-12-13 16:56:26'),
(1938, 10, 18, 'L', 1300000, 2, '2019-12-13 16:56:26', '2019-12-13 16:56:26'),
(1939, 10, 18, 'L', 1300000, 2, '2019-12-13 16:56:26', '2019-12-13 16:56:26'),
(1940, 10, 18, 'L', 1300000, 2, '2019-12-13 16:56:26', '2019-12-13 16:56:26'),
(1941, 10, 18, 'L', 1300000, 2, '2019-12-13 16:56:26', '2019-12-13 16:56:26'),
(1942, 10, 18, 'L', 1300000, 2, '2019-12-13 16:56:26', '2019-12-13 16:56:26'),
(1943, 10, 18, 'L', 1300000, 2, '2019-12-13 16:56:26', '2019-12-13 16:56:26'),
(1944, 10, 18, 'L', 1300000, 2, '2019-12-13 16:56:26', '2019-12-13 16:56:26'),
(1945, 10, 18, 'L', 1300000, 2, '2019-12-13 16:56:26', '2019-12-13 16:56:26'),
(1946, 10, 18, 'L', 1300000, 2, '2019-12-13 16:56:26', '2019-12-13 16:56:26'),
(1947, 10, 18, 'L', 1300000, 2, '2019-12-13 16:56:26', '2019-12-13 16:56:26'),
(1948, 10, 18, 'L', 1300000, 2, '2019-12-13 16:56:26', '2019-12-13 16:56:26'),
(1949, 10, 18, 'L', 1300000, 2, '2019-12-13 16:56:26', '2019-12-13 16:56:26'),
(1950, 10, 18, 'L', 1300000, 2, '2019-12-13 16:56:26', '2019-12-13 16:56:26'),
(1951, 10, 18, 'L', 1300000, 2, '2019-12-13 16:56:27', '2019-12-13 16:56:27'),
(1952, 10, 18, 'L', 1300000, 2, '2019-12-13 16:56:27', '2019-12-13 16:56:27'),
(1953, 10, 18, 'L', 1300000, 2, '2019-12-13 16:56:27', '2019-12-13 16:56:27'),
(1954, 10, 18, 'L', 1300000, 2, '2019-12-13 16:56:27', '2019-12-13 16:56:27'),
(1955, 10, 18, 'L', 1300000, 2, '2019-12-13 16:56:27', '2019-12-13 16:56:27'),
(1956, 10, 18, 'L', 1300000, 2, '2019-12-13 16:56:27', '2019-12-13 16:56:27'),
(1957, 10, 18, 'L', 1300000, 2, '2019-12-13 16:56:27', '2019-12-13 16:56:27'),
(1958, 10, 18, 'L', 1300000, 2, '2019-12-13 16:56:27', '2019-12-13 16:56:27'),
(1959, 10, 18, 'L', 1300000, 2, '2019-12-13 16:56:27', '2019-12-13 16:56:27'),
(1960, 10, 18, 'L', 1300000, 2, '2019-12-13 16:56:27', '2019-12-13 16:56:27'),
(1961, 10, 18, 'L', 1300000, 2, '2019-12-13 16:56:27', '2019-12-13 16:56:27'),
(1962, 10, 18, 'L', 1300000, 2, '2019-12-13 16:56:27', '2019-12-13 16:56:27'),
(1963, 10, 18, 'L', 1300000, 2, '2019-12-13 16:56:27', '2019-12-13 16:56:27'),
(1964, 10, 18, 'L', 1300000, 2, '2019-12-13 16:56:27', '2019-12-13 16:56:27'),
(1965, 10, 18, 'L', 1300000, 2, '2019-12-13 16:56:27', '2019-12-13 16:56:27'),
(1966, 10, 18, 'L', 1300000, 2, '2019-12-13 16:56:27', '2019-12-13 16:56:27'),
(1967, 10, 18, 'L', 1300000, 2, '2019-12-13 16:56:27', '2019-12-13 16:56:27'),
(1968, 10, 18, 'L', 1300000, 2, '2019-12-13 16:56:27', '2019-12-13 16:56:27'),
(1969, 10, 18, 'L', 1300000, 2, '2019-12-13 16:56:27', '2019-12-13 16:56:27'),
(1970, 10, 18, 'L', 1300000, 2, '2019-12-13 16:56:27', '2019-12-13 16:56:27'),
(1971, 10, 18, 'L', 1300000, 2, '2019-12-13 16:56:27', '2019-12-13 16:56:27'),
(1972, 10, 18, 'L', 1300000, 2, '2019-12-13 16:56:27', '2019-12-13 16:56:27'),
(1973, 10, 18, 'L', 1300000, 2, '2019-12-13 16:56:27', '2019-12-13 16:56:27'),
(1974, 10, 18, 'L', 1300000, 2, '2019-12-13 16:56:27', '2019-12-13 16:56:27'),
(1975, 10, 18, 'L', 1300000, 2, '2019-12-13 16:56:28', '2019-12-13 16:56:28'),
(1976, 10, 18, 'L', 1300000, 2, '2019-12-13 16:56:28', '2019-12-13 16:56:28'),
(1977, 10, 18, 'L', 1300000, 2, '2019-12-13 16:56:28', '2019-12-13 16:56:28'),
(1978, 10, 18, 'L', 1300000, 2, '2019-12-13 16:56:28', '2019-12-13 16:56:28'),
(1979, 10, 18, 'L', 1300000, 2, '2019-12-13 16:56:28', '2019-12-13 16:56:28'),
(1980, 10, 18, 'L', 1300000, 2, '2019-12-13 16:56:28', '2019-12-13 16:56:28'),
(1981, 10, 18, 'L', 1300000, 2, '2019-12-13 16:56:28', '2019-12-13 16:56:28'),
(1982, 10, 18, 'L', 1300000, 2, '2019-12-13 16:56:28', '2019-12-13 16:56:28'),
(1983, 10, 18, 'L', 1300000, 2, '2019-12-13 16:56:28', '2019-12-13 16:56:28'),
(1984, 10, 18, 'L', 1300000, 2, '2019-12-13 16:56:28', '2019-12-13 16:56:28'),
(1985, 10, 18, 'L', 1300000, 2, '2019-12-13 16:56:28', '2019-12-13 16:56:28'),
(1986, 10, 18, 'L', 1300000, 2, '2019-12-13 16:56:28', '2019-12-13 16:56:28'),
(1987, 10, 18, 'L', 1300000, 2, '2019-12-13 16:56:28', '2019-12-13 16:56:28'),
(1988, 10, 18, 'L', 1300000, 2, '2019-12-13 16:56:28', '2019-12-13 16:56:28'),
(1989, 10, 18, 'L', 1300000, 2, '2019-12-13 16:56:28', '2019-12-13 16:56:28'),
(1990, 10, 18, 'L', 1300000, 2, '2019-12-13 16:56:28', '2019-12-13 16:56:28'),
(1991, 10, 18, 'L', 1300000, 2, '2019-12-13 16:56:28', '2019-12-13 16:56:28'),
(1992, 10, 18, 'L', 1300000, 2, '2019-12-13 16:56:28', '2019-12-13 16:56:28'),
(1993, 10, 18, 'L', 1300000, 2, '2019-12-13 16:56:28', '2019-12-13 16:56:28'),
(1994, 10, 18, 'L', 1300000, 2, '2019-12-13 16:56:28', '2019-12-13 16:56:28'),
(1995, 10, 18, 'L', 1300000, 2, '2019-12-13 16:56:28', '2019-12-13 16:56:28'),
(1996, 10, 18, 'L', 1300000, 2, '2019-12-13 16:56:28', '2019-12-13 16:56:28'),
(1997, 10, 18, 'L', 1300000, 2, '2019-12-13 16:56:29', '2019-12-13 16:56:29'),
(1998, 10, 18, 'L', 1300000, 2, '2019-12-13 16:56:29', '2019-12-13 16:56:29'),
(1999, 10, 18, 'L', 1300000, 2, '2019-12-13 16:56:29', '2019-12-13 16:56:29'),
(2000, 10, 18, 'L', 1300000, 2, '2019-12-13 16:56:29', '2019-12-13 16:56:29'),
(2001, 10, 18, 'L', 1300000, 2, '2019-12-13 16:56:29', '2019-12-13 16:56:29'),
(2002, 10, 18, 'L', 1300000, 2, '2019-12-13 16:56:29', '2019-12-13 16:56:29'),
(2003, 10, 18, 'L', 1300000, 2, '2019-12-13 16:56:29', '2019-12-13 16:56:29'),
(2004, 10, 18, 'L', 1300000, 2, '2019-12-13 16:56:29', '2019-12-13 16:56:29'),
(2005, 10, 18, 'L', 1300000, 2, '2019-12-13 16:56:29', '2019-12-13 16:56:29'),
(2006, 10, 18, 'L', 1300000, 2, '2019-12-13 16:56:29', '2019-12-13 16:56:29'),
(2007, 10, 18, 'L', 1300000, 2, '2019-12-13 16:56:29', '2019-12-13 16:56:29'),
(2008, 10, 18, 'L', 1300000, 2, '2019-12-13 16:56:29', '2019-12-13 16:56:29'),
(2009, 10, 18, 'L', 1300000, 2, '2019-12-13 16:56:29', '2019-12-13 16:56:29'),
(2010, 10, 18, 'L', 1300000, 2, '2019-12-13 16:56:29', '2019-12-13 16:56:29'),
(2011, 10, 18, 'L', 1300000, 2, '2019-12-13 16:56:29', '2019-12-13 16:56:29'),
(2012, 10, 18, 'L', 1300000, 2, '2019-12-13 16:56:29', '2019-12-13 16:56:29'),
(2013, 10, 18, 'L', 1300000, 2, '2019-12-13 16:56:29', '2019-12-13 16:56:29'),
(2014, 10, 18, 'L', 1300000, 2, '2019-12-13 16:56:29', '2019-12-13 16:56:29'),
(2015, 10, 18, 'L', 1300000, 2, '2019-12-13 16:56:29', '2019-12-13 16:56:29'),
(2016, 10, 18, 'L', 1300000, 2, '2019-12-13 16:56:29', '2019-12-13 16:56:29'),
(2017, 10, 18, 'L', 1300000, 2, '2019-12-13 16:56:29', '2019-12-13 16:56:29'),
(2018, 10, 18, 'L', 1300000, 2, '2019-12-13 16:56:29', '2019-12-13 16:56:29'),
(2019, 10, 18, 'L', 1300000, 2, '2019-12-13 16:56:29', '2019-12-13 16:56:29'),
(2020, 10, 18, 'L', 1300000, 2, '2019-12-13 16:56:29', '2019-12-13 16:56:29'),
(2021, 10, 18, 'L', 1300000, 2, '2019-12-13 16:56:30', '2019-12-13 16:56:30'),
(2022, 10, 18, 'L', 1300000, 2, '2019-12-13 16:56:30', '2019-12-13 16:56:30'),
(2023, 10, 18, 'L', 1300000, 2, '2019-12-13 16:56:30', '2019-12-13 16:56:30'),
(2024, 10, 18, 'L', 1300000, 2, '2019-12-13 16:56:30', '2019-12-13 16:56:30'),
(2025, 10, 18, 'L', 1300000, 2, '2019-12-13 16:56:30', '2019-12-13 16:56:30'),
(2026, 10, 18, 'L', 1300000, 2, '2019-12-13 16:56:30', '2019-12-13 16:56:30'),
(2027, 10, 18, 'L', 1300000, 2, '2019-12-13 16:56:30', '2019-12-13 16:56:30'),
(2028, 10, 18, 'L', 1300000, 2, '2019-12-13 16:56:30', '2019-12-13 16:56:30'),
(2029, 10, 18, 'L', 1300000, 2, '2019-12-13 16:56:30', '2019-12-13 16:56:30'),
(2030, 10, 18, 'L', 1300000, 2, '2019-12-13 16:56:30', '2019-12-13 16:56:30'),
(2031, 10, 18, 'L', 1300000, 2, '2019-12-13 16:56:30', '2019-12-13 16:56:30'),
(2032, 10, 18, 'L', 1300000, 2, '2019-12-13 16:56:30', '2019-12-13 16:56:30'),
(2033, 10, 18, 'L', 1300000, 2, '2019-12-13 16:56:30', '2019-12-13 16:56:30'),
(2034, 10, 18, 'L', 1300000, 2, '2019-12-13 16:56:30', '2019-12-13 16:56:30'),
(2035, 10, 18, 'L', 1300000, 2, '2019-12-13 16:56:30', '2019-12-13 16:56:30'),
(2036, 10, 18, 'L', 1300000, 2, '2019-12-13 16:56:30', '2019-12-13 16:56:30'),
(2037, 10, 18, 'L', 1300000, 2, '2019-12-13 16:56:30', '2019-12-13 16:56:30'),
(2038, 10, 18, 'L', 1300000, 2, '2019-12-13 16:56:30', '2019-12-13 16:56:30'),
(2039, 10, 18, 'L', 1300000, 2, '2019-12-13 16:56:30', '2019-12-13 16:56:30'),
(2040, 10, 18, 'L', 1300000, 2, '2019-12-13 16:56:30', '2019-12-13 16:56:30'),
(2041, 10, 18, 'L', 1300000, 2, '2019-12-13 16:56:30', '2019-12-13 16:56:30'),
(2042, 10, 18, 'L', 1300000, 2, '2019-12-13 16:56:30', '2019-12-13 16:56:30'),
(2043, 10, 18, 'L', 1300000, 2, '2019-12-13 16:56:31', '2019-12-13 16:56:31'),
(2044, 10, 18, 'L', 1300000, 2, '2019-12-13 16:56:31', '2019-12-13 16:56:31'),
(2045, 10, 18, 'L', 1300000, 2, '2019-12-13 16:56:31', '2019-12-13 16:56:31'),
(2046, 10, 18, 'L', 1300000, 2, '2019-12-13 16:56:31', '2019-12-13 16:56:31'),
(2047, 10, 18, 'L', 1300000, 2, '2019-12-13 16:56:31', '2019-12-13 16:56:31'),
(2048, 10, 18, 'L', 1300000, 2, '2019-12-13 16:56:31', '2019-12-13 16:56:31'),
(2049, 10, 18, 'L', 1300000, 2, '2019-12-13 16:56:31', '2019-12-13 16:56:31'),
(2050, 10, 18, 'L', 1300000, 2, '2019-12-13 16:56:31', '2019-12-13 16:56:31'),
(2051, 10, 18, 'L', 1300000, 2, '2019-12-13 16:56:31', '2019-12-13 16:56:31'),
(2052, 10, 18, 'L', 1300000, 2, '2019-12-13 16:56:31', '2019-12-13 16:56:31'),
(2053, 10, 18, 'L', 1300000, 2, '2019-12-13 16:56:31', '2019-12-13 16:56:31'),
(2054, 10, 18, 'L', 1300000, 2, '2019-12-13 16:56:31', '2019-12-13 16:56:31'),
(2055, 10, 18, 'L', 1300000, 2, '2019-12-13 16:56:31', '2019-12-13 16:56:31'),
(2056, 10, 18, 'L', 1300000, 2, '2019-12-13 16:56:31', '2019-12-13 16:56:31'),
(2057, 10, 18, 'L', 1300000, 2, '2019-12-13 16:56:31', '2019-12-13 16:56:31'),
(2058, 10, 18, 'L', 1300000, 2, '2019-12-13 16:56:31', '2019-12-13 16:56:31'),
(2059, 10, 18, 'L', 1300000, 2, '2019-12-13 16:56:31', '2019-12-13 16:56:31'),
(2060, 10, 18, 'L', 1300000, 2, '2019-12-13 16:56:31', '2019-12-13 16:56:31'),
(2061, 10, 18, 'L', 1300000, 2, '2019-12-13 16:56:31', '2019-12-13 16:56:31'),
(2062, 10, 18, 'L', 1300000, 2, '2019-12-13 16:56:31', '2019-12-13 16:56:31'),
(2063, 10, 18, 'L', 1300000, 2, '2019-12-13 16:56:31', '2019-12-13 16:56:31'),
(2064, 10, 18, 'L', 1300000, 2, '2019-12-13 16:56:31', '2019-12-13 16:56:31'),
(2065, 10, 18, 'L', 1300000, 2, '2019-12-13 16:56:31', '2019-12-13 16:56:31'),
(2066, 10, 18, 'L', 1300000, 2, '2019-12-13 16:56:31', '2019-12-13 16:56:31'),
(2067, 10, 18, 'L', 1300000, 2, '2019-12-13 16:56:32', '2019-12-13 16:56:32'),
(2068, 10, 18, 'L', 1300000, 2, '2019-12-13 16:56:32', '2019-12-13 16:56:32'),
(2069, 10, 18, 'L', 1300000, 2, '2019-12-13 16:56:32', '2019-12-13 16:56:32'),
(2070, 10, 18, 'L', 1300000, 2, '2019-12-13 16:56:32', '2019-12-13 16:56:32'),
(2071, 10, 18, 'L', 1300000, 2, '2019-12-13 16:56:32', '2019-12-13 16:56:32'),
(2072, 10, 18, 'L', 1300000, 2, '2019-12-13 16:56:32', '2019-12-13 16:56:32'),
(2073, 10, 18, 'L', 1300000, 2, '2019-12-13 16:56:32', '2019-12-13 16:56:32'),
(2074, 10, 18, 'L', 1300000, 2, '2019-12-13 16:56:32', '2019-12-13 16:56:32'),
(2075, 10, 18, 'L', 1300000, 2, '2019-12-13 16:56:32', '2019-12-13 16:56:32'),
(2076, 10, 18, 'L', 1300000, 2, '2019-12-13 16:56:32', '2019-12-13 16:56:32'),
(2077, 10, 18, 'L', 1300000, 2, '2019-12-13 16:56:32', '2019-12-13 16:56:32'),
(2078, 10, 18, 'L', 1300000, 2, '2019-12-13 16:56:32', '2019-12-13 16:56:32'),
(2079, 10, 18, 'L', 1300000, 2, '2019-12-13 16:56:32', '2019-12-13 16:56:32'),
(2080, 10, 18, 'L', 1300000, 2, '2019-12-13 16:56:32', '2019-12-13 16:56:32'),
(2081, 10, 18, 'L', 1300000, 2, '2019-12-13 16:56:32', '2019-12-13 16:56:32'),
(2082, 10, 18, 'L', 1300000, 2, '2019-12-13 16:56:32', '2019-12-13 16:56:32'),
(2083, 10, 18, 'L', 1300000, 2, '2019-12-13 16:56:32', '2019-12-13 16:56:32'),
(2084, 10, 18, 'L', 1300000, 2, '2019-12-13 16:56:32', '2019-12-13 16:56:32'),
(2085, 10, 18, 'L', 1300000, 2, '2019-12-13 16:56:32', '2019-12-13 16:56:32'),
(2086, 10, 18, 'L', 1300000, 2, '2019-12-13 16:56:32', '2019-12-13 16:56:32'),
(2087, 10, 18, 'L', 1300000, 2, '2019-12-13 16:56:32', '2019-12-13 16:56:32'),
(2088, 10, 18, 'L', 1300000, 2, '2019-12-13 16:56:32', '2019-12-13 16:56:32'),
(2089, 10, 18, 'L', 1300000, 2, '2019-12-13 16:56:32', '2019-12-13 16:56:32'),
(2090, 10, 18, 'L', 1300000, 2, '2019-12-13 16:56:32', '2019-12-13 16:56:32'),
(2091, 10, 18, 'L', 1300000, 2, '2019-12-13 16:56:33', '2019-12-13 16:56:33'),
(2092, 10, 18, 'L', 1300000, 2, '2019-12-13 16:56:33', '2019-12-13 16:56:33'),
(2093, 10, 18, 'L', 1300000, 2, '2019-12-13 16:56:33', '2019-12-13 16:56:33'),
(2094, 10, 18, 'L', 1300000, 2, '2019-12-13 16:56:33', '2019-12-13 16:56:33'),
(2095, 10, 18, 'L', 1300000, 2, '2019-12-13 16:56:33', '2019-12-13 16:56:33'),
(2096, 10, 18, 'L', 1300000, 2, '2019-12-13 16:56:33', '2019-12-13 16:56:33'),
(2097, 10, 18, 'L', 1300000, 2, '2019-12-13 16:56:33', '2019-12-13 16:56:33'),
(2098, 10, 18, 'L', 1300000, 2, '2019-12-13 16:56:33', '2019-12-13 16:56:33'),
(2099, 10, 18, 'L', 1300000, 2, '2019-12-13 16:56:33', '2019-12-13 16:56:33'),
(2100, 10, 18, 'L', 1300000, 2, '2019-12-13 16:56:33', '2019-12-13 16:56:33'),
(2101, 10, 18, 'L', 1300000, 2, '2019-12-13 16:56:33', '2019-12-13 16:56:33'),
(2102, 10, 18, 'L', 1300000, 2, '2019-12-13 16:56:33', '2019-12-13 16:56:33'),
(2103, 10, 18, 'L', 1300000, 2, '2019-12-13 16:56:33', '2019-12-13 16:56:33'),
(2104, 10, 18, 'L', 1300000, 2, '2019-12-13 16:56:33', '2019-12-13 16:56:33'),
(2105, 10, 18, 'L', 1300000, 2, '2019-12-13 16:56:33', '2019-12-13 16:56:33'),
(2106, 10, 18, 'L', 1300000, 2, '2019-12-13 16:56:33', '2019-12-13 16:56:33'),
(2107, 10, 18, 'L', 1300000, 2, '2019-12-13 16:56:33', '2019-12-13 16:56:33'),
(2108, 10, 18, 'L', 1300000, 2, '2019-12-13 16:56:33', '2019-12-13 16:56:33'),
(2109, 10, 18, 'L', 1300000, 2, '2019-12-13 16:56:33', '2019-12-13 16:56:33'),
(2110, 10, 18, 'L', 1300000, 2, '2019-12-13 16:56:33', '2019-12-13 16:56:33'),
(2111, 10, 18, 'L', 1300000, 2, '2019-12-13 16:56:33', '2019-12-13 16:56:33'),
(2112, 10, 18, 'L', 1300000, 2, '2019-12-13 16:56:33', '2019-12-13 16:56:33'),
(2113, 10, 18, 'L', 1300000, 2, '2019-12-13 16:56:33', '2019-12-13 16:56:33'),
(2114, 10, 18, 'L', 1300000, 2, '2019-12-13 16:56:33', '2019-12-13 16:56:33'),
(2115, 10, 18, 'L', 1300000, 2, '2019-12-13 16:56:33', '2019-12-13 16:56:33'),
(2116, 10, 18, 'L', 1300000, 2, '2019-12-13 16:56:34', '2019-12-13 16:56:34'),
(2117, 10, 18, 'L', 1300000, 2, '2019-12-13 16:56:34', '2019-12-13 16:56:34'),
(2118, 10, 18, 'L', 1300000, 2, '2019-12-13 16:56:34', '2019-12-13 16:56:34'),
(2119, 10, 18, 'L', 1300000, 2, '2019-12-13 16:56:34', '2019-12-13 16:56:34'),
(2120, 10, 18, 'L', 1300000, 2, '2019-12-13 16:56:34', '2019-12-13 16:56:34'),
(2121, 10, 18, 'L', 1300000, 2, '2019-12-13 16:56:34', '2019-12-13 16:56:34'),
(2122, 10, 18, 'L', 1300000, 2, '2019-12-13 16:56:34', '2019-12-13 16:56:34'),
(2123, 10, 18, 'L', 1300000, 2, '2019-12-13 16:56:34', '2019-12-13 16:56:34'),
(2124, 10, 18, 'L', 1300000, 2, '2019-12-13 16:56:34', '2019-12-13 16:56:34'),
(2125, 10, 18, 'L', 1300000, 2, '2019-12-13 16:56:34', '2019-12-13 16:56:34'),
(2126, 10, 18, 'L', 1300000, 2, '2019-12-13 16:56:34', '2019-12-13 16:56:34'),
(2127, 10, 18, 'L', 1300000, 2, '2019-12-13 16:56:34', '2019-12-13 16:56:34'),
(2128, 10, 18, 'L', 1300000, 2, '2019-12-13 16:56:34', '2019-12-13 16:56:34'),
(2129, 10, 18, 'L', 1300000, 2, '2019-12-13 16:56:34', '2019-12-13 16:56:34'),
(2130, 10, 18, 'L', 1300000, 2, '2019-12-13 16:56:34', '2019-12-13 16:56:34'),
(2131, 10, 18, 'L', 1300000, 2, '2019-12-13 16:56:34', '2019-12-13 16:56:34'),
(2132, 10, 18, 'L', 1300000, 2, '2019-12-13 16:56:34', '2019-12-13 16:56:34'),
(2133, 10, 18, 'L', 1300000, 2, '2019-12-13 16:56:34', '2019-12-13 16:56:34'),
(2134, 10, 18, 'L', 1300000, 2, '2019-12-13 16:56:34', '2019-12-13 16:56:34'),
(2135, 10, 18, 'L', 1300000, 2, '2019-12-13 16:56:34', '2019-12-13 16:56:34'),
(2136, 10, 18, 'L', 1300000, 2, '2019-12-13 16:56:34', '2019-12-13 16:56:34'),
(2137, 10, 18, 'L', 1300000, 2, '2019-12-13 16:56:34', '2019-12-13 16:56:34'),
(2138, 10, 18, 'L', 1300000, 2, '2019-12-13 16:56:34', '2019-12-13 16:56:34'),
(2139, 10, 18, 'L', 1300000, 2, '2019-12-13 16:56:34', '2019-12-13 16:56:34'),
(2140, 10, 18, 'L', 1300000, 2, '2019-12-13 16:56:35', '2019-12-13 16:56:35'),
(2141, 10, 18, 'L', 1300000, 2, '2019-12-13 16:56:35', '2019-12-13 16:56:35'),
(2142, 10, 18, 'L', 1300000, 2, '2019-12-13 16:56:35', '2019-12-13 16:56:35'),
(2143, 10, 18, 'L', 1300000, 2, '2019-12-13 16:56:35', '2019-12-13 16:56:35'),
(2144, 10, 18, 'L', 1300000, 2, '2019-12-13 16:56:35', '2019-12-13 16:56:35'),
(2145, 10, 18, 'L', 1300000, 2, '2019-12-13 16:56:35', '2019-12-13 16:56:35'),
(2146, 10, 18, 'L', 1300000, 2, '2019-12-13 16:56:35', '2019-12-13 16:56:35'),
(2147, 10, 18, 'L', 1300000, 2, '2019-12-13 16:56:35', '2019-12-13 16:56:35'),
(2148, 10, 18, 'L', 1300000, 2, '2019-12-13 16:56:35', '2019-12-13 16:56:35'),
(2149, 10, 18, 'L', 1300000, 2, '2019-12-13 16:56:35', '2019-12-13 16:56:35'),
(2150, 10, 18, 'L', 1300000, 2, '2019-12-13 16:56:35', '2019-12-13 16:56:35'),
(2151, 10, 18, 'L', 1300000, 2, '2019-12-13 16:56:35', '2019-12-13 16:56:35'),
(2152, 10, 18, 'L', 1300000, 2, '2019-12-13 16:56:35', '2019-12-13 16:56:35'),
(2153, 10, 18, 'L', 1300000, 2, '2019-12-13 16:56:35', '2019-12-13 16:56:35'),
(2154, 10, 18, 'L', 1300000, 2, '2019-12-13 16:56:35', '2019-12-13 16:56:35'),
(2155, 10, 18, 'L', 1300000, 2, '2019-12-13 16:56:35', '2019-12-13 16:56:35'),
(2156, 10, 18, 'L', 1300000, 2, '2019-12-13 16:56:35', '2019-12-13 16:56:35'),
(2157, 10, 18, 'L', 1300000, 2, '2019-12-13 16:56:35', '2019-12-13 16:56:35'),
(2158, 10, 18, 'L', 1300000, 2, '2019-12-13 16:56:35', '2019-12-13 16:56:35'),
(2159, 10, 18, 'L', 1300000, 2, '2019-12-13 16:56:35', '2019-12-13 16:56:35'),
(2160, 10, 18, 'L', 1300000, 2, '2019-12-13 16:56:35', '2019-12-13 16:56:35'),
(2161, 10, 18, 'L', 1300000, 2, '2019-12-13 16:56:35', '2019-12-13 16:56:35'),
(2162, 10, 18, 'L', 1300000, 2, '2019-12-13 16:56:35', '2019-12-13 16:56:35'),
(2163, 10, 18, 'L', 1300000, 2, '2019-12-13 16:56:35', '2019-12-13 16:56:35'),
(2164, 10, 18, 'L', 1300000, 2, '2019-12-13 16:56:36', '2019-12-13 16:56:36'),
(2165, 10, 18, 'L', 1300000, 2, '2019-12-13 16:56:36', '2019-12-13 16:56:36'),
(2166, 10, 18, 'L', 1300000, 2, '2019-12-13 16:56:36', '2019-12-13 16:56:36'),
(2167, 10, 18, 'L', 1300000, 2, '2019-12-13 16:56:36', '2019-12-13 16:56:36'),
(2168, 10, 18, 'L', 1300000, 2, '2019-12-13 16:56:36', '2019-12-13 16:56:36'),
(2169, 10, 18, 'L', 1300000, 2, '2019-12-13 16:56:36', '2019-12-13 16:56:36'),
(2170, 10, 18, 'L', 1300000, 2, '2019-12-13 16:56:36', '2019-12-13 16:56:36'),
(2171, 10, 18, 'L', 1300000, 2, '2019-12-13 16:56:36', '2019-12-13 16:56:36'),
(2172, 10, 18, 'L', 1300000, 2, '2019-12-13 16:56:36', '2019-12-13 16:56:36'),
(2173, 10, 18, 'L', 1300000, 2, '2019-12-13 16:56:36', '2019-12-13 16:56:36'),
(2174, 10, 18, 'L', 1300000, 2, '2019-12-13 16:56:36', '2019-12-13 16:56:36'),
(2175, 10, 18, 'L', 1300000, 2, '2019-12-13 16:56:36', '2019-12-13 16:56:36'),
(2176, 10, 18, 'L', 1300000, 2, '2019-12-13 16:56:36', '2019-12-13 16:56:36'),
(2177, 10, 18, 'L', 1300000, 2, '2019-12-13 16:56:36', '2019-12-13 16:56:36'),
(2178, 10, 18, 'L', 1300000, 2, '2019-12-13 16:56:36', '2019-12-13 16:56:36'),
(2179, 10, 18, 'L', 1300000, 2, '2019-12-13 16:56:36', '2019-12-13 16:56:36'),
(2180, 10, 18, 'L', 1300000, 2, '2019-12-13 16:56:36', '2019-12-13 16:56:36'),
(2181, 10, 18, 'L', 1300000, 2, '2019-12-13 16:56:36', '2019-12-13 16:56:36'),
(2182, 10, 18, 'L', 1300000, 2, '2019-12-13 16:56:36', '2019-12-13 16:56:36'),
(2183, 10, 18, 'L', 1300000, 2, '2019-12-13 16:56:36', '2019-12-13 16:56:36'),
(2184, 10, 18, 'L', 1300000, 2, '2019-12-13 16:56:36', '2019-12-13 16:56:36'),
(2185, 10, 18, 'L', 1300000, 2, '2019-12-13 16:56:36', '2019-12-13 16:56:36'),
(2186, 10, 18, 'L', 1300000, 2, '2019-12-13 16:56:36', '2019-12-13 16:56:36'),
(2187, 10, 18, 'L', 1300000, 2, '2019-12-13 16:56:37', '2019-12-13 16:56:37'),
(2188, 10, 18, 'L', 1300000, 2, '2019-12-13 16:56:37', '2019-12-13 16:56:37'),
(2189, 10, 18, 'L', 1300000, 2, '2019-12-13 16:56:37', '2019-12-13 16:56:37'),
(2190, 10, 18, 'L', 1300000, 2, '2019-12-13 16:56:37', '2019-12-13 16:56:37'),
(2191, 10, 18, 'L', 1300000, 2, '2019-12-13 16:56:37', '2019-12-13 16:56:37'),
(2192, 10, 18, 'L', 1300000, 2, '2019-12-13 16:56:37', '2019-12-13 16:56:37'),
(2193, 10, 18, 'L', 1300000, 2, '2019-12-13 16:56:37', '2019-12-13 16:56:37'),
(2194, 10, 18, 'L', 1300000, 2, '2019-12-13 16:56:37', '2019-12-13 16:56:37'),
(2195, 10, 18, 'L', 1300000, 2, '2019-12-13 16:56:37', '2019-12-13 16:56:37'),
(2196, 10, 18, 'L', 1300000, 2, '2019-12-13 16:56:37', '2019-12-13 16:56:37'),
(2197, 10, 18, 'L', 1300000, 2, '2019-12-13 16:56:37', '2019-12-13 16:56:37'),
(2198, 10, 18, 'L', 1300000, 2, '2019-12-13 16:56:37', '2019-12-13 16:56:37'),
(2199, 10, 18, 'L', 1300000, 2, '2019-12-13 16:56:37', '2019-12-13 16:56:37'),
(2200, 10, 18, 'L', 1300000, 2, '2019-12-13 16:56:37', '2019-12-13 16:56:37'),
(2201, 10, 18, 'L', 1300000, 2, '2019-12-13 16:56:37', '2019-12-13 16:56:37'),
(2202, 10, 18, 'L', 1300000, 2, '2019-12-13 16:56:37', '2019-12-13 16:56:37'),
(2203, 10, 18, 'L', 1300000, 2, '2019-12-13 16:57:38', '2019-12-13 16:57:38'),
(2204, 11, 106, 'L', 700000, 1, '2019-12-13 17:00:01', '2019-12-13 17:00:01'),
(2205, 12, 18, 'L', 650000, 1, '2019-12-13 17:01:21', '2019-12-13 17:01:21'),
(2206, 13, 77, '39', 1650000, 1, '2019-12-13 17:44:53', '2019-12-13 17:44:53'),
(2207, 16, 106, 'M', 2100000, 3, '2019-12-14 03:08:12', '2019-12-14 03:08:12'),
(2208, 17, 92, 'M', 1500000, 1, '2019-12-14 03:12:24', '2019-12-14 03:12:24'),
(2209, 18, 106, 'M', 1400000, 2, '2019-12-14 03:31:29', '2019-12-14 03:31:29'),
(2210, 19, 92, 'XL', 1500000, 1, '2019-12-14 03:35:33', '2019-12-14 03:35:33');

-- --------------------------------------------------------

--
-- Table structure for table `partners`
--

CREATE TABLE `partners` (
  `id` bigint(20) NOT NULL,
  `name` varchar(60) NOT NULL,
  `address` varchar(255) NOT NULL,
  `phone_number` varchar(20) NOT NULL,
  `email` varchar(100) NOT NULL,
  `price` double NOT NULL,
  `created_at` datetime NOT NULL,
  `updated_at` datetime NOT NULL
) ENGINE=InnoDB DEFAULT CHARSET=utf8;

--
-- Dumping data for table `partners`
--

INSERT INTO `partners` (`id`, `name`, `address`, `phone_number`, `email`, `price`, `created_at`, `updated_at`) VALUES
(1, 'Giao hàng nhanh', 'Số 19 Nguyễn Trãi, P. Khương Trung, Q. Thanh Xuân,Hà Nội', '0904871800', 'thang.nguyen@lacco.com.vn', 50000, '2019-11-18 14:34:49', '2019-12-04 02:49:38'),
(2, 'Công Ty Cổ Phần Đầu Tư Thành Mỹ', 'Ngõ 79, Ngọc Hồi, Hoàng Mai,Hà Nội', ' 0986102166', 'thanhmyjsic@gmail.com', 60000, '2019-11-18 14:34:49', '2019-11-18 14:34:49'),
(3, ' Công Ty TNHH Vận Tải & Thương Mại Tuấn Mạnh', 'Tổ 21 Xóm Bãi , Phường Thanh Trì, Quận Hoàng Mai,Hà Nội', '0243645289', 'ctytuanmanh@gmail.com', 70000, '2019-11-18 14:34:49', '2019-11-18 14:34:49'),
(4, 'Công Ty TNHH Vận Tải Và Thương Mại Nhật Thiên Hương', '716 Nơ 22, Khu Đô Thị Pháp Vân, Hoàng Liệt, Hoàng Mai,Hà Nội', '0243683072', 'nhatthienhuonglogistics@gmail.com', 80000, '2019-11-18 14:34:49', '2019-11-18 14:34:49');

-- --------------------------------------------------------

--
-- Table structure for table `products`
--

CREATE TABLE `products` (
  `id` bigint(20) NOT NULL,
  `category_id` bigint(20) NOT NULL,
  `brand_id` bigint(20) NOT NULL,
  `name` varchar(60) NOT NULL,
  `price` double NOT NULL,
  `image` varchar(255) NOT NULL,
  `created_at` datetime NOT NULL,
  `updated_at` datetime NOT NULL
) ENGINE=InnoDB DEFAULT CHARSET=utf8;

--
-- Dumping data for table `products`
--

INSERT INTO `products` (`id`, `category_id`, `brand_id`, `name`, `price`, `image`, `created_at`, `updated_at`) VALUES
(1, 1, 1, 'Áo Vest Đen Cổ Sẫm (NEW)', 2000000, 'vest/AO_VEST_DEN_CO_SAM_(NEW).jpg', '2019-11-09 12:46:25', '2019-12-13 17:01:05'),
(2, 1, 1, 'Áo Vest Đen Thường (NEW)', 1000000, 'vest/AO_VEST_DEN_THUONG_(NEW).jpg', '2019-11-09 12:50:58', '2019-12-13 17:01:05'),
(3, 1, 1, 'Áo Vest Đen Vá Viền (NEW)', 2200000, 'vest/AO_VEST_DVVMM.jpg', '2019-11-09 13:03:44', '2019-12-13 17:01:06'),
(4, 1, 1, 'Áo Vest Kẻ Ô Xanh Sẫm', 2400000, 'vest/AO_VEST_KE_O_XANH_SAM.jpg', '2019-11-10 15:58:25', '2019-12-13 17:01:06'),
(5, 1, 1, 'Áo Vest Kẻ Ô Xanh', 2500000, 'vest/AO_VEST_KE_O_XANH_SANG.jpg', '2019-11-12 03:02:20', '2019-12-13 17:01:06'),
(6, 1, 1, 'Áo Vest Kẻ Xanh Ô Đỏ', 2600000, 'vest/AO_VEST_KE_XANH_O_DO.jpg', '2019-11-12 03:02:29', '2019-12-13 17:01:06'),
(7, 1, 1, 'Áo Vest Nâu LH26', 1800000, 'vest/AO_VEST_LH26_NAU.jpg', '2019-11-14 17:06:02', '2019-12-13 17:01:06'),
(8, 1, 1, 'Áo Vest Nâu 2HK', 1800000, 'vest/AO_VEST_NAU_2HK.jpg', '2019-11-14 17:09:01', '2019-12-13 17:01:07'),
(9, 1, 1, 'Áo Vest Nâu', 1800000, 'vest/AO_VEST_NAU.jpg', '2019-11-14 17:10:17', '2019-12-13 17:01:07'),
(10, 1, 1, 'Áo Vest Trắng 2 Khuy', 2200000, 'vest/AO_VEST_TRANG_2_KHUY.jpg', '2019-11-14 17:11:00', '2019-12-13 17:01:07'),
(11, 1, 1, 'Áo Vest Xanh Bò Tối', 2200000, 'vest/AO_VEST_XANH_BO_TOI.jpg', '2019-11-14 17:11:47', '2019-12-13 17:01:07'),
(12, 1, 1, 'Áo Vest Xanh Đen Nhũ', 2200000, 'vest/AO_VEST_XANH_DEN_NHU.jpg', '2019-11-14 17:12:27', '2019-12-13 17:01:07'),
(13, 1, 1, 'Áo Vest Xanh Nhũ Đỏ', 2200000, 'vest/AO_VEST_XANH_NHU_DO.jpg', '2019-11-14 17:13:05', '2019-12-13 17:01:07'),
(14, 1, 1, 'Áo Vest Xanh Rêu 2HK', 1800000, 'vest/AO_VEST_XANH_REU_2HK.jpg', '2019-11-14 17:13:20', '2019-12-13 17:01:08'),
(15, 1, 1, 'Áo Vest Xanh Rêu', 1500000, 'vest/AO_VEST_XANH_REU.jpg', '2019-11-14 17:14:08', '2019-12-13 17:01:08'),
(16, 1, 1, 'Áo Vest Xanh', 1500000, 'vest/AO_VEST_XANH.jpg', '2019-11-14 17:14:44', '2019-12-13 17:01:08'),
(17, 2, 1, 'Áo Sơ Mi BBR Cao Cấp Nâu Sáng Kẻ', 700000, 'so_mi/AO_SO_MI_BBR_CAO_CAP_NAU_SANG_KE.jpg', '2019-11-15 13:14:57', '2019-12-13 17:01:08'),
(18, 2, 1, 'Áo Sơ Mi Cao Cấp Ghi Vân Vàng', 650000, 'so_mi/AO_SO_MI_CAO_CAP_GHI_VAN_VANG.jpg', '2019-11-15 13:14:57', '2019-12-13 17:01:08'),
(19, 2, 1, 'Áo Sơ Mi Cao Cấp Kẻ Xanh', 650000, 'so_mi/AO_SO_MI_CAO_CAP_KE_XANH.jpg', '2019-11-15 13:14:57', '2019-12-13 17:01:09'),
(20, 2, 1, 'Áo Sơ Mi Đen Nam Cao Cấp', 500000, 'so_mi/AO_SO_MI_DEN_NAM_CAO_CAP.jpg', '2019-11-15 13:14:57', '2019-12-13 17:01:09'),
(21, 2, 1, 'Áo Sơ Mi Đen Nam Phối Vai Nhũ', 750000, 'so_mi/AO_SO_MI_DEN_NAM_PHOI_VAI_NHU.jpg', '2019-11-15 13:14:57', '2019-12-13 17:01:09'),
(22, 2, 1, 'Áo Sơ Mi Đen Nam Thêu Họa Tiết', 750000, 'so_mi/AO_SO_MI_DEN_NAM_THEU_HOA_TIET.jpg', '2019-11-15 13:14:57', '2019-12-13 17:01:09'),
(23, 2, 1, 'Áo Sơ Mi Đen Nam VTC STORE', 500000, 'so_mi/AO_SO_MI_DEN_NAM_VTC_STORE.jpg', '2019-11-15 13:14:57', '2019-12-13 17:01:09'),
(24, 2, 1, 'Áo Sơ Mi Đen Nam Xếp Ly Ngang', 700000, 'so_mi/AO_SO_MI_DEN_NAM_XEP_LY_NGANG.jpg', '2019-11-15 13:14:57', '2019-12-13 17:01:10'),
(25, 2, 1, 'Áo Sơ Mi Đẹp Nam Ghi Hoa', 650000, 'so_mi/AO_SO_MI_DEP_NAM_GHI_HOA.jpg', '2019-11-15 13:14:57', '2019-12-13 17:01:10'),
(26, 2, 1, 'Áo Sơ Mi Họa Tiết Sáng Màu', 650000, 'so_mi/AO_SO_MI_HOA_TIET_SANG_MAU.jpg', '2019-11-15 13:14:57', '2019-12-13 17:01:10'),
(27, 2, 1, 'Áo Sơ Mi Kẻ Ghi Nam', 500000, 'so_mi/AO_SO_MI_KE_GHI_NAM.jpg', '2019-11-15 13:14:57', '2019-12-13 17:01:10'),
(28, 2, 1, 'Áo Sơ Mi Nam BBR Nâu Kẻ Đen', 700000, 'so_mi/AO_SO_MI_NAM_BBR_NAU_KE_DEN.jpg', '2019-11-15 13:14:57', '2019-12-13 17:01:10'),
(29, 2, 1, 'Áo Sơ Mi Nam BBR Xanh Sẫm', 700000, 'so_mi/AO_SO_MI_NAM_BBR_XANH_SAM.jpg', '2019-11-15 13:14:57', '2019-12-13 17:01:10'),
(30, 2, 1, 'Áo Sơ Mi Nam Cao Cấp Ghi Đậm Vân Chìm', 650000, 'so_mi/AO_SO_MI_NAM_CAO_CAP_GHI_DAM_VAN_CHIM.jpg', '2019-11-15 13:14:57', '2019-12-13 17:01:11'),
(31, 2, 1, 'Áo Sơ Mi Nam Cao Cấp Họa Tiết', 650000, 'so_mi/AO_SO_MI_NAM_CAO_CAP_HOA_TIET.jpg', '2019-11-15 13:14:57', '2019-12-13 17:01:11'),
(32, 2, 1, 'Áo Sơ Mi Nam Cao Cấp Kẻ Ghi Sáng', 700000, 'so_mi/AO_SO_MI_NAM_CAO_CAP_KE_GHI_SANG.jpg', '2019-11-15 13:14:57', '2019-12-13 17:01:11'),
(33, 3, 1, 'Cà Vạt Đẹp VTCV0013', 350000, 'caravat/CA_VAT_DEP_VTCV0013.jpg', '2019-11-15 13:42:47', '2019-12-13 17:01:11'),
(34, 3, 1, 'Cà Vạt Đẹp VTCV0031', 350000, 'caravat/CA_VAT_DEP_VTCV0031.jpg', '2019-11-15 13:42:47', '2019-12-13 17:01:11'),
(35, 3, 1, 'Cà Vạt Đẹp VTCV0034', 350000, 'caravat/CA_VAT_DEP_VTCV0034.jpg', '2019-11-15 13:42:47', '2019-12-13 17:01:11'),
(36, 3, 1, 'Cà Vạt Đẹp VTCV0038', 350000, 'caravat/CA_VAT_DEP_VTCV0038.jpg', '2019-11-15 13:42:47', '2019-12-13 17:01:11'),
(37, 3, 1, 'Cà Vạt Đẹp VTCV0039', 350000, 'caravat/CA_VAT_DEP_VTCV0039.jpg', '2019-11-15 13:42:47', '2019-12-13 17:01:11'),
(38, 3, 1, 'Cà Vạt Đẹp VTCV0045', 350000, 'caravat/CA_VAT_DEP_VTCV0045.jpg', '2019-11-15 13:42:47', '2019-12-13 17:01:11'),
(39, 3, 1, 'Cà Vạt Đẹp VTCV0046', 350000, 'caravat/CA_VAT_DEP_VTCV0046.jpg', '2019-11-15 13:42:47', '2019-12-13 17:01:11'),
(40, 3, 1, 'Cà Vạt Nam VTCV0011', 350000, 'caravat/CA_VAT_NAM_VTCV0011.jpg', '2019-11-15 13:42:47', '2019-12-13 17:01:11'),
(41, 3, 1, 'Cà Vạt Nam VTCV0012', 350000, 'caravat/CA_VAT_NAM_VTCV0012.jpg', '2019-11-15 13:42:47', '2019-12-13 17:01:11'),
(42, 3, 1, 'Cà Vạt Nam VTCV0018', 350000, 'caravat/CA_VAT_NAM_VTCV0018.jpg', '2019-11-15 13:42:47', '2019-12-13 17:01:11'),
(43, 3, 1, 'Cà Vạt Nam VTCV0027', 350000, 'caravat/CA_VAT_NAM_VTCV0027.jpg', '2019-11-15 13:42:47', '2019-12-13 17:01:11'),
(44, 3, 1, 'Cà Vạt Nam VTCV0028', 350000, 'caravat/CA_VAT_NAM_VTCV0028.jpg', '2019-11-15 13:42:47', '2019-12-13 17:01:12'),
(45, 3, 1, 'Cà Vạt Nam VTCV0041', 350000, 'caravat/CA_VAT_NAM_VTCV0041.jpg', '2019-11-15 13:42:47', '2019-12-13 17:01:12'),
(46, 3, 1, 'Cà Vạt Nam VTCV0048', 350000, 'caravat/CA_VAT_NAM_VTCV0048.jpg', '2019-11-15 13:42:47', '2019-12-13 17:01:12'),
(47, 3, 1, 'Cà Vạt Nam VTCV0049', 350000, 'caravat/CA_VAT_NAM_VTCV0049.jpg', '2019-11-15 13:42:47', '2019-12-13 17:01:12'),
(48, 3, 1, 'Cà Vạt VTCV0038', 350000, 'caravat/CA_VAT_VTCV0038.jpg', '2019-11-15 13:42:47', '2019-12-13 17:01:12'),
(49, 4, 1, 'Nơ 250', 250000, 'no/NO_250.jpg', '2019-11-15 13:43:32', '2019-12-13 17:01:12'),
(50, 4, 1, 'Nơ Cài VEST VTN0039', 250000, 'no/NO_CAI_VEST_VTN0039.jpg', '2019-11-15 13:43:32', '2019-12-13 17:01:12'),
(51, 4, 1, 'Nơ Cài VEST VTN0040', 250000, 'no/NO_CAI_VEST_VTN0040.jpg', '2019-11-15 13:43:32', '2019-12-13 17:01:12'),
(52, 4, 1, 'Nơ Cài VEST VTN0041', 250000, 'no/NO_CAI_VEST_VTN0041.jpg', '2019-11-15 13:43:32', '2019-12-13 17:01:12'),
(53, 4, 1, 'Nơ Cài VEST VTN0044', 250000, 'no/NO_CAI_VEST_VTN0044.jpg', '2019-11-15 13:43:32', '2019-12-13 17:01:12'),
(54, 4, 1, 'Nơ Cài VEST VTN0045', 250000, 'no/NO_CAI_VEST_VTN0045.jpg', '2019-11-15 13:43:32', '2019-12-13 17:01:12'),
(55, 4, 1, 'Nơ Cài VEST VTN0048', 250000, 'no/NO_CAI_VEST_VTN0048.jpg', '2019-11-15 13:43:32', '2019-12-13 17:01:12'),
(56, 4, 1, 'Nơ Cài VEST VTN0051', 250000, 'no/NO_CAI_VEST_VTN0051.jpg', '2019-11-15 13:43:32', '2019-12-13 17:01:12'),
(57, 4, 1, 'Nơ Cài VEST VTN0052', 250000, 'no/NO_CAI_VEST_VTN0052.jpg', '2019-11-15 13:43:32', '2019-12-13 17:01:12'),
(58, 4, 1, 'Nơ Cài VEST VTN0053', 250000, 'no/NO_CAI_VEST_VTN0053.jpg', '2019-11-15 13:43:32', '2019-12-13 17:01:12'),
(59, 4, 1, 'Nơ Cài VEST VTN0065', 250000, 'no/NO_CAI_VEST_VTN0065.jpg', '2019-11-15 13:43:32', '2019-12-13 17:01:12'),
(60, 5, 1, 'Khăn Cài Túi Áo VEST VTK0025', 150000, 'khan_cai_vest/KHAN_AO_VEST_VTK0025.jpg', '2019-11-15 13:43:32', '2019-12-13 17:01:12'),
(61, 5, 1, 'Khăn Cài Túi Áo VEST VTK0026', 150000, 'khan_cai_vest/KHAN_AO_VEST_VTK0026.jpg', '2019-11-15 13:43:32', '2019-12-13 17:01:12'),
(62, 5, 1, 'Khăn Cài Túi Áo VEST VTK0027', 150000, 'khan_cai_vest/KHAN_AO_VEST_VTK0027.jpg', '2019-11-15 13:43:32', '2019-12-13 17:01:12'),
(63, 5, 1, 'Khăn Cài Túi Áo VEST VTK0028', 150000, 'khan_cai_vest/KHAN_AO_VEST_VTK0028.jpg', '2019-11-15 13:43:32', '2019-12-13 17:01:12'),
(64, 5, 1, 'Khăn Cài Túi Áo VEST VTK0031', 150000, 'khan_cai_vest/KHAN_AO_VEST_VTK0031.jpg', '2019-11-15 13:43:32', '2019-12-13 17:01:12'),
(65, 5, 1, 'Khăn Cài Túi Áo VEST VTK0033', 150000, 'khan_cai_vest/KHAN_AO_VEST_VTK0033.jpg', '2019-11-15 13:43:37', '2019-12-13 17:01:12'),
(66, 5, 1, 'Khăn Cài Túi Áo VEST VTK0034', 150000, 'khan_cai_vest/KHAN_AO_VEST_VTK0034.jpg', '2019-11-15 13:43:37', '2019-12-13 17:01:12'),
(67, 5, 1, 'Khăn Cài Túi Áo VEST VTK0035', 150000, 'khan_cai_vest/KHAN_AO_VEST_VTK0035.jpg', '2019-11-15 13:43:37', '2019-12-13 17:01:13'),
(68, 5, 1, 'Khăn Cài Túi Áo VEST VTK0038', 150000, 'khan_cai_vest/KHAN_AO_VEST_VTK0038.jpg', '2019-11-15 13:43:37', '2019-12-13 17:01:13'),
(69, 5, 1, 'Khăn Cài Túi Áo VEST VTK0039', 150000, 'khan_cai_vest/KHAN_AO_VEST_VTK0039.jpg', '2019-11-15 13:43:37', '2019-12-13 17:01:13'),
(70, 5, 1, 'Khăn Cài Túi Áo VEST VTK0008', 150000, 'khan_cai_vest/KHAN_CAI_TUI_AO_VEST_VTK0008.jpg', '2019-11-15 13:43:37', '2019-12-13 17:01:13'),
(71, 5, 1, 'Khăn Cài Túi Áo VEST VTK0009', 150000, 'khan_cai_vest/KHAN_CAI_TUI_AO_VEST_VTK0009.jpg', '2019-11-15 13:43:37', '2019-12-13 17:01:13'),
(72, 5, 1, 'Khăn Cài Túi Áo VEST VTK0011', 150000, 'khan_cai_vest/KHAN_CAI_TUI_AO_VEST_VTK0011.jpg', '2019-11-15 13:43:37', '2019-12-13 17:01:13'),
(73, 5, 1, 'Khăn Cài Túi Áo VEST VTK0012', 150000, 'khan_cai_vest/KHAN_CAI_TUI_AO_VEST_VTK0012.jpg', '2019-11-15 13:43:37', '2019-12-13 17:01:13'),
(74, 5, 1, 'Khăn Cài Túi Áo VEST VTK0013', 150000, 'khan_cai_vest/KHAN_CAI_TUI_AO_VEST_VTK0013.jpg', '2019-11-15 13:43:37', '2019-12-13 17:01:13'),
(75, 5, 1, 'Khăn Cài Túi Áo VEST VTK0014', 150000, 'khan_cai_vest/KHAN_CAI_TUI_AO_VEST_VTK0014.jpg', '2019-11-15 13:43:37', '2019-12-13 17:01:13'),
(76, 6, 1, 'Giày Âu Nam Chấm Nhỏ TAG GUCCI', 1650000, 'giay_da/GIAY_AU_NAM_CHAM_NHO_TAG_GUCCI.jpg', '2019-11-15 13:43:37', '2019-12-13 17:01:13'),
(77, 6, 1, 'Giày Âu Nam Đen TAG Trắng VTC STORE', 1650000, 'giay_da/GIAY_AU_NAM_DEN_TAG_TRANG_VTC_STORE.jpg', '2019-11-15 13:43:37', '2019-12-13 17:01:13'),
(78, 6, 1, 'Giày Âu Nam Đen Thừng Kép', 1600000, 'giay_da/GIAY_AU_NAM_DEN_THUNG_KEP.jpg', '2019-11-15 13:43:37', '2019-12-13 17:01:13'),
(79, 6, 1, 'Giày Âu Nam Nâu Họa Tiết Thừng Kép', 1600000, 'giay_da/GIAY_AU_NAM_NAU_HOA_TIET_THUNG_KEP.jpg', '2019-11-15 13:43:37', '2019-12-13 17:01:14'),
(80, 6, 1, 'Giày Công Sở Nam Đen Bóng TAG Ngang', 1700000, 'giay_da/GIAY_CONG_SO_NAM_DEN_BONG_TAG_NGANG.jpg', '2019-11-15 13:43:37', '2019-12-13 17:01:14'),
(81, 6, 1, 'Giày Da Đen Vân Cá Sấu', 1600000, 'giay_da/GIAY_DA_DEN_VAN_CA_SAU.jpg', '2019-11-15 16:04:48', '2019-12-13 17:01:14'),
(82, 6, 1, 'Giày Da Nam Công Sở Nâu Quai Ngang', 1550000, 'giay_da/GIAY_DA_NAM_CONG_SO_NAU_QUAI_NGANG.jpg', '2019-11-15 16:04:48', '2019-12-13 17:01:14'),
(83, 6, 1, 'Giày Da Nam Đen Sần Mới', 1650000, 'giay_da/GIAY_DA_NAM_DEN_SAN_MOI.jpg', '2019-11-15 16:04:48', '2019-12-13 17:01:14'),
(84, 6, 1, 'Giày Da Nam Đen TAG Ngang VTC STORE', 1650000, 'giay_da/GIAY_DA_NAM_DEN_TAG_NGANG_VTC_STORE.jpg', '2019-11-15 16:04:48', '2019-12-13 17:01:15'),
(85, 6, 1, 'Giày Da Nam Đen Thừng VTC STORE', 1600000, 'giay_da/GIAY_DA_NAM_DEN_THUNG_VTC_STORE.jpg', '2019-11-15 16:04:48', '2019-12-13 17:01:15'),
(86, 6, 1, 'Giày Da Nam Đẹp Đen Sần TAG Đen', 1650000, 'giay_da/GIAY_DA_NAM_DEP_DEN_SAN_TAG_DEN.jpg', '2019-11-15 16:04:48', '2019-12-13 17:01:15'),
(87, 6, 1, 'Giày Da Nam Đẹp Phối Nhung', 1700000, 'giay_da/GIAY_DA_NAM_DEP_PHOI_NHUNG.jpg', '2019-11-15 16:04:48', '2019-12-13 17:01:15'),
(88, 6, 1, 'Giày Da Nam Sần VTC STORE', 1550000, 'giay_da/GIAY_DA_NAM_SAN_VTC_STORE.jpg', '2019-11-15 16:04:48', '2019-12-13 17:01:15'),
(89, 6, 1, 'Giày Lười Da Nam Đen Sần TAG Vàng', 1600000, 'giay_da/GIAY_LUOI_DA_NAM_DEN_SAN_TAG_VANG.jpg', '2019-11-15 16:04:48', '2019-12-13 17:01:16'),
(90, 6, 1, 'Giày Lười Nam Đen Bóng TAG Quai Sần', 1650000, 'giay_da/GIAY_LUOI_NAM_DEN_BONG_TAG_QUAI_SAN.jpg', '2019-11-15 16:04:48', '2019-12-13 17:01:16'),
(91, 6, 1, 'Giày Lười Nam Đen VTC STORE', 1800000, 'giay_da/GIAY_LUOI_NAM_DEN_VTC_STORE.jpg', '2019-11-15 16:04:48', '2019-12-13 17:01:16'),
(92, 7, 1, 'Áo Da Đen Cổ Lông', 1500000, 'ao_da/DEN_CO_LONG.jpg', '2019-11-15 17:01:34', '2019-12-13 17:01:16'),
(93, 7, 1, 'Áo Da Đen TXVT7258D', 1500000, 'ao_da/DEN_TXVT7258D.jpg', '2019-11-15 17:01:34', '2019-12-13 17:01:17'),
(94, 7, 1, 'Áo Da Ghi AKBB909G', 1500000, 'ao_da/GHI_AKBB909G.jpg', '2019-11-15 17:01:34', '2019-12-13 17:01:17'),
(95, 7, 1, 'Áo Da Ghi VT9928G', 1500000, 'ao_da/GHI_VT9928G.jpg', '2019-11-15 17:01:34', '2019-12-13 17:01:17'),
(96, 7, 1, 'Áo Da Màu Mận Cổ Lông', 1500000, 'ao_da/MAU_MAN_CO_LONG.jpg', '2019-11-15 17:01:34', '2019-12-13 17:01:17'),
(97, 7, 1, 'Áo Da Màu Mận', 1500000, 'ao_da/MAU_MAN.jpg', '2019-11-15 17:01:34', '2019-12-13 17:01:17'),
(98, 7, 1, 'Áo Da Nâu VT9912N', 1500000, 'ao_da/NAU_VT9912N.jpg', '2019-11-15 17:01:34', '2019-12-13 17:01:17'),
(99, 7, 1, 'Áo Da Nâu VT9915N', 1500000, 'ao_da/NAU_VT9915N.jpg', '2019-11-15 17:01:34', '2019-12-13 17:01:18'),
(100, 7, 1, 'Áo Da Nâu VT9918N', 1500000, 'ao_da/NAU_VT9918N.jpg', '2019-11-15 17:01:34', '2019-12-13 17:01:18'),
(101, 7, 1, 'Áo Da Trắng AKBB909T', 1500000, 'ao_da/TRANG_AKBB909T.jpg', '2019-11-15 17:01:34', '2019-12-13 17:01:18'),
(102, 7, 1, 'Áo Da Trắng AKBB951T', 1500000, 'ao_da/TRANG_AKBB951T.jpg', '2019-11-15 17:01:34', '2019-12-13 17:01:18'),
(103, 7, 1, 'Áo Da Xanh 9920X', 1500000, 'ao_da/XANH_9920X.jpg', '2019-11-15 17:01:34', '2019-12-13 17:01:18'),
(104, 7, 1, 'Áo Da Xanh VT9912X', 1500000, 'ao_da/XANH_VT9912X.jpg', '2019-11-15 17:01:34', '2019-12-13 17:01:18'),
(105, 8, 1, 'Quần Âu Cao Cấp Kẻ Nhỏ', 700000, 'quan_au/QUAN_AU_CAO_CAP_KE_NHO.jpg', '2019-11-15 17:46:10', '2019-12-13 17:01:19'),
(106, 8, 1, 'Quần Âu Cao Cấp Xanh Ánh', 700000, 'quan_au/QUAN_AU_CAO_CAP_XANH_ANH.jpg', '2019-11-15 17:46:10', '2019-12-13 17:01:19'),
(107, 8, 1, 'Quần Âu Cao Cấp Xanh Rêu', 600000, 'quan_au/QUAN_AU_CAO_CAP_XANH_REU.jpg', '2019-11-15 17:46:10', '2019-12-13 17:01:19'),
(108, 8, 1, 'Quần Âu Đen', 600000, 'quan_au/QUAN_AU_DEN.jpg', '2019-11-15 17:46:10', '2019-12-13 17:01:19'),
(109, 8, 1, 'Quần Âu Hàn Quốc Ghi Sáng', 600000, 'quan_au/QUAN_AU_HAN_QUOC_GHI_SANG.jpg', '2019-11-15 17:46:10', '2019-12-13 17:01:19'),
(110, 8, 1, 'Quần Âu Kẻ Ô Xanh Đen', 700000, 'quan_au/QUAN_AU_KE_O_XANH_DEN.jpg', '2019-11-15 17:46:10', '2019-12-13 17:01:19'),
(111, 8, 1, 'Quần Âu Nam Xanh', 700000, 'quan_au/QUAN_AU_NAM_XANH.jpg', '2019-11-15 17:46:10', '2019-12-13 17:01:20'),
(112, 8, 1, 'Quần Âu Nam Be Xước', 700000, 'quan_au/QUAN_AU_NAM_BE_XUOC.jpg', '2019-11-15 17:46:10', '2019-12-13 17:01:20'),
(113, 8, 1, 'Quần Âu Nam Cao Cấp Nâu Kẻ', 750000, 'quan_au/QUAN_AU_NAM_CAO_CAP_NAU_KE.jpg', '2019-11-15 17:46:10', '2019-12-13 17:01:20'),
(114, 8, 1, 'Quần Âu Nam Đen Kẻ LH38', 700000, 'quan_au/QUAN_AU_NAM_DEN_KE_LH38.jpg', '2019-11-15 17:46:10', '2019-12-13 17:01:20'),
(115, 8, 1, 'Quần Âu Nam Đen Kẻ', 700000, 'quan_au/QUAN_AU_NAM_DEN_KE.jpg', '2019-11-15 17:46:10', '2019-12-13 17:01:20'),
(116, 8, 1, 'Quần Âu Nam Đẹp Ghi Kẻ', 700000, 'quan_au/QUAN_AU_NAM_DEP_GHI_KE.jpg', '2019-11-15 17:46:10', '2019-12-13 17:01:20'),
(117, 8, 1, 'Quần Âu Nam Đẹp Kẻ Ghi', 700000, 'quan_au/QUAN_AU_NAM_DEP_KE_GHI.jpg', '2019-11-15 17:46:10', '2019-12-13 17:01:21'),
(118, 8, 1, 'Quần Âu Nam Đẹp Kẻ Xanh Đỏ', 700000, 'quan_au/QUAN_AU_NAM_DEP_KE_XANH_DO.jpg', '2019-11-15 17:46:10', '2019-12-13 17:01:21'),
(119, 8, 1, 'Quần Âu Nam Đẹp Tím Sẫm', 600000, 'quan_au/QUAN_AU_NAM_DEP_TIM_SAM.jpg', '2019-11-15 17:46:10', '2019-12-13 17:01:21'),
(120, 8, 1, 'Quần Âu Nam Đẹp Xanh Cốm', 700000, 'quan_au/QUAN_AU_NAM_DEP_XANH_COM.jpg', '2019-11-15 17:46:10', '2019-12-13 17:01:21');

-- --------------------------------------------------------

--
-- Table structure for table `product_size`
--

CREATE TABLE `product_size` (
  `id` bigint(20) NOT NULL,
  `product_id` bigint(20) NOT NULL,
  `size_id` bigint(20) NOT NULL,
  `quantity_stock` bigint(11) NOT NULL,
  `created_at` datetime NOT NULL,
  `updated_at` datetime NOT NULL
) ENGINE=InnoDB DEFAULT CHARSET=utf8;

--
-- Dumping data for table `product_size`
--

INSERT INTO `product_size` (`id`, `product_id`, `size_id`, `quantity_stock`, `created_at`, `updated_at`) VALUES
(5, 1, 1, 10, '2019-11-18 16:11:22', '2019-11-18 16:11:22'),
(6, 1, 2, 10, '2019-11-18 16:11:22', '2019-11-18 16:11:22'),
(7, 1, 3, 10, '2019-11-18 16:11:22', '2019-11-18 16:11:22'),
(8, 1, 4, 10, '2019-11-18 16:11:22', '2019-11-18 16:11:22'),
(9, 2, 1, 10, '2019-11-18 16:11:22', '2019-11-18 16:11:22'),
(10, 2, 2, 10, '2019-11-18 16:11:22', '2019-11-18 16:11:22'),
(11, 2, 3, 10, '2019-11-18 16:11:22', '2019-11-18 16:11:22'),
(12, 2, 4, 10, '2019-11-18 16:11:22', '2019-11-18 16:11:22'),
(13, 3, 1, 10, '2019-11-18 16:11:22', '2019-11-18 16:11:22'),
(14, 3, 2, 10, '2019-11-18 16:11:22', '2019-11-18 16:11:22'),
(15, 3, 3, 10, '2019-11-18 16:11:22', '2019-11-18 16:11:22'),
(16, 3, 4, 10, '2019-11-18 16:11:22', '2019-11-18 16:11:22'),
(17, 4, 1, 10, '2019-11-18 16:11:22', '2019-11-18 16:11:22'),
(18, 4, 2, 10, '2019-11-18 16:11:22', '2019-11-18 16:11:22'),
(19, 4, 3, 10, '2019-11-18 16:11:22', '2019-11-18 16:11:22'),
(20, 4, 4, 10, '2019-11-18 16:11:22', '2019-11-18 16:11:22'),
(21, 5, 1, 10, '2019-11-18 16:11:22', '2019-11-18 16:11:22'),
(22, 5, 2, 10, '2019-11-18 16:11:22', '2019-11-18 16:11:22'),
(23, 5, 3, 10, '2019-11-18 16:11:22', '2019-11-18 16:11:22'),
(24, 5, 4, 10, '2019-11-18 16:11:22', '2019-11-18 16:11:22'),
(25, 6, 1, 10, '2019-11-18 16:11:22', '2019-11-18 16:11:22'),
(26, 6, 2, 10, '2019-11-18 16:11:22', '2019-11-18 16:11:22'),
(27, 6, 3, 10, '2019-11-18 16:11:22', '2019-11-18 16:11:22'),
(28, 6, 4, 10, '2019-11-18 16:11:22', '2019-11-18 16:11:22'),
(29, 7, 1, 10, '2019-11-18 16:11:22', '2019-11-18 16:11:22'),
(30, 7, 2, 10, '2019-11-18 16:11:22', '2019-11-18 16:11:22'),
(31, 7, 3, 10, '2019-11-18 16:11:22', '2019-11-18 16:11:22'),
(32, 7, 4, 10, '2019-11-18 16:11:22', '2019-11-18 16:11:22'),
(33, 8, 1, 10, '2019-11-18 16:11:22', '2019-11-18 16:11:22'),
(34, 8, 2, 10, '2019-11-18 16:11:22', '2019-11-18 16:11:22'),
(35, 8, 3, 10, '2019-11-18 16:11:22', '2019-11-18 16:11:22'),
(36, 8, 4, 10, '2019-11-18 16:11:22', '2019-11-18 16:11:22'),
(37, 9, 1, 10, '2019-11-18 16:11:22', '2019-11-18 16:11:22'),
(38, 9, 2, 10, '2019-11-18 16:11:22', '2019-11-18 16:11:22'),
(39, 9, 3, 10, '2019-11-18 16:11:22', '2019-11-18 16:11:22'),
(40, 9, 4, 10, '2019-11-18 16:11:22', '2019-11-18 16:11:22'),
(41, 10, 1, 10, '2019-11-18 16:11:22', '2019-11-18 16:11:22'),
(42, 10, 2, 10, '2019-11-18 16:11:22', '2019-11-18 16:11:22'),
(43, 10, 3, 10, '2019-11-18 16:11:22', '2019-11-18 16:11:22'),
(44, 10, 4, 10, '2019-11-18 16:11:22', '2019-11-18 16:11:22'),
(45, 11, 1, 10, '2019-11-18 16:11:22', '2019-11-18 16:11:22'),
(46, 11, 2, 10, '2019-11-18 16:11:22', '2019-11-18 16:11:22'),
(47, 11, 3, 10, '2019-11-18 16:11:22', '2019-11-18 16:11:22'),
(48, 11, 4, 10, '2019-11-18 16:11:22', '2019-11-18 16:11:22'),
(49, 12, 1, 10, '2019-11-18 16:11:22', '2019-11-18 16:11:22'),
(50, 12, 2, 10, '2019-11-18 16:11:22', '2019-11-18 16:11:22'),
(51, 12, 3, 10, '2019-11-18 16:11:22', '2019-11-18 16:11:22'),
(52, 12, 4, 10, '2019-11-18 16:11:22', '2019-11-18 16:11:22'),
(53, 13, 1, 10, '2019-11-18 16:11:22', '2019-11-18 16:11:22'),
(54, 13, 2, 10, '2019-11-18 16:11:22', '2019-11-18 16:11:22'),
(55, 13, 3, 10, '2019-11-18 16:11:22', '2019-11-18 16:11:22'),
(56, 13, 4, 10, '2019-11-18 16:11:22', '2019-11-18 16:11:22'),
(57, 14, 1, 10, '2019-11-18 16:11:22', '2019-11-18 16:11:22'),
(58, 14, 2, 10, '2019-11-18 16:11:22', '2019-11-18 16:11:22'),
(59, 14, 3, 10, '2019-11-18 16:11:22', '2019-11-18 16:11:22'),
(60, 14, 4, 10, '2019-11-18 16:11:22', '2019-11-18 16:11:22'),
(61, 15, 1, 10, '2019-11-18 16:11:22', '2019-11-18 16:11:22'),
(62, 15, 2, 10, '2019-11-18 16:11:22', '2019-11-18 16:11:22'),
(63, 15, 3, 10, '2019-11-18 16:11:22', '2019-11-18 16:11:22'),
(64, 15, 4, 10, '2019-11-18 16:11:22', '2019-11-18 16:11:22'),
(65, 16, 1, 10, '2019-11-18 16:11:22', '2019-11-18 16:11:22'),
(66, 16, 2, 10, '2019-11-18 16:11:22', '2019-11-18 16:11:22'),
(67, 16, 3, 10, '2019-11-18 16:11:22', '2019-11-18 16:11:22'),
(68, 16, 4, 10, '2019-11-18 16:11:22', '2019-11-18 16:11:22'),
(69, 17, 1, 10, '2019-11-18 16:11:22', '2019-11-18 16:11:22'),
(70, 17, 2, 10, '2019-11-18 16:11:22', '2019-11-18 16:11:22'),
(71, 17, 3, 10, '2019-11-18 16:11:22', '2019-11-18 16:11:22'),
(72, 17, 4, 10, '2019-11-18 16:11:22', '2019-11-18 16:11:22'),
(73, 18, 1, 10, '2019-11-18 16:11:22', '2019-11-18 16:11:22'),
(74, 18, 2, 10, '2019-11-18 16:11:22', '2019-11-18 16:11:22'),
(75, 18, 3, 10, '2019-11-18 16:11:22', '2019-11-18 16:11:22'),
(76, 18, 4, 10, '2019-11-18 16:11:22', '2019-11-18 16:11:22'),
(77, 19, 1, 10, '2019-11-18 16:11:22', '2019-11-18 16:11:22'),
(78, 19, 2, 10, '2019-11-18 16:11:22', '2019-11-18 16:11:22'),
(79, 19, 3, 10, '2019-11-18 16:11:22', '2019-11-18 16:11:22'),
(80, 19, 4, 10, '2019-11-18 16:11:22', '2019-11-18 16:11:22'),
(81, 20, 1, 10, '2019-11-18 16:11:22', '2019-11-18 16:11:22'),
(82, 20, 2, 10, '2019-11-18 16:11:22', '2019-11-18 16:11:22'),
(83, 20, 3, 10, '2019-11-18 16:11:22', '2019-11-18 16:11:22'),
(84, 20, 4, 10, '2019-11-18 16:11:22', '2019-11-18 16:11:22'),
(85, 21, 1, 10, '2019-11-18 16:11:22', '2019-11-18 16:11:22'),
(86, 21, 2, 10, '2019-11-18 16:11:22', '2019-11-18 16:11:22'),
(87, 21, 3, 10, '2019-11-18 16:11:22', '2019-11-18 16:11:22'),
(88, 21, 4, 10, '2019-11-18 16:11:22', '2019-11-18 16:11:22'),
(89, 22, 1, 10, '2019-11-18 16:11:22', '2019-11-18 16:11:22'),
(90, 22, 2, 10, '2019-11-18 16:11:22', '2019-11-18 16:11:22'),
(91, 22, 3, 10, '2019-11-18 16:11:22', '2019-11-18 16:11:22'),
(92, 22, 4, 10, '2019-11-18 16:11:22', '2019-11-18 16:11:22'),
(93, 23, 1, 10, '2019-11-18 16:11:22', '2019-11-18 16:11:22'),
(94, 23, 2, 10, '2019-11-18 16:11:22', '2019-11-18 16:11:22'),
(95, 23, 3, 10, '2019-11-18 16:11:22', '2019-11-18 16:11:22'),
(96, 23, 4, 10, '2019-11-18 16:11:22', '2019-11-18 16:11:22'),
(97, 24, 1, 10, '2019-11-18 16:11:22', '2019-11-18 16:11:22'),
(98, 24, 2, 10, '2019-11-18 16:11:22', '2019-11-18 16:11:22'),
(99, 24, 3, 10, '2019-11-18 16:11:22', '2019-11-18 16:11:22'),
(100, 24, 4, 10, '2019-11-18 16:11:22', '2019-11-18 16:11:22'),
(101, 25, 1, 10, '2019-11-18 16:11:22', '2019-11-18 16:11:22'),
(102, 25, 2, 10, '2019-11-18 16:11:22', '2019-11-18 16:11:22'),
(103, 25, 3, 10, '2019-11-18 16:11:22', '2019-11-18 16:11:22'),
(104, 25, 4, 10, '2019-11-18 16:11:22', '2019-11-18 16:11:22'),
(105, 26, 1, 10, '2019-11-18 16:11:22', '2019-11-18 16:11:22'),
(106, 26, 2, 10, '2019-11-18 16:11:22', '2019-11-18 16:11:22'),
(107, 26, 3, 10, '2019-11-18 16:11:22', '2019-11-18 16:11:22'),
(108, 26, 4, 10, '2019-11-18 16:11:22', '2019-11-18 16:11:22'),
(109, 27, 1, 10, '2019-11-18 16:11:22', '2019-11-18 16:11:22'),
(110, 27, 2, 10, '2019-11-18 16:11:22', '2019-11-18 16:11:22'),
(111, 27, 3, 10, '2019-11-18 16:11:22', '2019-11-18 16:11:22'),
(112, 27, 4, 10, '2019-11-18 16:11:22', '2019-11-18 16:11:22'),
(113, 28, 1, 10, '2019-11-18 16:11:22', '2019-11-18 16:11:22'),
(114, 28, 2, 10, '2019-11-18 16:11:22', '2019-11-18 16:11:22'),
(115, 28, 3, 10, '2019-11-18 16:11:22', '2019-11-18 16:11:22'),
(116, 28, 4, 10, '2019-11-18 16:11:22', '2019-11-18 16:11:22'),
(117, 29, 1, 10, '2019-11-18 16:11:22', '2019-11-18 16:11:22'),
(118, 29, 2, 10, '2019-11-18 16:11:22', '2019-11-18 16:11:22'),
(119, 29, 3, 10, '2019-11-18 16:11:22', '2019-11-18 16:11:22'),
(120, 29, 4, 10, '2019-11-18 16:11:22', '2019-11-18 16:11:22'),
(121, 30, 1, 10, '2019-11-18 16:11:22', '2019-11-18 16:11:22'),
(122, 30, 2, 10, '2019-11-18 16:11:22', '2019-11-18 16:11:22'),
(123, 30, 3, 10, '2019-11-18 16:11:22', '2019-11-18 16:11:22'),
(124, 30, 4, 10, '2019-11-18 16:11:22', '2019-11-18 16:11:22'),
(125, 31, 1, 10, '2019-11-18 16:11:22', '2019-11-18 16:11:22'),
(126, 31, 2, 10, '2019-11-18 16:11:22', '2019-11-18 16:11:22'),
(127, 31, 3, 10, '2019-11-18 16:11:22', '2019-11-18 16:11:22'),
(128, 31, 4, 10, '2019-11-18 16:11:22', '2019-11-18 16:11:22'),
(129, 32, 1, 10, '2019-11-18 16:11:22', '2019-11-18 16:11:22'),
(130, 32, 2, 10, '2019-11-18 16:11:22', '2019-11-18 16:11:22'),
(131, 32, 3, 10, '2019-11-18 16:11:22', '2019-11-18 16:11:22'),
(132, 32, 4, 10, '2019-11-18 16:11:22', '2019-11-18 16:11:22'),
(133, 76, 5, 10, '2019-11-18 16:11:22', '2019-11-18 16:11:22'),
(134, 76, 6, 10, '2019-11-18 16:11:22', '2019-11-18 16:11:22'),
(135, 76, 7, 10, '2019-11-18 16:11:22', '2019-11-18 16:11:22'),
(136, 76, 8, 10, '2019-11-18 16:11:22', '2019-11-18 16:11:22'),
(137, 76, 9, 10, '2019-11-18 16:11:22', '2019-11-18 16:11:22'),
(138, 77, 5, 10, '2019-11-18 16:11:22', '2019-11-18 16:11:22'),
(139, 77, 6, 10, '2019-11-18 16:11:22', '2019-11-18 16:11:22'),
(140, 77, 7, 10, '2019-11-18 16:11:22', '2019-11-18 16:11:22'),
(141, 77, 8, 10, '2019-11-18 16:11:22', '2019-11-18 16:11:22'),
(142, 77, 9, 10, '2019-11-18 16:11:22', '2019-11-18 16:11:22'),
(143, 78, 5, 10, '2019-11-18 16:11:22', '2019-11-18 16:11:22'),
(144, 78, 6, 10, '2019-11-18 16:11:22', '2019-11-18 16:11:22'),
(145, 78, 7, 10, '2019-11-18 16:11:22', '2019-11-18 16:11:22'),
(146, 78, 8, 10, '2019-11-18 16:11:22', '2019-11-18 16:11:22'),
(147, 78, 9, 10, '2019-11-18 16:11:22', '2019-11-18 16:11:22'),
(148, 79, 5, 10, '2019-11-18 16:11:22', '2019-11-18 16:11:22'),
(149, 79, 6, 10, '2019-11-18 16:11:22', '2019-11-18 16:11:22'),
(150, 79, 7, 10, '2019-11-18 16:11:22', '2019-11-18 16:11:22'),
(151, 79, 8, 10, '2019-11-18 16:11:22', '2019-11-18 16:11:22'),
(152, 79, 9, 10, '2019-11-18 16:11:22', '2019-11-18 16:11:22'),
(153, 80, 5, 10, '2019-11-18 16:11:22', '2019-11-18 16:11:22'),
(154, 80, 6, 10, '2019-11-18 16:11:22', '2019-11-18 16:11:22'),
(155, 80, 7, 10, '2019-11-18 16:11:22', '2019-11-18 16:11:22'),
(156, 80, 8, 10, '2019-11-18 16:11:22', '2019-11-18 16:11:22'),
(157, 80, 9, 10, '2019-11-18 16:11:22', '2019-11-18 16:11:22'),
(158, 81, 5, 10, '2019-11-18 16:11:22', '2019-11-18 16:11:22'),
(159, 81, 6, 10, '2019-11-18 16:11:22', '2019-11-18 16:11:22'),
(160, 81, 7, 10, '2019-11-18 16:11:22', '2019-11-18 16:11:22'),
(161, 81, 8, 10, '2019-11-18 16:11:22', '2019-11-18 16:11:22'),
(162, 81, 9, 10, '2019-11-18 16:11:22', '2019-11-18 16:11:22'),
(163, 82, 5, 10, '2019-11-18 16:11:22', '2019-11-18 16:11:22'),
(164, 82, 6, 10, '2019-11-18 16:11:22', '2019-11-18 16:11:22'),
(165, 82, 7, 10, '2019-11-18 16:11:22', '2019-11-18 16:11:22'),
(166, 82, 8, 10, '2019-11-18 16:11:22', '2019-11-18 16:11:22'),
(167, 82, 9, 10, '2019-11-18 16:11:22', '2019-11-18 16:11:22'),
(168, 83, 5, 10, '2019-11-18 16:11:22', '2019-11-18 16:11:22'),
(169, 83, 6, 10, '2019-11-18 16:11:22', '2019-11-18 16:11:22'),
(170, 83, 7, 10, '2019-11-18 16:11:22', '2019-11-18 16:11:22'),
(171, 83, 8, 10, '2019-11-18 16:11:22', '2019-11-18 16:11:22'),
(172, 83, 9, 10, '2019-11-18 16:11:22', '2019-11-18 16:11:22'),
(173, 84, 5, 10, '2019-11-18 16:11:22', '2019-11-18 16:11:22'),
(174, 84, 6, 10, '2019-11-18 16:11:22', '2019-11-18 16:11:22'),
(175, 84, 7, 10, '2019-11-18 16:11:22', '2019-11-18 16:11:22'),
(176, 84, 8, 10, '2019-11-18 16:11:22', '2019-11-18 16:11:22'),
(177, 84, 9, 10, '2019-11-18 16:11:22', '2019-11-18 16:11:22'),
(178, 85, 5, 10, '2019-11-18 16:11:22', '2019-11-18 16:11:22'),
(179, 85, 6, 10, '2019-11-18 16:11:22', '2019-11-18 16:11:22'),
(180, 85, 7, 10, '2019-11-18 16:11:22', '2019-11-18 16:11:22'),
(181, 85, 8, 10, '2019-11-18 16:11:22', '2019-11-18 16:11:22'),
(182, 85, 9, 10, '2019-11-18 16:11:22', '2019-11-18 16:11:22'),
(183, 86, 5, 10, '2019-11-18 16:11:22', '2019-11-18 16:11:22'),
(184, 86, 6, 10, '2019-11-18 16:11:22', '2019-11-18 16:11:22'),
(185, 86, 7, 10, '2019-11-18 16:11:22', '2019-11-18 16:11:22'),
(186, 86, 8, 10, '2019-11-18 16:11:22', '2019-11-18 16:11:22'),
(187, 86, 9, 10, '2019-11-18 16:11:22', '2019-11-18 16:11:22'),
(188, 87, 5, 10, '2019-11-18 16:11:22', '2019-11-18 16:11:22'),
(189, 87, 6, 10, '2019-11-18 16:11:22', '2019-11-18 16:11:22'),
(190, 87, 7, 10, '2019-11-18 16:11:22', '2019-11-18 16:11:22'),
(191, 87, 8, 10, '2019-11-18 16:11:22', '2019-11-18 16:11:22'),
(192, 87, 9, 10, '2019-11-18 16:11:22', '2019-11-18 16:11:22'),
(193, 88, 5, 10, '2019-11-18 16:11:22', '2019-11-18 16:11:22'),
(194, 88, 6, 10, '2019-11-18 16:11:22', '2019-11-18 16:11:22'),
(195, 88, 7, 10, '2019-11-18 16:11:22', '2019-11-18 16:11:22'),
(196, 88, 8, 10, '2019-11-18 16:11:22', '2019-11-18 16:11:22'),
(197, 88, 9, 10, '2019-11-18 16:11:22', '2019-11-18 16:11:22'),
(198, 89, 5, 10, '2019-11-18 16:11:22', '2019-11-18 16:11:22'),
(199, 89, 6, 10, '2019-11-18 16:11:22', '2019-11-18 16:11:22'),
(200, 89, 7, 10, '2019-11-18 16:11:22', '2019-11-18 16:11:22'),
(201, 89, 8, 10, '2019-11-18 16:11:22', '2019-11-18 16:11:22'),
(202, 89, 9, 10, '2019-11-18 16:11:22', '2019-11-18 16:11:22'),
(203, 90, 5, 10, '2019-11-18 16:11:22', '2019-11-18 16:11:22'),
(204, 90, 6, 10, '2019-11-18 16:11:22', '2019-11-18 16:11:22'),
(205, 90, 7, 10, '2019-11-18 16:11:22', '2019-11-18 16:11:22'),
(206, 90, 8, 10, '2019-11-18 16:11:22', '2019-11-18 16:11:22'),
(207, 90, 9, 10, '2019-11-18 16:11:22', '2019-11-18 16:11:22'),
(208, 91, 5, 10, '2019-11-18 16:11:22', '2019-11-18 16:11:22'),
(209, 91, 6, 10, '2019-11-18 16:11:22', '2019-11-18 16:11:22'),
(210, 91, 7, 10, '2019-11-18 16:11:22', '2019-11-18 16:11:22'),
(211, 91, 8, 10, '2019-11-18 16:11:22', '2019-11-18 16:11:22'),
(212, 91, 9, 10, '2019-11-18 16:11:22', '2019-11-18 16:11:22'),
(213, 92, 1, 10, '2019-11-18 16:11:22', '2019-11-18 16:11:22'),
(214, 92, 2, 10, '2019-11-18 16:11:22', '2019-11-18 16:11:22'),
(215, 92, 3, 10, '2019-11-18 16:11:22', '2019-11-18 16:11:22'),
(216, 92, 4, 10, '2019-11-18 16:11:22', '2019-11-18 16:11:22'),
(217, 93, 1, 10, '2019-11-18 16:11:22', '2019-11-18 16:11:22'),
(218, 93, 2, 10, '2019-11-18 16:11:22', '2019-11-18 16:11:22'),
(219, 93, 3, 10, '2019-11-18 16:11:22', '2019-11-18 16:11:22'),
(220, 93, 4, 10, '2019-11-18 16:11:22', '2019-11-18 16:11:22'),
(221, 94, 1, 10, '2019-11-18 16:11:22', '2019-11-18 16:11:22'),
(222, 94, 2, 10, '2019-11-18 16:11:22', '2019-11-18 16:11:22'),
(223, 94, 3, 10, '2019-11-18 16:11:22', '2019-11-18 16:11:22'),
(224, 94, 4, 10, '2019-11-18 16:11:22', '2019-11-18 16:11:22'),
(225, 95, 1, 10, '2019-11-18 16:11:22', '2019-11-18 16:11:22'),
(226, 95, 2, 10, '2019-11-18 16:11:22', '2019-11-18 16:11:22'),
(227, 95, 3, 10, '2019-11-18 16:11:22', '2019-11-18 16:11:22'),
(228, 95, 4, 10, '2019-11-18 16:11:22', '2019-11-18 16:11:22'),
(229, 96, 1, 10, '2019-11-18 16:11:22', '2019-11-18 16:11:22'),
(230, 96, 2, 10, '2019-11-18 16:11:22', '2019-11-18 16:11:22'),
(231, 96, 3, 10, '2019-11-18 16:11:22', '2019-11-18 16:11:22'),
(232, 96, 4, 10, '2019-11-18 16:11:22', '2019-11-18 16:11:22'),
(233, 97, 1, 10, '2019-11-18 16:11:22', '2019-11-18 16:11:22'),
(234, 97, 2, 10, '2019-11-18 16:11:22', '2019-11-18 16:11:22'),
(235, 97, 3, 10, '2019-11-18 16:11:22', '2019-11-18 16:11:22'),
(236, 97, 4, 10, '2019-11-18 16:11:22', '2019-11-18 16:11:22'),
(237, 98, 1, 10, '2019-11-18 16:11:22', '2019-11-18 16:11:22'),
(238, 98, 2, 10, '2019-11-18 16:11:22', '2019-11-18 16:11:22'),
(239, 98, 3, 10, '2019-11-18 16:11:22', '2019-11-18 16:11:22'),
(240, 98, 4, 10, '2019-11-18 16:11:22', '2019-11-18 16:11:22'),
(241, 99, 1, 10, '2019-11-18 16:11:22', '2019-11-18 16:11:22'),
(242, 99, 2, 10, '2019-11-18 16:11:22', '2019-11-18 16:11:22'),
(243, 99, 3, 10, '2019-11-18 16:11:22', '2019-11-18 16:11:22'),
(244, 99, 4, 10, '2019-11-18 16:11:22', '2019-11-18 16:11:22'),
(245, 100, 1, 10, '2019-11-18 16:11:22', '2019-11-18 16:11:22'),
(246, 100, 2, 10, '2019-11-18 16:11:22', '2019-11-18 16:11:22'),
(247, 100, 3, 10, '2019-11-18 16:11:22', '2019-11-18 16:11:22'),
(248, 100, 4, 10, '2019-11-18 16:11:22', '2019-11-18 16:11:22'),
(249, 101, 1, 10, '2019-11-18 16:11:22', '2019-11-18 16:11:22'),
(250, 101, 2, 10, '2019-11-18 16:11:22', '2019-11-18 16:11:22'),
(251, 101, 3, 10, '2019-11-18 16:11:22', '2019-11-18 16:11:22'),
(252, 101, 4, 10, '2019-11-18 16:11:22', '2019-11-18 16:11:22'),
(253, 102, 1, 10, '2019-11-18 16:11:22', '2019-11-18 16:11:22'),
(254, 102, 2, 10, '2019-11-18 16:11:22', '2019-11-18 16:11:22'),
(255, 102, 3, 10, '2019-11-18 16:11:22', '2019-11-18 16:11:22'),
(256, 102, 4, 10, '2019-11-18 16:11:22', '2019-11-18 16:11:22'),
(257, 103, 1, 10, '2019-11-18 16:11:22', '2019-11-18 16:11:22'),
(258, 103, 2, 10, '2019-11-18 16:11:22', '2019-11-18 16:11:22'),
(259, 103, 3, 10, '2019-11-18 16:11:22', '2019-11-18 16:11:22'),
(260, 103, 4, 10, '2019-11-18 16:11:22', '2019-11-18 16:11:22'),
(261, 104, 1, 10, '2019-11-18 16:11:22', '2019-11-18 16:11:22'),
(262, 104, 2, 10, '2019-11-18 16:11:22', '2019-11-18 16:11:22'),
(263, 104, 3, 10, '2019-11-18 16:11:22', '2019-11-18 16:11:22'),
(264, 104, 4, 10, '2019-11-18 16:11:22', '2019-11-18 16:11:22'),
(265, 105, 1, 10, '2019-11-18 16:11:22', '2019-11-18 16:11:22'),
(266, 105, 2, 10, '2019-11-18 16:11:22', '2019-11-18 16:11:22'),
(267, 105, 3, 10, '2019-11-18 16:11:22', '2019-11-18 16:11:22'),
(268, 105, 4, 10, '2019-11-18 16:11:22', '2019-11-18 16:11:22'),
(269, 106, 1, 10, '2019-11-18 16:11:22', '2019-11-18 16:11:22'),
(270, 106, 2, 10, '2019-11-18 16:11:22', '2019-11-18 16:11:22'),
(271, 106, 3, 10, '2019-11-18 16:11:22', '2019-11-18 16:11:22'),
(272, 106, 4, 10, '2019-11-18 16:11:22', '2019-11-18 16:11:22'),
(273, 107, 1, 10, '2019-11-18 16:11:22', '2019-11-18 16:11:22'),
(274, 107, 2, 10, '2019-11-18 16:11:22', '2019-11-18 16:11:22'),
(275, 107, 3, 10, '2019-11-18 16:11:22', '2019-11-18 16:11:22'),
(276, 107, 4, 10, '2019-11-18 16:11:22', '2019-11-18 16:11:22'),
(277, 108, 1, 10, '2019-11-18 16:11:22', '2019-11-18 16:11:22'),
(278, 108, 2, 10, '2019-11-18 16:11:22', '2019-11-18 16:11:22'),
(279, 108, 3, 10, '2019-11-18 16:11:22', '2019-11-18 16:11:22'),
(280, 108, 4, 10, '2019-11-18 16:11:22', '2019-11-18 16:11:22'),
(281, 109, 1, 10, '2019-11-18 16:11:22', '2019-11-18 16:11:22'),
(282, 109, 2, 10, '2019-11-18 16:11:22', '2019-11-18 16:11:22'),
(283, 109, 3, 10, '2019-11-18 16:11:22', '2019-11-18 16:11:22'),
(284, 109, 4, 10, '2019-11-18 16:11:22', '2019-11-18 16:11:22'),
(285, 110, 1, 10, '2019-11-18 16:11:22', '2019-11-18 16:11:22'),
(286, 110, 2, 10, '2019-11-18 16:11:22', '2019-11-18 16:11:22'),
(287, 110, 3, 10, '2019-11-18 16:11:22', '2019-11-18 16:11:22'),
(288, 110, 4, 10, '2019-11-18 16:11:22', '2019-11-18 16:11:22'),
(289, 111, 1, 10, '2019-11-18 16:11:22', '2019-11-18 16:11:22'),
(290, 111, 2, 10, '2019-11-18 16:11:22', '2019-11-18 16:11:22'),
(291, 111, 3, 10, '2019-11-18 16:11:22', '2019-11-18 16:11:22'),
(292, 111, 4, 10, '2019-11-18 16:11:22', '2019-11-18 16:11:22'),
(293, 112, 1, 10, '2019-11-18 16:11:22', '2019-11-18 16:11:22'),
(294, 112, 2, 10, '2019-11-18 16:11:22', '2019-11-18 16:11:22'),
(295, 112, 3, 10, '2019-11-18 16:11:22', '2019-11-18 16:11:22'),
(296, 112, 4, 10, '2019-11-18 16:11:22', '2019-11-18 16:11:22'),
(297, 113, 1, 10, '2019-11-18 16:11:22', '2019-11-18 16:11:22'),
(298, 113, 2, 10, '2019-11-18 16:11:22', '2019-11-18 16:11:22'),
(299, 113, 3, 10, '2019-11-18 16:11:22', '2019-11-18 16:11:22'),
(300, 113, 4, 10, '2019-11-18 16:11:22', '2019-11-18 16:11:22'),
(301, 114, 1, 10, '2019-11-18 16:11:22', '2019-11-18 16:11:22'),
(302, 114, 2, 10, '2019-11-18 16:11:22', '2019-11-18 16:11:22'),
(303, 114, 3, 10, '2019-11-18 16:11:22', '2019-11-18 16:11:22'),
(304, 114, 4, 10, '2019-11-18 16:11:22', '2019-11-18 16:11:22'),
(305, 115, 1, 10, '2019-11-18 16:11:22', '2019-11-18 16:11:22'),
(306, 115, 2, 10, '2019-11-18 16:11:22', '2019-11-18 16:11:22'),
(307, 115, 3, 10, '2019-11-18 16:11:22', '2019-11-18 16:11:22'),
(308, 115, 4, 10, '2019-11-18 16:11:22', '2019-11-18 16:11:22'),
(309, 116, 1, 10, '2019-11-18 16:11:22', '2019-11-18 16:11:22'),
(310, 116, 2, 10, '2019-11-18 16:11:22', '2019-11-18 16:11:22'),
(311, 116, 3, 10, '2019-11-18 16:11:22', '2019-11-18 16:11:22'),
(312, 116, 4, 10, '2019-11-18 16:11:22', '2019-11-18 16:11:22'),
(313, 117, 1, 10, '2019-11-18 16:11:22', '2019-11-18 16:11:22'),
(314, 117, 2, 10, '2019-11-18 16:11:22', '2019-11-18 16:11:22'),
(315, 117, 3, 10, '2019-11-18 16:11:22', '2019-11-18 16:11:22'),
(316, 117, 4, 10, '2019-11-18 16:11:22', '2019-11-18 16:11:22'),
(317, 118, 1, 10, '2019-11-18 16:11:22', '2019-11-18 16:11:22'),
(318, 118, 2, 10, '2019-11-18 16:11:22', '2019-11-18 16:11:22'),
(319, 118, 3, 10, '2019-11-18 16:11:22', '2019-11-18 16:11:22'),
(320, 118, 4, 10, '2019-11-18 16:11:22', '2019-11-18 16:11:22'),
(321, 119, 1, 10, '2019-11-18 16:11:22', '2019-11-18 16:11:22'),
(322, 119, 2, 10, '2019-11-18 16:11:22', '2019-11-18 16:11:22'),
(323, 119, 3, 10, '2019-11-18 16:11:22', '2019-11-18 16:11:22'),
(324, 119, 4, 10, '2019-11-18 16:11:22', '2019-11-18 16:11:22'),
(329, 120, 1, 10, '2019-11-18 17:05:07', '2019-11-18 17:05:07'),
(330, 120, 2, 10, '2019-11-18 17:05:07', '2019-11-18 17:05:07'),
(331, 120, 3, 10, '2019-11-18 17:05:07', '2019-11-18 17:05:07'),
(332, 120, 4, 10, '2019-11-18 17:05:07', '2019-11-18 17:05:07'),
(333, 33, 10, 10, '2019-11-21 15:11:51', '2019-11-21 15:11:54'),
(334, 34, 10, 10, '2019-11-21 15:12:17', '2019-11-21 15:12:20'),
(335, 35, 10, 10, '2019-11-21 15:12:51', '2019-11-21 15:12:55'),
(336, 36, 10, 10, '2019-11-21 15:13:22', '2019-11-21 15:13:29'),
(337, 37, 10, 10, '2019-11-21 15:14:52', '2019-11-21 15:14:57'),
(338, 38, 10, 10, '2019-11-21 15:15:15', '2019-11-21 15:15:18'),
(339, 39, 10, 10, '2019-11-21 15:24:07', '2019-11-21 15:24:07'),
(340, 40, 10, 10, '2019-11-21 15:24:07', '2019-11-21 15:24:07'),
(341, 41, 10, 10, '2019-11-21 15:24:07', '2019-11-21 15:24:07'),
(342, 42, 10, 10, '2019-11-21 15:24:07', '2019-11-21 15:24:07'),
(343, 43, 10, 10, '2019-11-21 15:24:07', '2019-11-21 15:24:07'),
(344, 44, 10, 10, '2019-11-21 15:24:07', '2019-11-21 15:24:07'),
(345, 45, 10, 10, '2019-11-21 15:24:07', '2019-11-21 15:24:07'),
(346, 46, 10, 10, '2019-11-21 15:24:07', '2019-11-21 15:24:07'),
(347, 47, 10, 10, '2019-11-21 15:24:07', '2019-11-21 15:24:07'),
(348, 48, 10, 10, '2019-11-21 15:24:07', '2019-11-21 15:24:07'),
(349, 49, 10, 10, '2019-11-21 15:24:07', '2019-11-21 15:24:07'),
(350, 50, 10, 10, '2019-11-21 15:24:07', '2019-11-21 15:24:07'),
(351, 51, 10, 10, '2019-11-21 15:24:07', '2019-11-21 15:24:07'),
(352, 52, 10, 10, '2019-11-21 15:24:07', '2019-11-21 15:24:07'),
(353, 53, 10, 10, '2019-11-21 15:24:07', '2019-11-21 15:24:07'),
(354, 54, 10, 10, '2019-11-21 15:24:07', '2019-11-21 15:24:07'),
(355, 55, 10, 10, '2019-11-21 15:24:07', '2019-11-21 15:24:07'),
(356, 56, 10, 10, '2019-11-21 15:24:07', '2019-11-21 15:24:07'),
(357, 57, 10, 10, '2019-11-21 15:24:07', '2019-11-21 15:24:07'),
(358, 58, 10, 10, '2019-11-21 15:24:07', '2019-11-21 15:24:07'),
(359, 59, 10, 10, '2019-11-21 15:24:07', '2019-11-21 15:24:07'),
(360, 60, 10, 10, '2019-11-21 15:24:07', '2019-11-21 15:24:07'),
(361, 61, 10, 10, '2019-11-21 15:24:07', '2019-11-21 15:24:07'),
(362, 62, 10, 10, '2019-11-21 15:24:07', '2019-11-21 15:24:07'),
(363, 63, 10, 10, '2019-11-21 15:24:07', '2019-11-21 15:24:07'),
(364, 64, 10, 10, '2019-11-21 15:24:07', '2019-11-21 15:24:07'),
(365, 65, 10, 10, '2019-11-21 15:24:07', '2019-11-21 15:24:07'),
(366, 66, 10, 10, '2019-11-21 15:24:07', '2019-11-21 15:24:07'),
(367, 67, 10, 10, '2019-11-21 15:24:07', '2019-11-21 15:24:07'),
(368, 68, 10, 10, '2019-11-21 15:24:07', '2019-11-21 15:24:07'),
(369, 69, 10, 10, '2019-11-21 15:24:07', '2019-11-21 15:24:07'),
(370, 70, 10, 10, '2019-11-21 15:24:07', '2019-11-21 15:24:07'),
(371, 71, 10, 10, '2019-11-21 15:24:07', '2019-11-21 15:24:07'),
(372, 72, 10, 10, '2019-11-21 15:24:07', '2019-11-21 15:24:07'),
(373, 73, 10, 10, '2019-11-21 15:24:07', '2019-11-21 15:24:07'),
(374, 74, 10, 10, '2019-11-21 15:24:07', '2019-11-21 15:24:07'),
(375, 75, 10, 10, '2019-11-21 15:24:07', '2019-11-21 15:24:07');

-- --------------------------------------------------------

--
-- Table structure for table `sizes`
--

CREATE TABLE `sizes` (
  `id` bigint(20) NOT NULL,
  `name` varchar(10) NOT NULL,
  `created_at` datetime NOT NULL,
  `updated_at` datetime NOT NULL
) ENGINE=InnoDB DEFAULT CHARSET=utf8;

--
-- Dumping data for table `sizes`
--

INSERT INTO `sizes` (`id`, `name`, `created_at`, `updated_at`) VALUES
(1, 'M', '2019-11-18 15:43:46', '2019-11-18 15:43:46'),
(2, 'L', '2019-11-18 15:43:46', '2019-11-18 15:43:46'),
(3, 'XL', '2019-11-18 15:43:46', '2019-11-18 15:43:46'),
(4, 'XXL', '2019-11-18 15:43:46', '2019-11-18 15:43:46'),
(5, '39', '2019-11-18 15:43:46', '2019-11-18 15:43:46'),
(6, '40', '2019-11-18 15:43:46', '2019-11-18 15:43:46'),
(7, '41', '2019-11-18 15:43:46', '2019-11-18 15:43:46'),
(8, '42', '2019-11-18 15:43:46', '2019-11-18 15:43:46'),
(9, '43', '2019-11-18 15:43:46', '2019-11-18 15:43:46'),
(10, 'Only Size', '2019-11-21 15:09:35', '2019-11-21 15:09:38');

-- --------------------------------------------------------

--
-- Table structure for table `users`
--

CREATE TABLE `users` (
  `id` bigint(20) NOT NULL,
  `name` varchar(60) NOT NULL,
  `address` varchar(255) NOT NULL,
  `phone_number` varchar(20) NOT NULL,
  `email` varchar(100) NOT NULL,
  `password` varchar(255) NOT NULL,
  `role` int(11) NOT NULL,
  `created_at` datetime NOT NULL,
  `updated_at` datetime NOT NULL
) ENGINE=InnoDB DEFAULT CHARSET=utf8;

--
-- Dumping data for table `users`
--

INSERT INTO `users` (`id`, `name`, `address`, `phone_number`, `email`, `password`, `role`, `created_at`, `updated_at`) VALUES
(1, 'Admin', 'HN', '0987654321', 'admin@gmail.com', '$2y$10$1osan5eHLH12TJyJP5MEruOUXsY6PGp4hBdOdEv/LKkO4figw.mAu', 1, '2019-11-13 19:04:43', '2019-12-03 22:09:19'),
(17, 'Ngô Đức Nam', 'HN', '0356969828', 'nam@gmail.com', '$2y$10$j8xOweLcCGnSYU2rgPrJMOfZ7DycxrQg7IcAfGj5X2tWjjRSnvieO', 2, '2019-11-13 22:49:21', '2019-12-15 19:39:32'),
(18, 'nam', 'ádad', '0356969828', 'duc@gmail.com', '$2y$10$XO3GlOjjv19AOfG2yCiOmu7ckHZ6NFsAmHdWU2saDHPs9FWdI1E6u', 2, '2019-11-27 14:08:14', '2019-11-27 14:08:14');

--
-- Indexes for dumped tables
--

--
-- Indexes for table `brands`
--
ALTER TABLE `brands`
  ADD PRIMARY KEY (`id`);

--
-- Indexes for table `carts`
--
ALTER TABLE `carts`
  ADD PRIMARY KEY (`id`);

--
-- Indexes for table `categories`
--
ALTER TABLE `categories`
  ADD PRIMARY KEY (`id`);

--
-- Indexes for table `comments`
--
ALTER TABLE `comments`
  ADD PRIMARY KEY (`id`);

--
-- Indexes for table `orders`
--
ALTER TABLE `orders`
  ADD PRIMARY KEY (`id`);

--
-- Indexes for table `order_details`
--
ALTER TABLE `order_details`
  ADD PRIMARY KEY (`id`);

--
-- Indexes for table `partners`
--
ALTER TABLE `partners`
  ADD PRIMARY KEY (`id`),
  ADD KEY `email_unique` (`email`);

--
-- Indexes for table `products`
--
ALTER TABLE `products`
  ADD PRIMARY KEY (`id`);

--
-- Indexes for table `product_size`
--
ALTER TABLE `product_size`
  ADD PRIMARY KEY (`id`);

--
-- Indexes for table `sizes`
--
ALTER TABLE `sizes`
  ADD PRIMARY KEY (`id`);

--
-- Indexes for table `users`
--
ALTER TABLE `users`
  ADD PRIMARY KEY (`id`),
  ADD UNIQUE KEY `email_unique` (`email`);

--
-- AUTO_INCREMENT for dumped tables
--

--
-- AUTO_INCREMENT for table `brands`
--
ALTER TABLE `brands`
  MODIFY `id` bigint(20) NOT NULL AUTO_INCREMENT, AUTO_INCREMENT=2;

--
-- AUTO_INCREMENT for table `carts`
--
ALTER TABLE `carts`
  MODIFY `id` bigint(20) NOT NULL AUTO_INCREMENT, AUTO_INCREMENT=72;

--
-- AUTO_INCREMENT for table `categories`
--
ALTER TABLE `categories`
  MODIFY `id` bigint(20) NOT NULL AUTO_INCREMENT, AUTO_INCREMENT=9;

--
-- AUTO_INCREMENT for table `comments`
--
ALTER TABLE `comments`
  MODIFY `id` bigint(20) NOT NULL AUTO_INCREMENT, AUTO_INCREMENT=23;

--
-- AUTO_INCREMENT for table `orders`
--
ALTER TABLE `orders`
  MODIFY `id` bigint(20) NOT NULL AUTO_INCREMENT, AUTO_INCREMENT=20;

--
-- AUTO_INCREMENT for table `order_details`
--
ALTER TABLE `order_details`
  MODIFY `id` bigint(20) NOT NULL AUTO_INCREMENT, AUTO_INCREMENT=2211;

--
-- AUTO_INCREMENT for table `partners`
--
ALTER TABLE `partners`
  MODIFY `id` bigint(20) NOT NULL AUTO_INCREMENT, AUTO_INCREMENT=5;

--
-- AUTO_INCREMENT for table `products`
--
ALTER TABLE `products`
  MODIFY `id` bigint(20) NOT NULL AUTO_INCREMENT, AUTO_INCREMENT=121;

--
-- AUTO_INCREMENT for table `product_size`
--
ALTER TABLE `product_size`
  MODIFY `id` bigint(20) NOT NULL AUTO_INCREMENT, AUTO_INCREMENT=376;

--
-- AUTO_INCREMENT for table `sizes`
--
ALTER TABLE `sizes`
  MODIFY `id` bigint(20) NOT NULL AUTO_INCREMENT, AUTO_INCREMENT=11;

--
-- AUTO_INCREMENT for table `users`
--
ALTER TABLE `users`
  MODIFY `id` bigint(20) NOT NULL AUTO_INCREMENT, AUTO_INCREMENT=19;
COMMIT;

/*!40101 SET CHARACTER_SET_CLIENT=@OLD_CHARACTER_SET_CLIENT */;
/*!40101 SET CHARACTER_SET_RESULTS=@OLD_CHARACTER_SET_RESULTS */;
/*!40101 SET COLLATION_CONNECTION=@OLD_COLLATION_CONNECTION */;
